

CREATE TABLE `address_1` (
  `COL 1` int DEFAULT NULL,
  `COL 2` varchar(5) DEFAULT NULL,
  `COL 3` varchar(12) DEFAULT NULL,
  `COL 4` varchar(16) DEFAULT NULL,
  `COL 5` varchar(43) DEFAULT NULL,
  `COL 6` varchar(5) DEFAULT NULL
);

INSERT INTO `address_1` (`COL 1`, `COL 2`, `COL 3`, `COL 4`, `COL 5`, `COL 6`) VALUES
(1, 'Nepal', 'Province 1', 'BHOJPUR', 'Temkemaiyung Rural Municipality', 'Nepal'),
(2, 'Nepal', 'Province 1', 'BHOJPUR', 'Shadananda Municipality', 'Nepal'),
(3, 'Nepal', 'Province 1', 'BHOJPUR', 'Salpasilichho Rural Municipality', 'Nepal'),
(4, 'Nepal', 'Province 1', 'BHOJPUR', 'Ramprasad Rai Rural Municipality', 'Nepal'),
(5, 'Nepal', 'Province 1', 'BHOJPUR', 'Pauwadungma Rural Municipality', 'Nepal'),
(6, 'Nepal', 'Province 1', 'BHOJPUR', 'Hatuwagadhi Rural Municipality', 'Nepal'),
(7, 'Nepal', 'Province 1', 'BHOJPUR', 'Bhojpur Municipality', 'Nepal'),
(8, 'Nepal', 'Province 1', 'BHOJPUR', 'Arun Rural Municipality', 'Nepal'),
(9, 'Nepal', 'Province 1', 'BHOJPUR', 'Aamchowk Rural Municipality', 'Nepal'),
(10, 'Nepal', 'Province 1', 'DHANKUTA', 'Shahidbhumi Rural Municipality', 'Nepal'),
(11, 'Nepal', 'Province 1', 'DHANKUTA', 'Sangurigadhi Rural Municipality', 'Nepal'),
(12, 'Nepal', 'Province 1', 'DHANKUTA', 'Pakhribas Municipality', 'Nepal'),
(13, 'Nepal', 'Province 1', 'DHANKUTA', 'Mahalaxmi Municipality', 'Nepal'),
(14, 'Nepal', 'Province 1', 'DHANKUTA', 'Dhankuta Municipality', 'Nepal'),
(15, 'Nepal', 'Province 1', 'DHANKUTA', 'Chhathar Jorpati Rural Municipality', 'Nepal'),
(16, 'Nepal', 'Province 1', 'DHANKUTA', 'Chaubise Rural Municipality', 'Nepal'),
(17, 'Nepal', 'Province 1', 'ILAM', 'Suryodaya Municipality', 'Nepal'),
(18, 'Nepal', 'Province 1', 'ILAM', 'Sandakpur Rural Municipality', 'Nepal'),
(19, 'Nepal', 'Province 1', 'ILAM', 'Rong Rural Municipality', 'Nepal'),
(20, 'Nepal', 'Province 1', 'ILAM', 'Mangsebung Rural Municipality', 'Nepal'),
(21, 'Nepal', 'Province 1', 'ILAM', 'Maijogmai Rural Municipality', 'Nepal'),
(22, 'Nepal', 'Province 1', 'ILAM', 'Mai Municipality', 'Nepal'),
(23, 'Nepal', 'Province 1', 'ILAM', 'Illam Municipality', 'Nepal'),
(24, 'Nepal', 'Province 1', 'ILAM', 'Fakphokthum Rural Municipality', 'Nepal'),
(25, 'Nepal', 'Province 1', 'ILAM', 'Deumai Municipality', 'Nepal'),
(26, 'Nepal', 'Province 1', 'ILAM', 'Chulachuli Rural Municipality', 'Nepal'),
(27, 'Nepal', 'Province 1', 'JHAPA', 'Shivasataxi Municipality', 'Nepal'),
(28, 'Nepal', 'Province 1', 'JHAPA', 'Mechinagar Municipality', 'Nepal'),
(29, 'Nepal', 'Province 1', 'JHAPA', 'Kankai Municipality', 'Nepal'),
(30, 'Nepal', 'Province 1', 'JHAPA', 'Kamal Rural Municipality', 'Nepal'),
(31, 'Nepal', 'Province 1', 'JHAPA', 'Kachankawal Rural Municipality', 'Nepal'),
(32, 'Nepal', 'Province 1', 'JHAPA', 'Jhapa Rural Municipality', 'Nepal'),
(33, 'Nepal', 'Province 1', 'JHAPA', 'Haldibari Rural Municipality', 'Nepal'),
(34, 'Nepal', 'Province 1', 'JHAPA', 'Gauriganj Rural Municipality', 'Nepal'),
(35, 'Nepal', 'Province 1', 'JHAPA', 'Gauradhaha Municipality', 'Nepal'),
(36, 'Nepal', 'Province 1', 'JHAPA', 'Damak Municipality', 'Nepal'),
(37, 'Nepal', 'Province 1', 'JHAPA', 'Buddhashanti Rural Municipality', 'Nepal'),
(38, 'Nepal', 'Province 1', 'JHAPA', 'Birtamod Municipality', 'Nepal'),
(39, 'Nepal', 'Province 1', 'JHAPA', 'Bhadrapur Municipality', 'Nepal'),
(40, 'Nepal', 'Province 1', 'JHAPA', 'Barhadashi Rural Municipality', 'Nepal'),
(41, 'Nepal', 'Province 1', 'JHAPA', 'Arjundhara Municipality', 'Nepal'),
(42, 'Nepal', 'Province 1', 'KHOTANG', 'Sakela Rural Municipality', 'Nepal'),
(43, 'Nepal', 'Province 1', 'KHOTANG', 'Rawa Besi Rural Municipality', 'Nepal'),
(44, 'Nepal', 'Province 1', 'KHOTANG', 'Khotehang Rural Municipality', 'Nepal'),
(45, 'Nepal', 'Province 1', 'KHOTANG', 'Kepilasagadhi Rural Municipality', 'Nepal'),
(46, 'Nepal', 'Province 1', 'KHOTANG', 'Jantedhunga Rural Municipality', 'Nepal'),
(47, 'Nepal', 'Province 1', 'KHOTANG', 'Halesi Tuwachung Municipality', 'Nepal'),
(48, 'Nepal', 'Province 1', 'KHOTANG', 'Diprung Chuichumma Rural Municipality', 'Nepal'),
(49, 'Nepal', 'Province 1', 'KHOTANG', 'Diktel Rupakot Majhuwagadhi Municipality', 'Nepal'),
(50, 'Nepal', 'Province 1', 'KHOTANG', 'Barahapokhari Rural Municipality', 'Nepal'),
(51, 'Nepal', 'Province 1', 'KHOTANG', 'Ainselukhark Rural Municipality', 'Nepal'),
(52, 'Nepal', 'Province 1', 'MORANG', 'Uralabari Municipality', 'Nepal'),
(53, 'Nepal', 'Province 1', 'MORANG', 'Sunwarshi Municipality', 'Nepal'),
(54, 'Nepal', 'Province 1', 'MORANG', 'Sundarharaicha Municipality', 'Nepal'),
(55, 'Nepal', 'Province 1', 'MORANG', 'Ratuwamai Municipality', 'Nepal'),
(56, 'Nepal', 'Province 1', 'MORANG', 'Rangeli Municipality', 'Nepal'),
(57, 'Nepal', 'Province 1', 'MORANG', 'Patahrishanishchare Municipality', 'Nepal'),
(58, 'Nepal', 'Province 1', 'MORANG', 'Miklajung Rural Municipality', 'Nepal'),
(59, 'Nepal', 'Province 1', 'MORANG', 'Letang Municipality', 'Nepal'),
(60, 'Nepal', 'Province 1', 'MORANG', 'Kerabari Rural Municipality', 'Nepal'),
(61, 'Nepal', 'Province 1', 'MORANG', 'Katahari Rural Municipality', 'Nepal'),
(62, 'Nepal', 'Province 1', 'MORANG', 'Kanepokhari Rural Municipality', 'Nepal'),
(63, 'Nepal', 'Province 1', 'MORANG', 'Jahada Rural Municipality', 'Nepal'),
(64, 'Nepal', 'Province 1', 'MORANG', 'Gramthan Rural Municipality', 'Nepal'),
(65, 'Nepal', 'Province 1', 'MORANG', 'Dhanpalthan Rural Municipality', 'Nepal'),
(66, 'Nepal', 'Province 1', 'MORANG', 'Budhiganga Rural Municipality', 'Nepal'),
(67, 'Nepal', 'Province 1', 'MORANG', 'Biratnagar Metropolitian City', 'Nepal'),
(68, 'Nepal', 'Province 1', 'MORANG', 'Belbari Municipality', 'Nepal'),
(69, 'Nepal', 'Province 1', 'OKHALDHUNGA', 'Sunkoshi Rural Municipality', 'Nepal'),
(70, 'Nepal', 'Province 1', 'OKHALDHUNGA', 'Siddhicharan Municipality', 'Nepal'),
(71, 'Nepal', 'Province 1', 'OKHALDHUNGA', 'Molung Rural Municipality', 'Nepal'),
(72, 'Nepal', 'Province 1', 'OKHALDHUNGA', 'Manebhanjyang Rural Municipality', 'Nepal'),
(73, 'Nepal', 'Province 1', 'OKHALDHUNGA', 'Likhu Rural Municipality', 'Nepal'),
(74, 'Nepal', 'Province 1', 'OKHALDHUNGA', 'Khijidemba Rural Municipality', 'Nepal'),
(75, 'Nepal', 'Province 1', 'OKHALDHUNGA', 'Chisankhugadhi Rural Municipality', 'Nepal'),
(76, 'Nepal', 'Province 1', 'OKHALDHUNGA', 'Champadevi Rural Municipality', 'Nepal'),
(77, 'Nepal', 'Province 1', 'PANCHTHAR', 'Yangwarak Rural Municipality', 'Nepal'),
(78, 'Nepal', 'Province 1', 'PANCHTHAR', 'Tumbewa Rural Municipality', 'Nepal'),
(79, 'Nepal', 'Province 1', 'PANCHTHAR', 'Phidim Municipality', 'Nepal'),
(80, 'Nepal', 'Province 1', 'PANCHTHAR', 'Miklajung Rural Municipality', 'Nepal'),
(81, 'Nepal', 'Province 1', 'PANCHTHAR', 'Kummayak Rural Municipality', 'Nepal'),
(82, 'Nepal', 'Province 1', 'PANCHTHAR', 'Hilihang Rural Municipality', 'Nepal'),
(83, 'Nepal', 'Province 1', 'PANCHTHAR', 'Falgunanda Rural Municipality', 'Nepal'),
(84, 'Nepal', 'Province 1', 'PANCHTHAR', 'Falelung Rural Municipality', 'Nepal'),
(85, 'Nepal', 'Province 1', 'SANKHUWASABHA', 'Silichong Rural Municipality', 'Nepal'),
(86, 'Nepal', 'Province 1', 'SANKHUWASABHA', 'Sabhapokhari Rural Municipality', 'Nepal'),
(87, 'Nepal', 'Province 1', 'SANKHUWASABHA', 'Panchakhapan Municipality', 'Nepal'),
(88, 'Nepal', 'Province 1', 'SANKHUWASABHA', 'Makalu Rural Municipality', 'Nepal'),
(89, 'Nepal', 'Province 1', 'SANKHUWASABHA', 'Madi Municipality', 'Nepal'),
(90, 'Nepal', 'Province 1', 'SANKHUWASABHA', 'Khandbari Municipality', 'Nepal'),
(91, 'Nepal', 'Province 1', 'SANKHUWASABHA', 'Dharmadevi Municipality', 'Nepal'),
(92, 'Nepal', 'Province 1', 'SANKHUWASABHA', 'Chichila Rural Municipality', 'Nepal'),
(93, 'Nepal', 'Province 1', 'SANKHUWASABHA', 'Chainpur Municipality', 'Nepal'),
(94, 'Nepal', 'Province 1', 'SANKHUWASABHA', 'Bhotkhola Rural Municipality', 'Nepal'),
(95, 'Nepal', 'Province 1', 'SOLUKHUMBU', 'Thulung Dudhkoshi Rural Municipality', 'Nepal'),
(96, 'Nepal', 'Province 1', 'SOLUKHUMBU', 'Sotang Rural Municipality', 'Nepal'),
(97, 'Nepal', 'Province 1', 'SOLUKHUMBU', 'Solududhakunda Municipality', 'Nepal'),
(98, 'Nepal', 'Province 1', 'SOLUKHUMBU', 'Nechasalyan Rural Municipality', 'Nepal'),
(99, 'Nepal', 'Province 1', 'SOLUKHUMBU', 'Mahakulung Rural Municipality', 'Nepal'),
(100, 'Nepal', 'Province 1', 'SOLUKHUMBU', 'Maapya Dudhkoshi Rural Municipality', 'Nepal'),
(101, 'Nepal', 'Province 1', 'SOLUKHUMBU', 'Likhupike Rural Municipality', 'Nepal'),
(102, 'Nepal', 'Province 1', 'SOLUKHUMBU', 'Khumbupasanglahmu Rural Municipality', 'Nepal'),
(103, 'Nepal', 'Province 1', 'SUNSARI', 'Ramdhuni Municipality', 'Nepal'),
(104, 'Nepal', 'Province 1', 'SUNSARI', 'Koshi Rural Municipality', 'Nepal'),
(105, 'Nepal', 'Province 1', 'SUNSARI', 'Itahari Sub-Metropolitian City', 'Nepal'),
(106, 'Nepal', 'Province 1', 'SUNSARI', 'Inaruwa Municipality', 'Nepal'),
(107, 'Nepal', 'Province 1', 'SUNSARI', 'Harinagar Rural Municipality', 'Nepal'),
(108, 'Nepal', 'Province 1', 'SUNSARI', 'Gadhi Rural Municipality', 'Nepal'),
(109, 'Nepal', 'Province 1', 'SUNSARI', 'Duhabi Municipality', 'Nepal'),
(110, 'Nepal', 'Province 1', 'SUNSARI', 'Dharan Sub-Metropolitian City', 'Nepal'),
(111, 'Nepal', 'Province 1', 'SUNSARI', 'Dewanganj Rural Municipality', 'Nepal'),
(112, 'Nepal', 'Province 1', 'SUNSARI', 'Bhokraha Narsing Rural Municipality', 'Nepal'),
(113, 'Nepal', 'Province 1', 'SUNSARI', 'Barju Rural Municipality', 'Nepal'),
(114, 'Nepal', 'Province 1', 'SUNSARI', 'Barahchhetra Municipality', 'Nepal'),
(115, 'Nepal', 'Province 1', 'TAPLEJUNG', 'Sirijangha Rural Municipality', 'Nepal'),
(116, 'Nepal', 'Province 1', 'TAPLEJUNG', 'Sidingba Rural Municipality', 'Nepal'),
(117, 'Nepal', 'Province 1', 'TAPLEJUNG', 'Phungling Municipality', 'Nepal'),
(118, 'Nepal', 'Province 1', 'TAPLEJUNG', 'Phaktanglung Rural Municipality', 'Nepal'),
(119, 'Nepal', 'Province 1', 'TAPLEJUNG', 'Pathivara Yangwarak Rural Municipality', 'Nepal'),
(120, 'Nepal', 'Province 1', 'TAPLEJUNG', 'Mikwakhola Rural Municipality', 'Nepal'),
(121, 'Nepal', 'Province 1', 'TAPLEJUNG', 'Meringden Rural Municipality', 'Nepal'),
(122, 'Nepal', 'Province 1', 'TAPLEJUNG', 'Maiwakhola Rural Municipality', 'Nepal'),
(123, 'Nepal', 'Province 1', 'TAPLEJUNG', 'Aathrai Tribeni Rural Municipality', 'Nepal'),
(124, 'Nepal', 'Province 1', 'TERHATHUM', 'Phedap Rural Municipality', 'Nepal'),
(125, 'Nepal', 'Province 1', 'TERHATHUM', 'Myanglung Municipality', 'Nepal'),
(126, 'Nepal', 'Province 1', 'TERHATHUM', 'Menchayam Rural Municipality', 'Nepal'),
(127, 'Nepal', 'Province 1', 'TERHATHUM', 'Laligurans Municipality', 'Nepal'),
(128, 'Nepal', 'Province 1', 'TERHATHUM', 'Chhathar Rural Municipality', 'Nepal'),
(129, 'Nepal', 'Province 1', 'TERHATHUM', 'Aathrai Rural Municipality', 'Nepal'),
(130, 'Nepal', 'Province 1', 'UDAYAPUR', 'Udayapurgadhi Rural Municipality', 'Nepal'),
(131, 'Nepal', 'Province 1', 'UDAYAPUR', 'Triyuga Municipality', 'Nepal'),
(132, 'Nepal', 'Province 1', 'UDAYAPUR', 'Tapli Rural Municipality', 'Nepal'),
(133, 'Nepal', 'Province 1', 'UDAYAPUR', 'Rautamai Rural Municipality', 'Nepal'),
(134, 'Nepal', 'Province 1', 'UDAYAPUR', 'Limchungbung Rural Municipality', 'Nepal'),
(135, 'Nepal', 'Province 1', 'UDAYAPUR', 'Katari Municipality', 'Nepal'),
(136, 'Nepal', 'Province 1', 'UDAYAPUR', 'Chaudandigadhi Municipality', 'Nepal'),
(137, 'Nepal', 'Province 1', 'UDAYAPUR', 'Belaka Municipality', 'Nepal'),
(138, 'Nepal', 'Madhesh', 'BARA', 'Suwarna Rural Municipality', 'Nepal'),
(139, 'Nepal', 'Madhesh', 'BARA', 'Simraungadh Municipality', 'Nepal'),
(140, 'Nepal', 'Madhesh', 'BARA', 'Prasauni Rural Municipality', 'Nepal'),
(141, 'Nepal', 'Madhesh', 'BARA', 'Pheta Rural Municipality', 'Nepal'),
(142, 'Nepal', 'Madhesh', 'BARA', 'Parwanipur Rural Municipality', 'Nepal'),
(143, 'Nepal', 'Madhesh', 'BARA', 'Pacharauta Municipality', 'Nepal'),
(144, 'Nepal', 'Madhesh', 'BARA', 'Nijgadh Municipality', 'Nepal'),
(145, 'Nepal', 'Madhesh', 'BARA', 'Mahagadhimai Municipality', 'Nepal'),
(146, 'Nepal', 'Madhesh', 'BARA', 'Kolhabi Municipality', 'Nepal'),
(147, 'Nepal', 'Madhesh', 'BARA', 'Karaiyamai Rural Municipality', 'Nepal'),
(148, 'Nepal', 'Madhesh', 'BARA', 'Kalaiya Sub-Metropolitian City', 'Nepal'),
(149, 'Nepal', 'Madhesh', 'BARA', 'Jitpur Simara Sub-Metropolitian City', 'Nepal'),
(150, 'Nepal', 'Madhesh', 'BARA', 'Devtal Rural Municipality', 'Nepal'),
(151, 'Nepal', 'Madhesh', 'BARA', 'Bishrampur Rural Municipality', 'Nepal'),
(152, 'Nepal', 'Madhesh', 'BARA', 'Baragadhi Rural Municipality', 'Nepal'),
(153, 'Nepal', 'Madhesh', 'BARA', 'Adarshkotwal Rural Municipality', 'Nepal'),
(154, 'Nepal', 'Madhesh', 'DHANUSA', 'Sahidnagar Municipality', 'Nepal'),
(155, 'Nepal', 'Madhesh', 'DHANUSA', 'Sabaila Municipality', 'Nepal'),
(156, 'Nepal', 'Madhesh', 'DHANUSA', 'Nagarain Municipality', 'Nepal'),
(157, 'Nepal', 'Madhesh', 'DHANUSA', 'Mukhiyapatti Musarmiya Rural Municipality', 'Nepal'),
(158, 'Nepal', 'Madhesh', 'DHANUSA', 'Mithila Municipality', 'Nepal'),
(159, 'Nepal', 'Madhesh', 'DHANUSA', 'Mithila Bihari Municipality', 'Nepal'),
(160, 'Nepal', 'Madhesh', 'DHANUSA', 'Lakshminiya Rural Municipality', 'Nepal'),
(161, 'Nepal', 'Madhesh', 'DHANUSA', 'Kamala Municipality', 'Nepal'),
(162, 'Nepal', 'Madhesh', 'DHANUSA', 'Janakpurdham Sub-Metropolitian City', 'Nepal'),
(163, 'Nepal', 'Madhesh', 'DHANUSA', 'Janaknandani Rural Municipality', 'Nepal'),
(164, 'Nepal', 'Madhesh', 'DHANUSA', 'Hansapur Municipality', 'Nepal'),
(165, 'Nepal', 'Madhesh', 'DHANUSA', 'Ganeshman Charnath Municipality', 'Nepal'),
(166, 'Nepal', 'Madhesh', 'DHANUSA', 'Dhanusadham Municipality', 'Nepal'),
(167, 'Nepal', 'Madhesh', 'DHANUSA', 'Dhanauji Rural Municipality', 'Nepal'),
(168, 'Nepal', 'Madhesh', 'DHANUSA', 'Chhireshwornath Municipality', 'Nepal'),
(169, 'Nepal', 'Madhesh', 'DHANUSA', 'Bideha Municipality', 'Nepal'),
(170, 'Nepal', 'Madhesh', 'DHANUSA', 'Bateshwor Rural Municipality', 'Nepal'),
(171, 'Nepal', 'Madhesh', 'DHANUSA', 'Aaurahi Rural Municipality', 'Nepal'),
(172, 'Nepal', 'Madhesh', 'MAHOTTARI', 'Sonama Rural Municipality', 'Nepal'),
(173, 'Nepal', 'Madhesh', 'MAHOTTARI', 'Samsi Rural Municipality', 'Nepal'),
(174, 'Nepal', 'Madhesh', 'MAHOTTARI', 'Ramgopalpur Municipality', 'Nepal'),
(175, 'Nepal', 'Madhesh', 'MAHOTTARI', 'Pipra Rural Municipality', 'Nepal'),
(176, 'Nepal', 'Madhesh', 'MAHOTTARI', 'Matihani Municipality', 'Nepal'),
(177, 'Nepal', 'Madhesh', 'MAHOTTARI', 'Manra Siswa Municipality', 'Nepal'),
(178, 'Nepal', 'Madhesh', 'MAHOTTARI', 'Mahottari Rural Municipality', 'Nepal'),
(179, 'Nepal', 'Madhesh', 'MAHOTTARI', 'Loharpatti Municipality', 'Nepal'),
(180, 'Nepal', 'Madhesh', 'MAHOTTARI', 'Jaleswor Municipality', 'Nepal'),
(181, 'Nepal', 'Madhesh', 'MAHOTTARI', 'Gaushala Municipality', 'Nepal'),
(182, 'Nepal', 'Madhesh', 'MAHOTTARI', 'Ekdanra Rural Municipality', 'Nepal'),
(183, 'Nepal', 'Madhesh', 'MAHOTTARI', 'Bhangaha Municipality', 'Nepal'),
(184, 'Nepal', 'Madhesh', 'MAHOTTARI', 'Bardibas Municipality', 'Nepal'),
(185, 'Nepal', 'Madhesh', 'MAHOTTARI', 'Balwa Municipality', 'Nepal'),
(186, 'Nepal', 'Madhesh', 'MAHOTTARI', 'Aurahi Municipality', 'Nepal'),
(187, 'Nepal', 'Madhesh', 'PARSA', 'Thori Rural Municipality', 'Nepal'),
(188, 'Nepal', 'Madhesh', 'PARSA', 'SakhuwaPrasauni Rural Municipality', 'Nepal'),
(189, 'Nepal', 'Madhesh', 'PARSA', 'Pokhariya Municipality', 'Nepal'),
(190, 'Nepal', 'Madhesh', 'PARSA', 'Paterwasugauli Rural Municipality', 'Nepal'),
(191, 'Nepal', 'Madhesh', 'PARSA', 'Parsagadhi Municipality', 'Nepal'),
(192, 'Nepal', 'Madhesh', 'PARSA', 'Pakahamainpur Rural Municipality', 'Nepal'),
(193, 'Nepal', 'Madhesh', 'PARSA', 'Kalikamai Rural Municipality', 'Nepal'),
(194, 'Nepal', 'Madhesh', 'PARSA', 'Jirabhawani Rural Municipality', 'Nepal'),
(195, 'Nepal', 'Madhesh', 'PARSA', 'Jagarnathpur Rural Municipality', 'Nepal'),
(196, 'Nepal', 'Madhesh', 'PARSA', 'Dhobini Rural Municipality', 'Nepal'),
(197, 'Nepal', 'Madhesh', 'PARSA', 'Chhipaharmai Rural Municipality', 'Nepal'),
(198, 'Nepal', 'Madhesh', 'PARSA', 'Birgunj Metropolitian City', 'Nepal'),
(199, 'Nepal', 'Madhesh', 'PARSA', 'Bindabasini Rural Municipality', 'Nepal'),
(200, 'Nepal', 'Madhesh', 'PARSA', 'Bahudaramai Municipality', 'Nepal'),
(201, 'Nepal', 'Madhesh', 'RAUTAHAT', 'Yemunamai Rural Municipality', 'Nepal'),
(202, 'Nepal', 'Madhesh', 'RAUTAHAT', 'Rajpur Municipality', 'Nepal'),
(203, 'Nepal', 'Madhesh', 'RAUTAHAT', 'Rajdevi Municipality', 'Nepal'),
(204, 'Nepal', 'Madhesh', 'RAUTAHAT', 'Phatuwa Bijayapur Municipality', 'Nepal'),
(205, 'Nepal', 'Madhesh', 'RAUTAHAT', 'Paroha Municipality', 'Nepal'),
(206, 'Nepal', 'Madhesh', 'RAUTAHAT', 'Maulapur Municipality', 'Nepal'),
(207, 'Nepal', 'Madhesh', 'RAUTAHAT', 'Madhav Narayan Municipality', 'Nepal'),
(208, 'Nepal', 'Madhesh', 'RAUTAHAT', 'Katahariya Municipality', 'Nepal'),
(209, 'Nepal', 'Madhesh', 'RAUTAHAT', 'Ishanath Municipality', 'Nepal'),
(210, 'Nepal', 'Madhesh', 'RAUTAHAT', 'Gujara Municipality', 'Nepal'),
(211, 'Nepal', 'Madhesh', 'RAUTAHAT', 'Gaur Municipality', 'Nepal'),
(212, 'Nepal', 'Madhesh', 'RAUTAHAT', 'Garuda Municipality', 'Nepal'),
(213, 'Nepal', 'Madhesh', 'RAUTAHAT', 'Gadhimai Municipality', 'Nepal'),
(214, 'Nepal', 'Madhesh', 'RAUTAHAT', 'Durga Bhagwati Rural Municipality', 'Nepal'),
(215, 'Nepal', 'Madhesh', 'RAUTAHAT', 'Dewahhi Gonahi Municipality', 'Nepal'),
(216, 'Nepal', 'Madhesh', 'RAUTAHAT', 'Chandrapur Municipality', 'Nepal'),
(217, 'Nepal', 'Madhesh', 'RAUTAHAT', 'Brindaban Municipality', 'Nepal'),
(218, 'Nepal', 'Madhesh', 'RAUTAHAT', 'Baudhimai Municipality', 'Nepal'),
(219, 'Nepal', 'Madhesh', 'SAPTARI', 'Tirahut Rural Municipality', 'Nepal'),
(220, 'Nepal', 'Madhesh', 'SAPTARI', 'Tilathi Koiladi Rural Municipality', 'Nepal'),
(221, 'Nepal', 'Madhesh', 'SAPTARI', 'Surunga Municipality', 'Nepal'),
(222, 'Nepal', 'Madhesh', 'SAPTARI', 'Shambhunath Municipality', 'Nepal'),
(223, 'Nepal', 'Madhesh', 'SAPTARI', 'Saptakoshi Rural Municipality', 'Nepal'),
(224, 'Nepal', 'Madhesh', 'SAPTARI', 'Rupani Rural Municipality', 'Nepal'),
(225, 'Nepal', 'Madhesh', 'SAPTARI', 'Rajgadh Rural Municipality', 'Nepal'),
(226, 'Nepal', 'Madhesh', 'SAPTARI', 'Rajbiraj Municipality', 'Nepal'),
(227, 'Nepal', 'Madhesh', 'SAPTARI', 'Mahadeva Rural Municipality', 'Nepal'),
(228, 'Nepal', 'Madhesh', 'SAPTARI', 'Khadak Municipality', 'Nepal'),
(229, 'Nepal', 'Madhesh', 'SAPTARI', 'Kanchanrup Municipality', 'Nepal'),
(230, 'Nepal', 'Madhesh', 'SAPTARI', 'Hanumannagar Kankalini Municipality', 'Nepal'),
(231, 'Nepal', 'Madhesh', 'SAPTARI', 'Dakneshwori Municipality', 'Nepal'),
(232, 'Nepal', 'Madhesh', 'SAPTARI', 'Chhinnamasta Rural Municipality', 'Nepal'),
(233, 'Nepal', 'Madhesh', 'SAPTARI', 'Bode Barsain Municipality', 'Nepal'),
(234, 'Nepal', 'Madhesh', 'SAPTARI', 'Bishnupur Rural Municipality', 'Nepal'),
(235, 'Nepal', 'Madhesh', 'SAPTARI', 'Balan Bihul Rural Municipality', 'Nepal'),
(236, 'Nepal', 'Madhesh', 'SAPTARI', 'Agnisair Krishna Savaran Rural Municipality', 'Nepal'),
(237, 'Nepal', 'Madhesh', 'SARLAHI', 'Ramnagar Rural Municipality', 'Nepal'),
(238, 'Nepal', 'Madhesh', 'SARLAHI', 'Parsa Rural Municipality', 'Nepal'),
(239, 'Nepal', 'Madhesh', 'SARLAHI', 'Malangawa Municipality', 'Nepal'),
(240, 'Nepal', 'Madhesh', 'SARLAHI', 'Lalbandi Municipality', 'Nepal'),
(241, 'Nepal', 'Madhesh', 'SARLAHI', 'Kaudena Rural Municipality', 'Nepal'),
(242, 'Nepal', 'Madhesh', 'SARLAHI', 'Kabilasi Municipality', 'Nepal'),
(243, 'Nepal', 'Madhesh', 'SARLAHI', 'Ishworpur Municipality', 'Nepal'),
(244, 'Nepal', 'Madhesh', 'SARLAHI', 'Hariwan Municipality', 'Nepal'),
(245, 'Nepal', 'Madhesh', 'SARLAHI', 'Haripurwa Municipality', 'Nepal'),
(246, 'Nepal', 'Madhesh', 'SARLAHI', 'Haripur Municipality', 'Nepal'),
(247, 'Nepal', 'Madhesh', 'SARLAHI', 'Godaita Municipality', 'Nepal'),
(248, 'Nepal', 'Madhesh', 'SARLAHI', 'Dhankaul Rural Municipality', 'Nepal'),
(249, 'Nepal', 'Madhesh', 'SARLAHI', 'Chandranagar Rural Municipality', 'Nepal'),
(250, 'Nepal', 'Madhesh', 'SARLAHI', 'Chakraghatta Rural Municipality', 'Nepal'),
(251, 'Nepal', 'Madhesh', 'SARLAHI', 'Bramhapuri Rural Municipality', 'Nepal'),
(252, 'Nepal', 'Madhesh', 'SARLAHI', 'Bishnu Rural Municipality', 'Nepal'),
(253, 'Nepal', 'Madhesh', 'SARLAHI', 'Basbariya Rural Municipality', 'Nepal'),
(254, 'Nepal', 'Madhesh', 'SARLAHI', 'Barahathawa Municipality', 'Nepal'),
(255, 'Nepal', 'Madhesh', 'SARLAHI', 'Balara Municipality', 'Nepal'),
(256, 'Nepal', 'Madhesh', 'SARLAHI', 'Bagmati Municipality', 'Nepal'),
(257, 'Nepal', 'Madhesh', 'SIRAHA', 'Sukhipur Municipality', 'Nepal'),
(258, 'Nepal', 'Madhesh', 'SIRAHA', 'Siraha Municipality', 'Nepal'),
(259, 'Nepal', 'Madhesh', 'SIRAHA', 'Sakhuwanankarkatti Rural Municipality', 'Nepal'),
(260, 'Nepal', 'Madhesh', 'SIRAHA', 'Nawarajpur Rural Municipality', 'Nepal'),
(261, 'Nepal', 'Madhesh', 'SIRAHA', 'Naraha Rural Municipality', 'Nepal'),
(262, 'Nepal', 'Madhesh', 'SIRAHA', 'Mirchaiya Municipality', 'Nepal'),
(263, 'Nepal', 'Madhesh', 'SIRAHA', 'Laxmipur Patari Rural Municipality', 'Nepal'),
(264, 'Nepal', 'Madhesh', 'SIRAHA', 'Lahan Municipality', 'Nepal'),
(265, 'Nepal', 'Madhesh', 'SIRAHA', 'Karjanha Municipality', 'Nepal'),
(266, 'Nepal', 'Madhesh', 'SIRAHA', 'Kalyanpur Municipality', 'Nepal'),
(267, 'Nepal', 'Madhesh', 'SIRAHA', 'Golbazar Municipality', 'Nepal'),
(268, 'Nepal', 'Madhesh', 'SIRAHA', 'Dhangadhimai Municipality', 'Nepal'),
(269, 'Nepal', 'Madhesh', 'SIRAHA', 'Bishnupur Rural Municipality', 'Nepal'),
(270, 'Nepal', 'Madhesh', 'SIRAHA', 'Bhagawanpur Rural Municipality', 'Nepal'),
(271, 'Nepal', 'Madhesh', 'SIRAHA', 'Bariyarpatti Rural Municipality', 'Nepal'),
(272, 'Nepal', 'Madhesh', 'SIRAHA', 'Aurahi Rural Municipality', 'Nepal'),
(273, 'Nepal', 'Madhesh', 'SIRAHA', 'Arnama Rural Municipality', 'Nepal'),
(274, 'Nepal', 'Bagmati', 'BHAKTAPUR', 'Suryabinayak Municipality', 'Nepal'),
(275, 'Nepal', 'Bagmati', 'BHAKTAPUR', 'Madhyapur Thimi Municipality', 'Nepal'),
(276, 'Nepal', 'Bagmati', 'BHAKTAPUR', 'Changunarayan Municipality', 'Nepal'),
(277, 'Nepal', 'Bagmati', 'BHAKTAPUR', 'Bhaktapur Municipality', 'Nepal'),
(278, 'Nepal', 'Bagmati', 'CHITWAN', 'Ratnanagar Municipality', 'Nepal'),
(279, 'Nepal', 'Bagmati', 'CHITWAN', 'Rapti Municipality', 'Nepal'),
(280, 'Nepal', 'Bagmati', 'CHITWAN', 'Madi Municipality', 'Nepal'),
(281, 'Nepal', 'Bagmati', 'CHITWAN', 'Khairahani Municipality', 'Nepal'),
(282, 'Nepal', 'Bagmati', 'CHITWAN', 'Kalika Municipality', 'Nepal'),
(283, 'Nepal', 'Bagmati', 'CHITWAN', 'Ichchhyakamana Rural Municipality', 'Nepal'),
(284, 'Nepal', 'Bagmati', 'CHITWAN', 'Bharatpur Metropolitian City', 'Nepal'),
(285, 'Nepal', 'Bagmati', 'DHADING', 'Tripura Sundari Rural Municipality', 'Nepal'),
(286, 'Nepal', 'Bagmati', 'DHADING', 'Thakre Rural Municipality', 'Nepal'),
(287, 'Nepal', 'Bagmati', 'DHADING', 'Siddhalek Rural Municipality', 'Nepal'),
(288, 'Nepal', 'Bagmati', 'DHADING', 'Rubi Valley Rural Municipality', 'Nepal'),
(289, 'Nepal', 'Bagmati', 'DHADING', 'Nilakantha Municipality', 'Nepal'),
(290, 'Nepal', 'Bagmati', 'DHADING', 'Netrawati Dabjong Rural Municipality', 'Nepal'),
(291, 'Nepal', 'Bagmati', 'DHADING', 'Khaniyabash Rural Municipality', 'Nepal'),
(292, 'Nepal', 'Bagmati', 'DHADING', 'Jwalamukhi Rural Municipality', 'Nepal'),
(293, 'Nepal', 'Bagmati', 'DHADING', 'Gangajamuna Rural Municipality', 'Nepal'),
(294, 'Nepal', 'Bagmati', 'DHADING', 'Galchi Rural Municipality', 'Nepal'),
(295, 'Nepal', 'Bagmati', 'DHADING', 'Gajuri Rural Municipality', 'Nepal'),
(296, 'Nepal', 'Bagmati', 'DHADING', 'Dhunibesi Municipality', 'Nepal'),
(297, 'Nepal', 'Bagmati', 'DHADING', 'Benighat Rorang Rural Municipality', 'Nepal'),
(298, 'Nepal', 'Bagmati', 'DOLAKHA', 'Tamakoshi Rural Municipality', 'Nepal'),
(299, 'Nepal', 'Bagmati', 'DOLAKHA', 'Sailung Rural Municipality', 'Nepal'),
(300, 'Nepal', 'Bagmati', 'DOLAKHA', 'Melung Rural Municipality', 'Nepal'),
(301, 'Nepal', 'Bagmati', 'DOLAKHA', 'Kalinchok Rural Municipality', 'Nepal'),
(302, 'Nepal', 'Bagmati', 'DOLAKHA', 'Jiri Municipality', 'Nepal'),
(303, 'Nepal', 'Bagmati', 'DOLAKHA', 'Gaurishankar Rural Municipality', 'Nepal'),
(304, 'Nepal', 'Bagmati', 'DOLAKHA', 'Bigu Rural Municipality', 'Nepal'),
(305, 'Nepal', 'Bagmati', 'DOLAKHA', 'Bhimeshwor Municipality', 'Nepal'),
(306, 'Nepal', 'Bagmati', 'DOLAKHA', 'Baiteshwor Rural Municipality', 'Nepal'),
(307, 'Nepal', 'Bagmati', 'KATHMANDU', 'Tokha Municipality', 'Nepal'),
(308, 'Nepal', 'Bagmati', 'KATHMANDU', 'Tarakeshwor Municipality', 'Nepal'),
(309, 'Nepal', 'Bagmati', 'KATHMANDU', 'Shankharapur Municipality', 'Nepal'),
(310, 'Nepal', 'Bagmati', 'KATHMANDU', 'Nagarjun Municipality', 'Nepal'),
(311, 'Nepal', 'Bagmati', 'KATHMANDU', 'Kirtipur Municipality', 'Nepal'),
(312, 'Nepal', 'Bagmati', 'KATHMANDU', 'Kathmandu Metropolitian City', 'Nepal'),
(313, 'Nepal', 'Bagmati', 'KATHMANDU', 'Kageshwori Manahora Municipality', 'Nepal'),
(314, 'Nepal', 'Bagmati', 'KATHMANDU', 'Gokarneshwor Municipality', 'Nepal'),
(315, 'Nepal', 'Bagmati', 'KATHMANDU', 'Dakshinkali Municipality', 'Nepal'),
(316, 'Nepal', 'Bagmati', 'KATHMANDU', 'Chandragiri Municipality', 'Nepal'),
(317, 'Nepal', 'Bagmati', 'KATHMANDU', 'Budhanilakantha Municipality', 'Nepal'),
(318, 'Nepal', 'Bagmati', 'KAVREPALANCHOK', 'Temal Rural Municipality', 'Nepal'),
(319, 'Nepal', 'Bagmati', 'KAVREPALANCHOK', 'Roshi Rural Municipality', 'Nepal'),
(320, 'Nepal', 'Bagmati', 'KAVREPALANCHOK', 'Panchkhal Municipality', 'Nepal'),
(321, 'Nepal', 'Bagmati', 'KAVREPALANCHOK', 'Panauti Municipality', 'Nepal'),
(322, 'Nepal', 'Bagmati', 'KAVREPALANCHOK', 'Namobuddha Municipality', 'Nepal'),
(323, 'Nepal', 'Bagmati', 'KAVREPALANCHOK', 'Mandandeupur Municipality', 'Nepal'),
(324, 'Nepal', 'Bagmati', 'KAVREPALANCHOK', 'Mahabharat Rural Municipality', 'Nepal'),
(325, 'Nepal', 'Bagmati', 'KAVREPALANCHOK', 'Khanikhola Rural Municipality', 'Nepal'),
(326, 'Nepal', 'Bagmati', 'KAVREPALANCHOK', 'Dhulikhel Municipality', 'Nepal'),
(327, 'Nepal', 'Bagmati', 'KAVREPALANCHOK', 'Chaurideurali Rural Municipality', 'Nepal'),
(328, 'Nepal', 'Bagmati', 'KAVREPALANCHOK', 'Bhumlu Rural Municipality', 'Nepal'),
(329, 'Nepal', 'Bagmati', 'KAVREPALANCHOK', 'Bethanchowk Rural Municipality', 'Nepal'),
(330, 'Nepal', 'Bagmati', 'KAVREPALANCHOK', 'Banepa Municipality', 'Nepal'),
(331, 'Nepal', 'Bagmati', 'LALITPUR', 'Mahankal Rural Municipality', 'Nepal'),
(332, 'Nepal', 'Bagmati', 'LALITPUR', 'Mahalaxmi Municipality', 'Nepal'),
(333, 'Nepal', 'Bagmati', 'LALITPUR', 'Lalitpur Metropolitian City', 'Nepal'),
(334, 'Nepal', 'Bagmati', 'LALITPUR', 'Konjyosom Rural Municipality', 'Nepal'),
(335, 'Nepal', 'Bagmati', 'LALITPUR', 'Godawari Municipality', 'Nepal'),
(336, 'Nepal', 'Bagmati', 'LALITPUR', 'Bagmati Rural Municipality', 'Nepal'),
(337, 'Nepal', 'Bagmati', 'MAKWANPUR', 'Thaha Municipality', 'Nepal'),
(338, 'Nepal', 'Bagmati', 'MAKWANPUR', 'Raksirang Rural Municipality', 'Nepal'),
(339, 'Nepal', 'Bagmati', 'MAKWANPUR', 'Manahari Rural Municipality', 'Nepal'),
(340, 'Nepal', 'Bagmati', 'MAKWANPUR', 'Makawanpurgadhi Rural Municipality', 'Nepal'),
(341, 'Nepal', 'Bagmati', 'MAKWANPUR', 'Kailash Rural Municipality', 'Nepal'),
(342, 'Nepal', 'Bagmati', 'MAKWANPUR', 'Indrasarowar Rural Municipality', 'Nepal'),
(343, 'Nepal', 'Bagmati', 'MAKWANPUR', 'Hetauda Sub-Metropolitian City', 'Nepal'),
(344, 'Nepal', 'Bagmati', 'MAKWANPUR', 'Bhimphedi Rural Municipality', 'Nepal'),
(345, 'Nepal', 'Bagmati', 'MAKWANPUR', 'Bakaiya Rural Municipality', 'Nepal'),
(346, 'Nepal', 'Bagmati', 'MAKWANPUR', 'Bagmati Rural Municipality', 'Nepal'),
(347, 'Nepal', 'Bagmati', 'NUWAKOT', 'Tarkeshwar Rural Municipality', 'Nepal'),
(348, 'Nepal', 'Bagmati', 'NUWAKOT', 'Tadi Rural Municipality', 'Nepal'),
(349, 'Nepal', 'Bagmati', 'NUWAKOT', 'Suryagadhi Rural Municipality', 'Nepal'),
(350, 'Nepal', 'Bagmati', 'NUWAKOT', 'Shivapuri Rural Municipality', 'Nepal'),
(351, 'Nepal', 'Bagmati', 'NUWAKOT', 'Panchakanya Rural Municipality', 'Nepal'),
(352, 'Nepal', 'Bagmati', 'NUWAKOT', 'Myagang Rural Municipality', 'Nepal'),
(353, 'Nepal', 'Bagmati', 'NUWAKOT', 'Likhu Rural Municipality', 'Nepal'),
(354, 'Nepal', 'Bagmati', 'NUWAKOT', 'Kispang Rural Municipality', 'Nepal'),
(355, 'Nepal', 'Bagmati', 'NUWAKOT', 'Kakani Rural Municipality', 'Nepal'),
(356, 'Nepal', 'Bagmati', 'NUWAKOT', 'Dupcheshwar Rural Municipality', 'Nepal'),
(357, 'Nepal', 'Bagmati', 'NUWAKOT', 'Bidur Municipality', 'Nepal'),
(358, 'Nepal', 'Bagmati', 'NUWAKOT', 'Belkotgadhi Municipality', 'Nepal'),
(359, 'Nepal', 'Bagmati', 'RAMECHHAP', 'Umakunda Rural Municipality', 'Nepal'),
(360, 'Nepal', 'Bagmati', 'RAMECHHAP', 'Sunapati Rural Municipality', 'Nepal'),
(361, 'Nepal', 'Bagmati', 'RAMECHHAP', 'Ramechhap Municipality', 'Nepal'),
(362, 'Nepal', 'Bagmati', 'RAMECHHAP', 'Manthali Municipality', 'Nepal'),
(363, 'Nepal', 'Bagmati', 'RAMECHHAP', 'Likhu Tamakoshi Rural Municipality', 'Nepal'),
(364, 'Nepal', 'Bagmati', 'RAMECHHAP', 'Khadadevi Rural Municipality', 'Nepal'),
(365, 'Nepal', 'Bagmati', 'RAMECHHAP', 'Gokulganga Rural Municipality', 'Nepal'),
(366, 'Nepal', 'Bagmati', 'RAMECHHAP', 'Doramba Rural Municipality', 'Nepal'),
(367, 'Nepal', 'Bagmati', 'RASUWA', 'Uttargaya Rural Municipality', 'Nepal'),
(368, 'Nepal', 'Bagmati', 'RASUWA', 'Naukunda Rural Municipality', 'Nepal'),
(369, 'Nepal', 'Bagmati', 'RASUWA', 'Kalika Rural Municipality', 'Nepal'),
(370, 'Nepal', 'Bagmati', 'RASUWA', 'Gosaikunda Rural Municipality', 'Nepal'),
(371, 'Nepal', 'Bagmati', 'RASUWA', 'Amachodingmo Rural Municipality', 'Nepal'),
(372, 'Nepal', 'Bagmati', 'SINDHULI', 'Tinpatan Rural Municipality', 'Nepal'),
(373, 'Nepal', 'Bagmati', 'SINDHULI', 'Sunkoshi Rural Municipality', 'Nepal'),
(374, 'Nepal', 'Bagmati', 'SINDHULI', 'Phikkal Rural Municipality', 'Nepal'),
(375, 'Nepal', 'Bagmati', 'SINDHULI', 'Marin Rural Municipality', 'Nepal'),
(376, 'Nepal', 'Bagmati', 'SINDHULI', 'Kamalamai Municipality', 'Nepal'),
(377, 'Nepal', 'Bagmati', 'SINDHULI', 'Hariharpurgadhi Rural Municipality', 'Nepal'),
(378, 'Nepal', 'Bagmati', 'SINDHULI', 'Golanjor Rural Municipality', 'Nepal'),
(379, 'Nepal', 'Bagmati', 'SINDHULI', 'Ghanglekh Rural Municipality', 'Nepal'),
(380, 'Nepal', 'Bagmati', 'SINDHULI', 'Dudhouli Municipality', 'Nepal'),
(381, 'Nepal', 'Bagmati', 'SINDHUPALCHOK', 'Tripurasundari Rural Municipality', 'Nepal'),
(382, 'Nepal', 'Bagmati', 'SINDHUPALCHOK', 'Sunkoshi Rural Municipality', 'Nepal'),
(383, 'Nepal', 'Bagmati', 'SINDHUPALCHOK', 'Panchpokhari Thangpal Rural Municipality', 'Nepal'),
(384, 'Nepal', 'Bagmati', 'SINDHUPALCHOK', 'Melamchi Municipality', 'Nepal'),
(385, 'Nepal', 'Bagmati', 'SINDHUPALCHOK', 'Lisangkhu Pakhar Rural Municipality', 'Nepal'),
(386, 'Nepal', 'Bagmati', 'SINDHUPALCHOK', 'Jugal Rural Municipality', 'Nepal'),
(387, 'Nepal', 'Bagmati', 'SINDHUPALCHOK', 'Indrawati Rural Municipality', 'Nepal'),
(388, 'Nepal', 'Bagmati', 'SINDHUPALCHOK', 'Helambu Rural Municipality', 'Nepal'),
(389, 'Nepal', 'Bagmati', 'SINDHUPALCHOK', 'Chautara SangachokGadhi Municipality', 'Nepal'),
(390, 'Nepal', 'Bagmati', 'SINDHUPALCHOK', 'Bhotekoshi Rural Municipality', 'Nepal'),
(391, 'Nepal', 'Bagmati', 'SINDHUPALCHOK', 'Barhabise Municipality', 'Nepal'),
(392, 'Nepal', 'Bagmati', 'SINDHUPALCHOK', 'Balefi Rural Municipality', 'Nepal'),
(393, 'Nepal', 'Gandaki', 'BAGLUNG', 'Tara Khola Rural Municipality', 'Nepal'),
(394, 'Nepal', 'Gandaki', 'BAGLUNG', 'Taman Khola Rural Municipality', 'Nepal'),
(395, 'Nepal', 'Gandaki', 'BAGLUNG', 'Nisikhola Rural Municipality', 'Nepal'),
(396, 'Nepal', 'Gandaki', 'BAGLUNG', 'Kanthekhola Rural Municipality', 'Nepal'),
(397, 'Nepal', 'Gandaki', 'BAGLUNG', 'Jaimuni Municipality', 'Nepal'),
(398, 'Nepal', 'Gandaki', 'BAGLUNG', 'Galkot Municipality', 'Nepal'),
(399, 'Nepal', 'Gandaki', 'BAGLUNG', 'Dhorpatan Municipality', 'Nepal'),
(400, 'Nepal', 'Gandaki', 'BAGLUNG', 'Bareng Rural Municipality', 'Nepal'),
(401, 'Nepal', 'Gandaki', 'BAGLUNG', 'Baglung Municipality', 'Nepal'),
(402, 'Nepal', 'Gandaki', 'BAGLUNG', 'Badigad Rural Municipality', 'Nepal'),
(403, 'Nepal', 'Gandaki', 'GORKHA', 'Siranchok Rural Municipality', 'Nepal'),
(404, 'Nepal', 'Gandaki', 'GORKHA', 'Sahid Lakhan Rural Municipality', 'Nepal'),
(405, 'Nepal', 'Gandaki', 'GORKHA', 'Palungtar Municipality', 'Nepal'),
(406, 'Nepal', 'Gandaki', 'GORKHA', 'Gorkha Municipality', 'Nepal'),
(407, 'Nepal', 'Gandaki', 'GORKHA', 'Gandaki Rural Municipality', 'Nepal'),
(408, 'Nepal', 'Gandaki', 'GORKHA', 'Dharche Rural Municipality', 'Nepal'),
(409, 'Nepal', 'Gandaki', 'GORKHA', 'Chum Nubri Rural Municipality', 'Nepal'),
(410, 'Nepal', 'Gandaki', 'GORKHA', 'Bhimsenthapa Rural Municipality', 'Nepal'),
(411, 'Nepal', 'Gandaki', 'GORKHA', 'Barpak Sulikot Rural Municipality', 'Nepal'),
(412, 'Nepal', 'Gandaki', 'GORKHA', 'Ajirkot Rural Municipality', 'Nepal'),
(413, 'Nepal', 'Gandaki', 'GORKHA', 'Aarughat Rural Municipality', 'Nepal'),
(414, 'Nepal', 'Gandaki', 'KASKI', 'Rupa Rural Municipality', 'Nepal'),
(415, 'Nepal', 'Gandaki', 'KASKI', 'Pokhara Metropolitian City', 'Nepal'),
(416, 'Nepal', 'Gandaki', 'KASKI', 'Madi Rural Municipality', 'Nepal'),
(417, 'Nepal', 'Gandaki', 'KASKI', 'Machhapuchchhre Rural Municipality', 'Nepal'),
(418, 'Nepal', 'Gandaki', 'KASKI', 'Annapurna Rural Municipality', 'Nepal'),
(419, 'Nepal', 'Gandaki', 'LAMJUNG', 'Sundarbazar Municipality', 'Nepal'),
(420, 'Nepal', 'Gandaki', 'LAMJUNG', 'Rainas Municipality', 'Nepal'),
(421, 'Nepal', 'Gandaki', 'LAMJUNG', 'Marsyangdi Rural Municipality', 'Nepal'),
(422, 'Nepal', 'Gandaki', 'LAMJUNG', 'MadhyaNepal Municipality', 'Nepal'),
(423, 'Nepal', 'Gandaki', 'LAMJUNG', 'Kwholasothar Rural Municipality', 'Nepal'),
(424, 'Nepal', 'Gandaki', 'LAMJUNG', 'Dudhpokhari Rural Municipality', 'Nepal'),
(425, 'Nepal', 'Gandaki', 'LAMJUNG', 'Dordi Rural Municipality', 'Nepal'),
(426, 'Nepal', 'Gandaki', 'LAMJUNG', 'Besishahar Municipality', 'Nepal'),
(427, 'Nepal', 'Gandaki', 'MANANG', 'Narshon Rural Municipality', 'Nepal'),
(428, 'Nepal', 'Gandaki', 'MANANG', 'Narpa Bhumi Rural Municipality', 'Nepal'),
(429, 'Nepal', 'Gandaki', 'MANANG', 'Manang Ingshyang Rural Municipality', 'Nepal'),
(430, 'Nepal', 'Gandaki', 'MANANG', 'Chame Rural Municipality', 'Nepal'),
(431, 'Nepal', 'Gandaki', 'MUSTANG', 'Waragung Muktikhsetra Rural Municipality', 'Nepal'),
(432, 'Nepal', 'Gandaki', 'MUSTANG', 'Thasang Rural Municipality', 'Nepal'),
(433, 'Nepal', 'Gandaki', 'MUSTANG', 'Lomanthang Rural Municipality', 'Nepal'),
(434, 'Nepal', 'Gandaki', 'MUSTANG', 'Lo-Ghekar Damodarkunda Rural Municipality', 'Nepal'),
(435, 'Nepal', 'Gandaki', 'MUSTANG', 'Gharapjhong Rural Municipality', 'Nepal'),
(436, 'Nepal', 'Gandaki', 'MYAGDI', 'Raghuganga Rural Municipality', 'Nepal'),
(437, 'Nepal', 'Gandaki', 'MYAGDI', 'Mangala Rural Municipality', 'Nepal'),
(438, 'Nepal', 'Gandaki', 'MYAGDI', 'Malika Rural Municipality', 'Nepal'),
(439, 'Nepal', 'Gandaki', 'MYAGDI', 'Dhaulagiri Rural Municipality', 'Nepal'),
(440, 'Nepal', 'Gandaki', 'MYAGDI', 'Beni Municipality', 'Nepal'),
(441, 'Nepal', 'Gandaki', 'MYAGDI', 'Annapurna Rural Municipality', 'Nepal'),
(442, 'Nepal', 'Gandaki', 'NAWALPARASI EAST', 'Madhyabindu Municipality', 'Nepal'),
(443, 'Nepal', 'Gandaki', 'NAWALPARASI EAST', 'Kawasoti Municipality', 'Nepal'),
(444, 'Nepal', 'Gandaki', 'NAWALPARASI EAST', 'Hupsekot Rural Municipality', 'Nepal'),
(445, 'Nepal', 'Gandaki', 'NAWALPARASI EAST', 'Gaidakot Municipality', 'Nepal'),
(446, 'Nepal', 'Gandaki', 'NAWALPARASI EAST', 'Devchuli Municipality', 'Nepal'),
(447, 'Nepal', 'Gandaki', 'NAWALPARASI EAST', 'Bulingtar Rural Municipality', 'Nepal'),
(448, 'Nepal', 'Gandaki', 'NAWALPARASI EAST', 'Binayee Tribeni Rural Municipality', 'Nepal'),
(449, 'Nepal', 'Gandaki', 'NAWALPARASI EAST', 'Baudeekali Rural Municipality', 'Nepal'),
(450, 'Nepal', 'Gandaki', 'PARBAT', 'Phalebas Municipality', 'Nepal'),
(451, 'Nepal', 'Gandaki', 'PARBAT', 'Painyu Rural Municipality', 'Nepal'),
(452, 'Nepal', 'Gandaki', 'PARBAT', 'Modi Rural Municipality', 'Nepal'),
(453, 'Nepal', 'Gandaki', 'PARBAT', 'Mahashila Rural Municipality', 'Nepal'),
(454, 'Nepal', 'Gandaki', 'PARBAT', 'Kushma Municipality', 'Nepal'),
(455, 'Nepal', 'Gandaki', 'PARBAT', 'Jaljala Rural Municipality', 'Nepal'),
(456, 'Nepal', 'Gandaki', 'PARBAT', 'Bihadi Rural Municipality', 'Nepal'),
(457, 'Nepal', 'Gandaki', 'SYANGJA', 'Waling Municipality', 'Nepal'),
(458, 'Nepal', 'Gandaki', 'SYANGJA', 'Putalibazar Municipality', 'Nepal'),
(459, 'Nepal', 'Gandaki', 'SYANGJA', 'Phedikhola Rural Municipality', 'Nepal'),
(460, 'Nepal', 'Gandaki', 'SYANGJA', 'Kaligandagi Rural Municipality', 'Nepal'),
(461, 'Nepal', 'Gandaki', 'SYANGJA', 'Harinas Rural Municipality', 'Nepal'),
(462, 'Nepal', 'Gandaki', 'SYANGJA', 'Galyang Municipality', 'Nepal'),
(463, 'Nepal', 'Gandaki', 'SYANGJA', 'Chapakot Municipality', 'Nepal'),
(464, 'Nepal', 'Gandaki', 'SYANGJA', 'Biruwa Rural Municipality', 'Nepal'),
(465, 'Nepal', 'Gandaki', 'SYANGJA', 'Bhirkot Municipality', 'Nepal'),
(466, 'Nepal', 'Gandaki', 'SYANGJA', 'Arjunchaupari Rural Municipality', 'Nepal'),
(467, 'Nepal', 'Gandaki', 'SYANGJA', 'Aandhikhola Rural Municipality', 'Nepal'),
(468, 'Nepal', 'Gandaki', 'TANAHU', 'Shuklagandaki Municipality', 'Nepal'),
(469, 'Nepal', 'Gandaki', 'TANAHU', 'Rhishing Rural Municipality', 'Nepal'),
(470, 'Nepal', 'Gandaki', 'TANAHU', 'Myagde Rural Municipality', 'Nepal'),
(471, 'Nepal', 'Gandaki', 'TANAHU', 'Ghiring Rural Municipality', 'Nepal'),
(472, 'Nepal', 'Gandaki', 'TANAHU', 'Devghat Rural Municipality', 'Nepal'),
(473, 'Nepal', 'Gandaki', 'TANAHU', 'Byas Municipality', 'Nepal'),
(474, 'Nepal', 'Gandaki', 'TANAHU', 'Bhimad Municipality', 'Nepal'),
(475, 'Nepal', 'Gandaki', 'TANAHU', 'Bhanu Municipality', 'Nepal'),
(476, 'Nepal', 'Gandaki', 'TANAHU', 'Bandipur Rural Municipality', 'Nepal'),
(477, 'Nepal', 'Gandaki', 'TANAHU', 'Anbukhaireni Rural Municipality', 'Nepal'),
(478, 'Nepal', 'Lumbini', 'ARGHAKHANCHI', 'Sitganga Municipality', 'Nepal'),
(479, 'Nepal', 'Lumbini', 'ARGHAKHANCHI', 'Sandhikharka Municipality', 'Nepal'),
(480, 'Nepal', 'Lumbini', 'ARGHAKHANCHI', 'Panini Rural Municipality', 'Nepal'),
(481, 'Nepal', 'Lumbini', 'ARGHAKHANCHI', 'Malarani Rural Municipality', 'Nepal'),
(482, 'Nepal', 'Lumbini', 'ARGHAKHANCHI', 'Chhatradev Rural Municipality', 'Nepal'),
(483, 'Nepal', 'Lumbini', 'ARGHAKHANCHI', 'Bhumekasthan Municipality', 'Nepal'),
(484, 'Nepal', 'Lumbini', 'BANKE', 'Rapti Sonari Rural Municipality', 'Nepal'),
(485, 'Nepal', 'Lumbini', 'BANKE', 'Nepalgunj Sub-Metropolitian City', 'Nepal'),
(486, 'Nepal', 'Lumbini', 'BANKE', 'Narainapur Rural Municipality', 'Nepal'),
(487, 'Nepal', 'Lumbini', 'BANKE', 'Kohalpur Municipality', 'Nepal'),
(488, 'Nepal', 'Lumbini', 'BANKE', 'Khajura Rural Municipality', 'Nepal'),
(489, 'Nepal', 'Lumbini', 'BANKE', 'Janki Rural Municipality', 'Nepal'),
(490, 'Nepal', 'Lumbini', 'BANKE', 'Duduwa Rural Municipality', 'Nepal'),
(491, 'Nepal', 'Lumbini', 'BANKE', 'Baijanath Rural Municipality', 'Nepal'),
(492, 'Nepal', 'Lumbini', 'BARDIYA', 'Thakurbaba Municipality', 'Nepal'),
(493, 'Nepal', 'Lumbini', 'BARDIYA', 'Rajapur Municipality', 'Nepal'),
(494, 'Nepal', 'Lumbini', 'BARDIYA', 'Madhuwan Municipality', 'Nepal'),
(495, 'Nepal', 'Lumbini', 'BARDIYA', 'Gulariya Municipality', 'Nepal'),
(496, 'Nepal', 'Lumbini', 'BARDIYA', 'Geruwa Rural Municipality', 'Nepal'),
(497, 'Nepal', 'Lumbini', 'BARDIYA', 'Barbardiya Municipality', 'Nepal'),
(498, 'Nepal', 'Lumbini', 'BARDIYA', 'Bansagadhi Municipality', 'Nepal'),
(499, 'Nepal', 'Lumbini', 'BARDIYA', 'Badhaiyatal Rural Municipality', 'Nepal'),
(500, 'Nepal', 'Lumbini', 'DANG', 'Tulsipur Sub-Metropolitian City', 'Nepal'),
(501, 'Nepal', 'Lumbini', 'DANG', 'Shantinagar Rural Municipality', 'Nepal'),
(502, 'Nepal', 'Lumbini', 'DANG', 'Rapti Rural Municipality', 'Nepal'),
(503, 'Nepal', 'Lumbini', 'DANG', 'Rajpur Rural Municipality', 'Nepal'),
(504, 'Nepal', 'Lumbini', 'DANG', 'Lamahi Municipality', 'Nepal'),
(505, 'Nepal', 'Lumbini', 'DANG', 'Ghorahi Sub-Metropolitian City', 'Nepal'),
(506, 'Nepal', 'Lumbini', 'DANG', 'Gadhawa Rural Municipality', 'Nepal'),
(507, 'Nepal', 'Lumbini', 'DANG', 'Dangisharan Rural Municipality', 'Nepal'),
(508, 'Nepal', 'Lumbini', 'DANG', 'Banglachuli Rural Municipality', 'Nepal'),
(509, 'Nepal', 'Lumbini', 'DANG', 'Babai Rural Municipality', 'Nepal'),
(510, 'Nepal', 'Lumbini', 'GULMI', 'Satyawati Rural Municipality', 'Nepal'),
(511, 'Nepal', 'Lumbini', 'GULMI', 'Ruru Rural Municipality', 'Nepal'),
(512, 'Nepal', 'Lumbini', 'GULMI', 'Resunga Municipality', 'Nepal'),
(513, 'Nepal', 'Lumbini', 'GULMI', 'Musikot Municipality', 'Nepal'),
(514, 'Nepal', 'Lumbini', 'GULMI', 'Malika Rural Municipality', 'Nepal'),
(515, 'Nepal', 'Lumbini', 'GULMI', 'Madane Rural Municipality', 'Nepal'),
(516, 'Nepal', 'Lumbini', 'GULMI', 'Kaligandaki Rural Municipality', 'Nepal'),
(517, 'Nepal', 'Lumbini', 'GULMI', 'Isma Rural Municipality', 'Nepal'),
(518, 'Nepal', 'Lumbini', 'GULMI', 'Gulmidarbar Rural Municipality', 'Nepal'),
(519, 'Nepal', 'Lumbini', 'GULMI', 'Dhurkot Rural Municipality', 'Nepal'),
(520, 'Nepal', 'Lumbini', 'GULMI', 'Chatrakot Rural Municipality', 'Nepal'),
(521, 'Nepal', 'Lumbini', 'GULMI', 'Chandrakot Rural Municipality', 'Nepal'),
(522, 'Nepal', 'Lumbini', 'KAPILBASTU', 'Yashodhara Rural Municipality', 'Nepal'),
(523, 'Nepal', 'Lumbini', 'KAPILBASTU', 'Suddhodhan Rural Municipality', 'Nepal'),
(524, 'Nepal', 'Lumbini', 'KAPILBASTU', 'Shivaraj Municipality', 'Nepal'),
(525, 'Nepal', 'Lumbini', 'KAPILBASTU', 'Mayadevi Rural Municipality', 'Nepal'),
(526, 'Nepal', 'Lumbini', 'KAPILBASTU', 'Maharajgunj Municipality', 'Nepal'),
(527, 'Nepal', 'Lumbini', 'KAPILBASTU', 'Krishnanagar Municipality', 'Nepal'),
(528, 'Nepal', 'Lumbini', 'KAPILBASTU', 'Kapilbastu Municipality', 'Nepal'),
(529, 'Nepal', 'Lumbini', 'KAPILBASTU', 'Buddhabhumi Municipality', 'Nepal'),
(530, 'Nepal', 'Lumbini', 'KAPILBASTU', 'Bijayanagar Rural Municipality', 'Nepal'),
(531, 'Nepal', 'Lumbini', 'KAPILBASTU', 'Banganga Municipality', 'Nepal'),
(532, 'Nepal', 'Lumbini', 'NAWALPARASI WEST', 'Susta Rural Municipality', 'Nepal'),
(533, 'Nepal', 'Lumbini', 'NAWALPARASI WEST', 'Sunwal Municipality', 'Nepal'),
(534, 'Nepal', 'Lumbini', 'NAWALPARASI WEST', 'Sarawal Rural Municipality', 'Nepal'),
(535, 'Nepal', 'Lumbini', 'NAWALPARASI WEST', 'Ramgram Municipality', 'Nepal'),
(536, 'Nepal', 'Lumbini', 'NAWALPARASI WEST', 'Pratappur Rural Municipality', 'Nepal'),
(537, 'Nepal', 'Lumbini', 'NAWALPARASI WEST', 'Palhi Nandan Rural Municipality', 'Nepal'),
(538, 'Nepal', 'Lumbini', 'NAWALPARASI WEST', 'Bardaghat Municipality', 'Nepal'),
(539, 'Nepal', 'Lumbini', 'PALPA', 'Tinau Rural Municipality', 'Nepal'),
(540, 'Nepal', 'Lumbini', 'PALPA', 'Tansen Municipality', 'Nepal'),
(541, 'Nepal', 'Lumbini', 'PALPA', 'Ribdikot Rural Municipality', 'Nepal'),
(542, 'Nepal', 'Lumbini', 'PALPA', 'Rampur Municipality', 'Nepal'),
(543, 'Nepal', 'Lumbini', 'PALPA', 'Rambha Rural Municipality', 'Nepal'),
(544, 'Nepal', 'Lumbini', 'PALPA', 'Rainadevi Chhahara Rural Municipality', 'Nepal'),
(545, 'Nepal', 'Lumbini', 'PALPA', 'Purbakhola Rural Municipality', 'Nepal'),
(546, 'Nepal', 'Lumbini', 'PALPA', 'Nisdi Rural Municipality', 'Nepal'),
(547, 'Nepal', 'Lumbini', 'PALPA', 'Mathagadhi Rural Municipality', 'Nepal'),
(548, 'Nepal', 'Lumbini', 'PALPA', 'Bagnaskali Rural Municipality', 'Nepal'),
(549, 'Nepal', 'Lumbini', 'PYUTHAN', 'Sworgadwary Municipality', 'Nepal'),
(550, 'Nepal', 'Lumbini', 'PYUTHAN', 'Sarumarani Rural Municipality', 'Nepal'),
(551, 'Nepal', 'Lumbini', 'PYUTHAN', 'Pyuthan Municipality', 'Nepal'),
(552, 'Nepal', 'Lumbini', 'PYUTHAN', 'Naubahini Rural Municipality', 'Nepal'),
(553, 'Nepal', 'Lumbini', 'PYUTHAN', 'Mandavi Rural Municipality', 'Nepal'),
(554, 'Nepal', 'Lumbini', 'PYUTHAN', 'Mallarani Rural Municipality', 'Nepal'),
(555, 'Nepal', 'Lumbini', 'PYUTHAN', 'Jhimruk Rural Municipality', 'Nepal'),
(556, 'Nepal', 'Lumbini', 'PYUTHAN', 'Gaumukhi Rural Municipality', 'Nepal'),
(557, 'Nepal', 'Lumbini', 'PYUTHAN', 'Ayirabati Rural Municipality', 'Nepal'),
(558, 'Nepal', 'Lumbini', 'ROLPA', 'Tribeni Rural Municipality', 'Nepal'),
(559, 'Nepal', 'Lumbini', 'ROLPA', 'Thawang Rural Municipality', 'Nepal'),
(560, 'Nepal', 'Lumbini', 'ROLPA', 'Sunil Smriti Rural Municipality', 'Nepal'),
(561, 'Nepal', 'Lumbini', 'ROLPA', 'Sunchhahari Rural Municipality', 'Nepal'),
(562, 'Nepal', 'Lumbini', 'ROLPA', 'Runtigadi Rural Municipality', 'Nepal'),
(563, 'Nepal', 'Lumbini', 'ROLPA', 'Rolpa Municipality', 'Nepal'),
(564, 'Nepal', 'Lumbini', 'ROLPA', 'Pariwartan Rural Municipality', 'Nepal'),
(565, 'Nepal', 'Lumbini', 'ROLPA', 'Madi Rural Municipality', 'Nepal'),
(566, 'Nepal', 'Lumbini', 'ROLPA', 'Lungri Rural Municipality', 'Nepal'),
(567, 'Nepal', 'Lumbini', 'ROLPA', 'Gangadev Rural Municipality', 'Nepal'),
(568, 'Nepal', 'Lumbini', 'RUKUM EAST', 'Sisne Rural Municipality', 'Nepal'),
(569, 'Nepal', 'Lumbini', 'RUKUM EAST', 'Putha Uttarganga Rural Municipality', 'Nepal'),
(570, 'Nepal', 'Lumbini', 'RUKUM EAST', 'Bhume Rural Municipality', 'Nepal'),
(571, 'Nepal', 'Lumbini', 'RUPANDEHI', 'Tillotama Municipality', 'Nepal'),
(572, 'Nepal', 'Lumbini', 'RUPANDEHI', 'Sudhdhodhan Rural Municipality', 'Nepal'),
(573, 'Nepal', 'Lumbini', 'RUPANDEHI', 'Siyari Rural Municipality', 'Nepal'),
(574, 'Nepal', 'Lumbini', 'RUPANDEHI', 'Siddharthanagar Municipality', 'Nepal'),
(575, 'Nepal', 'Lumbini', 'RUPANDEHI', 'Sammarimai Rural Municipality', 'Nepal'),
(576, 'Nepal', 'Lumbini', 'RUPANDEHI', 'Sainamaina Municipality', 'Nepal'),
(577, 'Nepal', 'Lumbini', 'RUPANDEHI', 'Rohini Rural Municipality', 'Nepal'),
(578, 'Nepal', 'Lumbini', 'RUPANDEHI', 'Omsatiya Rural Municipality', 'Nepal'),
(579, 'Nepal', 'Lumbini', 'RUPANDEHI', 'Mayadevi Rural Municipality', 'Nepal'),
(580, 'Nepal', 'Lumbini', 'RUPANDEHI', 'Marchawari Rural Municipality', 'Nepal'),
(581, 'Nepal', 'Lumbini', 'RUPANDEHI', 'Lumbini Sanskritik Municipality', 'Nepal'),
(582, 'Nepal', 'Lumbini', 'RUPANDEHI', 'Kotahimai Rural Municipality', 'Nepal'),
(583, 'Nepal', 'Lumbini', 'RUPANDEHI', 'Kanchan Rural Municipality', 'Nepal'),
(584, 'Nepal', 'Lumbini', 'RUPANDEHI', 'Gaidahawa Rural Municipality', 'Nepal'),
(585, 'Nepal', 'Lumbini', 'RUPANDEHI', 'Devdaha Municipality', 'Nepal'),
(586, 'Nepal', 'Lumbini', 'RUPANDEHI', 'Butwal Sub-Metropolitian City', 'Nepal'),
(587, 'Nepal', 'Karnali', 'DAILEKH', 'Thantikandh Rural Municipality', 'Nepal'),
(588, 'Nepal', 'Karnali', 'DAILEKH', 'Naumule Rural Municipality', 'Nepal'),
(589, 'Nepal', 'Karnali', 'DAILEKH', 'Narayan Municipality', 'Nepal'),
(590, 'Nepal', 'Karnali', 'DAILEKH', 'Mahabu Rural Municipality', 'Nepal'),
(591, 'Nepal', 'Karnali', 'DAILEKH', 'Gurans Rural Municipality', 'Nepal'),
(592, 'Nepal', 'Karnali', 'DAILEKH', 'Dungeshwor Rural Municipality', 'Nepal'),
(593, 'Nepal', 'Karnali', 'DAILEKH', 'Dullu Municipality', 'Nepal'),
(594, 'Nepal', 'Karnali', 'DAILEKH', 'Chamunda Bindrasaini Municipality', 'Nepal'),
(595, 'Nepal', 'Karnali', 'DAILEKH', 'Bhairabi Rural Municipality', 'Nepal'),
(596, 'Nepal', 'Karnali', 'DAILEKH', 'Bhagawatimai Rural Municipality', 'Nepal'),
(597, 'Nepal', 'Karnali', 'DAILEKH', 'Aathabis Municipality', 'Nepal'),
(598, 'Nepal', 'Karnali', 'DOLPA', 'Tripurasundari Municipality', 'Nepal'),
(599, 'Nepal', 'Karnali', 'DOLPA', 'Thuli Bheri Municipality', 'Nepal'),
(600, 'Nepal', 'Karnali', 'DOLPA', 'Shey Phoksundo Rural Municipality', 'Nepal'),
(601, 'Nepal', 'Karnali', 'DOLPA', 'Mudkechula Rural Municipality', 'Nepal'),
(602, 'Nepal', 'Karnali', 'DOLPA', 'Kaike Rural Municipality', 'Nepal'),
(603, 'Nepal', 'Karnali', 'DOLPA', 'Jagadulla Rural Municipality', 'Nepal'),
(604, 'Nepal', 'Karnali', 'DOLPA', 'Dolpo Buddha Rural Municipality', 'Nepal'),
(605, 'Nepal', 'Karnali', 'DOLPA', 'Chharka Tangsong Rural Municipality', 'Nepal'),
(606, 'Nepal', 'Karnali', 'HUMLA', 'Tanjakot Rural Municipality', 'Nepal'),
(607, 'Nepal', 'Karnali', 'HUMLA', 'Simkot Rural Municipality', 'Nepal'),
(608, 'Nepal', 'Karnali', 'HUMLA', 'Sarkegad Rural Municipality', 'Nepal'),
(609, 'Nepal', 'Karnali', 'HUMLA', 'Namkha Rural Municipality', 'Nepal'),
(610, 'Nepal', 'Karnali', 'HUMLA', 'Kharpunath Rural Municipality', 'Nepal'),
(611, 'Nepal', 'Karnali', 'HUMLA', 'Chankheli Rural Municipality', 'Nepal'),
(612, 'Nepal', 'Karnali', 'HUMLA', 'Adanchuli Rural Municipality', 'Nepal'),
(613, 'Nepal', 'Karnali', 'JAJARKOT', 'Shiwalaya Rural Municipality', 'Nepal'),
(614, 'Nepal', 'Karnali', 'JAJARKOT', 'Nalagad Municipality', 'Nepal'),
(615, 'Nepal', 'Karnali', 'JAJARKOT', 'Kuse Rural Municipality', 'Nepal'),
(616, 'Nepal', 'Karnali', 'JAJARKOT', 'Junichande Rural Municipality', 'Nepal'),
(617, 'Nepal', 'Karnali', 'JAJARKOT', 'Chhedagad Municipality', 'Nepal'),
(618, 'Nepal', 'Karnali', 'JAJARKOT', 'Bheri Municipality', 'Nepal'),
(619, 'Nepal', 'Karnali', 'JAJARKOT', 'Barekot Rural Municipality', 'Nepal'),
(620, 'Nepal', 'Karnali', 'JUMLA', 'Tila Rural Municipality', 'Nepal'),
(621, 'Nepal', 'Karnali', 'JUMLA', 'Tatopani Rural Municipality', 'Nepal'),
(622, 'Nepal', 'Karnali', 'JUMLA', 'Sinja Rural Municipality', 'Nepal'),
(623, 'Nepal', 'Karnali', 'JUMLA', 'Patrasi Rural Municipality', 'Nepal'),
(624, 'Nepal', 'Karnali', 'JUMLA', 'Kanakasundari Rural Municipality', 'Nepal'),
(625, 'Nepal', 'Karnali', 'JUMLA', 'Hima Rural Municipality', 'Nepal'),
(626, 'Nepal', 'Karnali', 'JUMLA', 'Guthichaur Rural Municipality', 'Nepal'),
(627, 'Nepal', 'Karnali', 'JUMLA', 'Chandannath Municipality', 'Nepal'),
(628, 'Nepal', 'Karnali', 'KALIKOT', 'Tilagufa Municipality', 'Nepal'),
(629, 'Nepal', 'Karnali', 'KALIKOT', 'Subha Kalika Rural Municipality', 'Nepal'),
(630, 'Nepal', 'Karnali', 'KALIKOT', 'Sanni Tribeni Rural Municipality', 'Nepal'),
(631, 'Nepal', 'Karnali', 'KALIKOT', 'Raskot Municipality', 'Nepal'),
(632, 'Nepal', 'Karnali', 'KALIKOT', 'Palata Rural Municipality', 'Nepal'),
(633, 'Nepal', 'Karnali', 'KALIKOT', 'Pachaljharana Rural Municipality', 'Nepal'),
(634, 'Nepal', 'Karnali', 'KALIKOT', 'Naraharinath Rural Municipality', 'Nepal'),
(635, 'Nepal', 'Karnali', 'KALIKOT', 'Mahawai Rural Municipality', 'Nepal'),
(636, 'Nepal', 'Karnali', 'KALIKOT', 'Khandachakra Municipality', 'Nepal'),
(637, 'Nepal', 'Karnali', 'MUGU', 'Soru Rural Municipality', 'Nepal'),
(638, 'Nepal', 'Karnali', 'MUGU', 'Mugum Karmarong Rural Municipality', 'Nepal'),
(639, 'Nepal', 'Karnali', 'MUGU', 'Khatyad Rural Municipality', 'Nepal'),
(640, 'Nepal', 'Karnali', 'MUGU', 'Chhayanath Rara Municipality', 'Nepal'),
(641, 'Nepal', 'Karnali', 'RUKUM WEST', 'Tribeni Rural Municipality', 'Nepal'),
(642, 'Nepal', 'Karnali', 'RUKUM WEST', 'Sani Bheri Rural Municipality', 'Nepal'),
(643, 'Nepal', 'Karnali', 'RUKUM WEST', 'Musikot Municipality', 'Nepal'),
(644, 'Nepal', 'Karnali', 'RUKUM WEST', 'Chaurjahari Municipality', 'Nepal'),
(645, 'Nepal', 'Karnali', 'RUKUM WEST', 'Banfikot Rural Municipality', 'Nepal'),
(646, 'Nepal', 'Karnali', 'RUKUM WEST', 'Aathbiskot Municipality', 'Nepal'),
(647, 'Nepal', 'Karnali', 'SALYAN', 'Tribeni Rural Municipality', 'Nepal'),
(648, 'Nepal', 'Karnali', 'SALYAN', 'Siddha Kumakh Rural Municipality', 'Nepal'),
(649, 'Nepal', 'Karnali', 'SALYAN', 'Sharada Municipality', 'Nepal'),
(650, 'Nepal', 'Karnali', 'SALYAN', 'Kumakh Rural Municipality', 'Nepal'),
(651, 'Nepal', 'Karnali', 'SALYAN', 'Kapurkot Rural Municipality', 'Nepal'),
(652, 'Nepal', 'Karnali', 'SALYAN', 'Kalimati Rural Municipality', 'Nepal'),
(653, 'Nepal', 'Karnali', 'SALYAN', 'Darma Rural Municipality', 'Nepal'),
(654, 'Nepal', 'Karnali', 'SALYAN', 'Chhatreshwori Rural Municipality', 'Nepal'),
(655, 'Nepal', 'Karnali', 'SALYAN', 'Bangad Kupinde Municipality', 'Nepal'),
(656, 'Nepal', 'Karnali', 'SALYAN', 'Bagchaur Municipality', 'Nepal');
INSERT INTO `address_1` (`COL 1`, `COL 2`, `COL 3`, `COL 4`, `COL 5`, `COL 6`) VALUES
(657, 'Nepal', 'Karnali', 'SURKHET', 'Simta Rural Municipality', 'Nepal'),
(658, 'Nepal', 'Karnali', 'SURKHET', 'Panchpuri Municipality', 'Nepal'),
(659, 'Nepal', 'Karnali', 'SURKHET', 'Lekbeshi Municipality', 'Nepal'),
(660, 'Nepal', 'Karnali', 'SURKHET', 'Gurbhakot Municipality', 'Nepal'),
(661, 'Nepal', 'Karnali', 'SURKHET', 'Chingad Rural Municipality', 'Nepal'),
(662, 'Nepal', 'Karnali', 'SURKHET', 'Chaukune Rural Municipality', 'Nepal'),
(663, 'Nepal', 'Karnali', 'SURKHET', 'Birendranagar Municipality', 'Nepal'),
(664, 'Nepal', 'Karnali', 'SURKHET', 'Bheriganga Municipality', 'Nepal'),
(665, 'Nepal', 'Karnali', 'SURKHET', 'Barahtal Rural Municipality', 'Nepal'),
(666, 'Nepal', 'Sudurpaschim', 'ACHHAM', 'Turmakhad Rural Municipality', 'Nepal'),
(667, 'Nepal', 'Sudurpaschim', 'ACHHAM', 'Sanphebagar Municipality', 'Nepal'),
(668, 'Nepal', 'Sudurpaschim', 'ACHHAM', 'Ramaroshan Rural Municipality', 'Nepal'),
(669, 'Nepal', 'Sudurpaschim', 'ACHHAM', 'Panchadewal Binayak Municipality', 'Nepal'),
(670, 'Nepal', 'Sudurpaschim', 'ACHHAM', 'Mellekh Rural Municipality', 'Nepal'),
(671, 'Nepal', 'Sudurpaschim', 'ACHHAM', 'Mangalsen Municipality', 'Nepal'),
(672, 'Nepal', 'Sudurpaschim', 'ACHHAM', 'Kamalbazar Municipality', 'Nepal'),
(673, 'Nepal', 'Sudurpaschim', 'ACHHAM', 'Dhakari Rural Municipality', 'Nepal'),
(674, 'Nepal', 'Sudurpaschim', 'ACHHAM', 'Chaurpati Rural Municipality', 'Nepal'),
(675, 'Nepal', 'Sudurpaschim', 'ACHHAM', 'Bannigadhi Jayagadh Rural Municipality', 'Nepal'),
(676, 'Nepal', 'Sudurpaschim', 'BAITADI', 'Surnaya Rural Municipality', 'Nepal'),
(677, 'Nepal', 'Sudurpaschim', 'BAITADI', 'Sigas Rural Municipality', 'Nepal'),
(678, 'Nepal', 'Sudurpaschim', 'BAITADI', 'Shivanath Rural Municipality', 'Nepal'),
(679, 'Nepal', 'Sudurpaschim', 'BAITADI', 'Purchaudi Municipality', 'Nepal'),
(680, 'Nepal', 'Sudurpaschim', 'BAITADI', 'Patan Municipality', 'Nepal'),
(681, 'Nepal', 'Sudurpaschim', 'BAITADI', 'Pancheshwar Rural Municipality', 'Nepal'),
(682, 'Nepal', 'Sudurpaschim', 'BAITADI', 'Melauli Municipality', 'Nepal'),
(683, 'Nepal', 'Sudurpaschim', 'BAITADI', 'Dogadakedar Rural Municipality', 'Nepal'),
(684, 'Nepal', 'Sudurpaschim', 'BAITADI', 'Dilasaini Rural Municipality', 'Nepal'),
(685, 'Nepal', 'Sudurpaschim', 'BAITADI', 'Dasharathchanda Municipality', 'Nepal'),
(686, 'Nepal', 'Sudurpaschim', 'BAJHANG', 'Thalara Rural Municipality', 'Nepal'),
(687, 'Nepal', 'Sudurpaschim', 'BAJHANG', 'Talkot Rural Municipality', 'Nepal'),
(688, 'Nepal', 'Sudurpaschim', 'BAJHANG', 'Surma Rural Municipality', 'Nepal'),
(689, 'Nepal', 'Sudurpaschim', 'BAJHANG', 'SaiPaal Rural Municipality', 'Nepal'),
(690, 'Nepal', 'Sudurpaschim', 'BAJHANG', 'Masta Rural Municipality', 'Nepal'),
(691, 'Nepal', 'Sudurpaschim', 'BAJHANG', 'Khaptadchhanna Rural Municipality', 'Nepal'),
(692, 'Nepal', 'Sudurpaschim', 'BAJHANG', 'Kedarseu Rural Municipality', 'Nepal'),
(693, 'Nepal', 'Sudurpaschim', 'BAJHANG', 'JayaPrithivi Municipality', 'Nepal'),
(694, 'Nepal', 'Sudurpaschim', 'BAJHANG', 'Durgathali Rural Municipality', 'Nepal'),
(695, 'Nepal', 'Sudurpaschim', 'BAJHANG', 'Chabispathivera Rural Municipality', 'Nepal'),
(696, 'Nepal', 'Sudurpaschim', 'BAJHANG', 'Bungal Municipality', 'Nepal'),
(697, 'Nepal', 'Sudurpaschim', 'BAJHANG', 'Bithadchir Rural Municipality', 'Nepal'),
(698, 'Nepal', 'Sudurpaschim', 'BAJURA', 'Tribeni Municipality', 'Nepal'),
(699, 'Nepal', 'Sudurpaschim', 'BAJURA', 'Swami Kartik Khaapar Rural Municipality', 'Nepal'),
(700, 'Nepal', 'Sudurpaschim', 'BAJURA', 'Khaptad Chhededaha Rural Municipality', 'Nepal'),
(701, 'Nepal', 'Sudurpaschim', 'BAJURA', 'Jagannath Rural Municipality', 'Nepal'),
(702, 'Nepal', 'Sudurpaschim', 'BAJURA', 'Himali Rural Municipality', 'Nepal'),
(703, 'Nepal', 'Sudurpaschim', 'BAJURA', 'Gaumul Rural Municipality', 'Nepal'),
(704, 'Nepal', 'Sudurpaschim', 'BAJURA', 'Budhinanda Municipality', 'Nepal'),
(705, 'Nepal', 'Sudurpaschim', 'BAJURA', 'Budhiganga Municipality', 'Nepal'),
(706, 'Nepal', 'Sudurpaschim', 'BAJURA', 'Badimalika Municipality', 'Nepal'),
(707, 'Nepal', 'Sudurpaschim', 'DADELDHURA', 'Parashuram Municipality', 'Nepal'),
(708, 'Nepal', 'Sudurpaschim', 'DADELDHURA', 'Nawadurga Rural Municipality', 'Nepal'),
(709, 'Nepal', 'Sudurpaschim', 'DADELDHURA', 'Ganayapdhura Rural Municipality', 'Nepal'),
(710, 'Nepal', 'Sudurpaschim', 'DADELDHURA', 'Bhageshwar Rural Municipality', 'Nepal'),
(711, 'Nepal', 'Sudurpaschim', 'DADELDHURA', 'Amargadhi Municipality', 'Nepal'),
(712, 'Nepal', 'Sudurpaschim', 'DADELDHURA', 'Alital Rural Municipality', 'Nepal'),
(713, 'Nepal', 'Sudurpaschim', 'DADELDHURA', 'Ajaymeru Rural Municipality', 'Nepal'),
(714, 'Nepal', 'Sudurpaschim', 'DARCHULA', 'Shailyashikhar Municipality', 'Nepal'),
(715, 'Nepal', 'Sudurpaschim', 'DARCHULA', 'Naugad Rural Municipality', 'Nepal'),
(716, 'Nepal', 'Sudurpaschim', 'DARCHULA', 'Marma Rural Municipality', 'Nepal'),
(717, 'Nepal', 'Sudurpaschim', 'DARCHULA', 'Malikaarjun Rural Municipality', 'Nepal'),
(718, 'Nepal', 'Sudurpaschim', 'DARCHULA', 'Mahakali Municipality', 'Nepal'),
(719, 'Nepal', 'Sudurpaschim', 'DARCHULA', 'Lekam Rural Municipality', 'Nepal'),
(720, 'Nepal', 'Sudurpaschim', 'DARCHULA', 'Dunhu Rural Municipality', 'Nepal'),
(721, 'Nepal', 'Sudurpaschim', 'DARCHULA', 'Byas Rural Municipality', 'Nepal'),
(722, 'Nepal', 'Sudurpaschim', 'DARCHULA', 'Apihimal Rural Municipality', 'Nepal'),
(723, 'Nepal', 'Sudurpaschim', 'DOTI', 'Shikhar Municipality', 'Nepal'),
(724, 'Nepal', 'Sudurpaschim', 'DOTI', 'Sayal Rural Municipality', 'Nepal'),
(725, 'Nepal', 'Sudurpaschim', 'DOTI', 'Purbichauki Rural Municipality', 'Nepal'),
(726, 'Nepal', 'Sudurpaschim', 'DOTI', 'K I Singh Rural Municipality', 'Nepal'),
(727, 'Nepal', 'Sudurpaschim', 'DOTI', 'Jorayal Rural Municipality', 'Nepal'),
(728, 'Nepal', 'Sudurpaschim', 'DOTI', 'Dipayal Silgadi Municipality', 'Nepal'),
(729, 'Nepal', 'Sudurpaschim', 'DOTI', 'Bogtan Foodsil Rural Municipality', 'Nepal'),
(730, 'Nepal', 'Sudurpaschim', 'DOTI', 'Badikedar Rural Municipality', 'Nepal'),
(731, 'Nepal', 'Sudurpaschim', 'DOTI', 'Adharsha Rural Municipality', 'Nepal'),
(732, 'Nepal', 'Sudurpaschim', 'KAILALI', 'Tikapur Municipality', 'Nepal'),
(733, 'Nepal', 'Sudurpaschim', 'KAILALI', 'Mohanyal Rural Municipality', 'Nepal'),
(734, 'Nepal', 'Sudurpaschim', 'KAILALI', 'Lamkichuha Municipality', 'Nepal'),
(735, 'Nepal', 'Sudurpaschim', 'KAILALI', 'Kailari Rural Municipality', 'Nepal'),
(736, 'Nepal', 'Sudurpaschim', 'KAILALI', 'Joshipur Rural Municipality', 'Nepal'),
(737, 'Nepal', 'Sudurpaschim', 'KAILALI', 'Janaki Rural Municipality', 'Nepal'),
(738, 'Nepal', 'Sudurpaschim', 'KAILALI', 'Godawari Municipality', 'Nepal'),
(739, 'Nepal', 'Sudurpaschim', 'KAILALI', 'Ghodaghodi Municipality', 'Nepal'),
(740, 'Nepal', 'Sudurpaschim', 'KAILALI', 'Gauriganga Municipality', 'Nepal'),
(741, 'Nepal', 'Sudurpaschim', 'KAILALI', 'Dhangadhi Sub-Metropolitian City', 'Nepal'),
(742, 'Nepal', 'Sudurpaschim', 'KAILALI', 'Chure Rural Municipality', 'Nepal'),
(743, 'Nepal', 'Sudurpaschim', 'KAILALI', 'Bhajani Municipality', 'Nepal'),
(744, 'Nepal', 'Sudurpaschim', 'KAILALI', 'Bardagoriya Rural Municipality', 'Nepal'),
(745, 'Nepal', 'Sudurpaschim', 'KANCHANPUR', 'Shuklaphanta Municipality', 'Nepal'),
(746, 'Nepal', 'Sudurpaschim', 'KANCHANPUR', 'Punarbas Municipality', 'Nepal'),
(747, 'Nepal', 'Sudurpaschim', 'KANCHANPUR', 'Mahakali Municipality', 'Nepal'),
(748, 'Nepal', 'Sudurpaschim', 'KANCHANPUR', 'Laljhadi Rural Municipality', 'Nepal'),
(749, 'Nepal', 'Sudurpaschim', 'KANCHANPUR', 'Krishnapur Municipality', 'Nepal'),
(750, 'Nepal', 'Sudurpaschim', 'KANCHANPUR', 'Bhimdatta Municipality', 'Nepal'),
(751, 'Nepal', 'Sudurpaschim', 'KANCHANPUR', 'Beldandi Rural Municipality', 'Nepal'),
(752, 'Nepal', 'Sudurpaschim', 'KANCHANPUR', 'Belauri Municipality', 'Nepal'),
(753, 'Nepal', 'Sudurpaschim', 'KANCHANPUR', 'Bedkot Municipality', 'Nepal');



CREATE TABLE `admin` (
  `id` bigint NOT NULL,
  `admin_username` varchar(255) NOT NULL,
  `admin_email` varchar(255) NOT NULL,
  `admin_password` varchar(255) NOT NULL
);

INSERT INTO `admin` (`id`, `admin_username`, `admin_email`, `admin_password`) VALUES
(1, 'dos', 'dos1@gmail.com', 'e9a328c6151a131b6750c0814b88ef9f');


CREATE TABLE `agps` (
  `id` bigint NOT NULL,
  `intro_id` bigint DEFAULT NULL,
  `reason` varchar(200) NOT NULL,
  `rDistrict` varchar(200) NOT NULL,
  `rCenter` varchar(200) NOT NULL,
  `rQualificationYears` varchar(255) NOT NULL,
  `rSmartCardNo` varchar(255) NOT NULL
);

INSERT INTO `agps` (`id`, `intro_id`, `reason`, `rDistrict`, `rCenter`, `rQualificationYears`, `rSmartCardNo`) VALUES
(203, 1, '4', 'LALITPUR', '', '2074', '465463456456'),
(204, 2, '1', 'JHAPA', 'Baguwa', '2077', '465463456456'),
(205, 3, '4', 'KAVRE', '', '2074', '465463456456'),
(206, 4, '2', 'DOLKHA', '', '2053', ''),
(208, 5, '1', 'OKHALDHUNGA', '', '2050', '353JDS45F'),
(209, 6, '4', 'BHAKTAPUR', '', '2050', '353JDS45F'),
(210, 7, '3', 'CHITWAN', '', '2043', 'NAN118'),
(211, 8, '3', 'CHITWAN', '', '2072', ''),
(212, 9, '2', 'DHANUSHA', '', '2075', '75D343T3454'),
(213, 10, '2', 'DOLKHA', '', '', ''),
(214, 11, '', '', '', '', ''),
(215, 12, '', '', '', '', ''),
(216, 13, '', '', '', '', ''),
(217, 14, '2', 'MAHOTARI', '', '2075', '35430958534F'),
(218, 15, '2', 'MAHOTARI', '', '2075', '35430958534F'),
(219, 16, '2', 'DOLKHA', '', '2075', ''),
(220, 17, '1', 'SAPTARI', '', '2075', '234532512534'),
(221, 18, '3', 'CHITWAN', '', '', ''),
(222, 19, '3', 'CHITWAN', '', '2074', ''),
(223, 20, '3', 'CHITWAN', '', '2070', 'NBJ274'),
(224, 21, '3', 'CHITWAN', '', '2069', 'NBJ980'),
(225, 22, '2', 'DOLKHA', '', '2075', '4234GD55464'),
(226, 23, '3', 'CHITWAN', '', '2076', ''),
(227, 24, '3', 'CHITWAN', '', '2076', ''),
(228, 25, '3', 'CHITWAN', '', '2071', ''),
(229, 26, '3', 'CHITWAN', '', '2063', ''),
(230, 27, '3', 'CHITWAN', '', '2061', 'NAL420'),
(231, 28, '3', 'CHITWAN', '', '2043', 'NBJ863'),
(232, 29, '3', 'CHITWAN', '', '2062', 'NAW768'),
(233, 30, '3', 'CHITWAN', '', '2072', 'NBH203'),
(234, 31, '3', 'CHITWAN', '', '2072', 'NBH203'),
(235, 32, '3', 'CHITWAN', '', '2068', 'NBH229'),
(236, 33, '3', 'CHITWAN', '', '2069', 'NBN491'),
(237, 34, '3', 'CHITWAN', '', '2069', 'NBN491'),
(238, 35, '3', 'CHITWAN', '', '2069', 'NBN491'),
(239, 36, '3', 'CHITWAN', '', '2069', 'NBN491'),
(240, 37, '3', 'CHITWAN', '', '2074', ''),
(241, 38, '3', 'CHITWAN', '', '2074', ''),
(242, 39, '3', 'CHITWAN', '', '2072', 'NBN496'),
(243, 40, '3', 'CHITWAN', '', '2076', ''),
(244, 41, '3', 'CHITWAN', '', '2076', ''),
(245, 42, '3', 'CHITWAN', '', '2075', ''),
(246, 43, '3', 'CHITWAN', '', '2065', 'NBH242'),
(247, 44, '3', 'CHITWAN', '', '2072', 'NBN469'),
(248, 45, '3', 'CHITWAN', '', '2047', ''),
(249, 46, '3', 'CHITWAN', '', '2074', ''),
(250, 47, '3', 'CHITWAN', '', '0', ''),
(251, 48, '3', 'CHITWAN', '', '0', ''),
(252, 49, '3', 'CHITWAN', '', '2075', ''),
(253, 50, '3', 'CHITWAN', '', '2072', 'NBN484'),
(254, 51, '3', 'CHITWAN', '', '2072', 'NBN484'),
(255, 52, '3', 'CHITWAN', '', '2072', 'NBN484'),
(256, 53, '3', 'CHITWAN', '', '2072', 'NBN484'),
(257, 54, '3', 'CHITWAN', '', '2074', ''),
(258, 55, '3', 'CHITWAN', '', '2076', ''),
(259, 56, '3', 'CHITWAN', '', '2064', 'NBH194'),
(381, 57, '3', 'CHITWAN', '', '0000', ''),
(382, 58, '3', 'CHITWAN', '', '2045', ''),
(383, 59, '3', 'CHITWAN', '', '2059', ''),
(384, 60, '3', 'CHITWAN', '', '2067', ''),
(385, 61, '3', 'CHITWAN', '', '2073', ''),
(386, 62, '3', 'CHITWAN', '', '2070', ''),
(387, 63, '3', 'CHITWAN', '', '2072', ''),
(388, 64, '3', 'CHITWAN', '', '2068', ''),
(389, 65, '3', 'CHITWAN', '', '2073', ''),
(390, 66, '3', 'CHITWAN', '', '2072', ''),
(391, 67, '3', 'CHITWAN', '', '2072', 'NBN505'),
(392, 68, '3', 'CHITWAN', '', '2058', 'NAP569'),
(393, 69, '3', 'CHITWAN', '', '2069', ''),
(394, 70, '3', 'CHITWAN', '', '2072', ''),
(395, 71, '3', 'CHITWAN', '', '2073', ''),
(396, 72, '3', 'CHITWAN', '', '2064', ''),
(397, 73, '3', 'CHITWAN', '', '2072', 'NBP941'),
(398, 74, '3', 'CHITWAN', '', '2073', 'NBP939'),
(399, 75, '3', 'CHITWAN', '', '2072', ''),
(400, 76, '3', 'CHITWAN', '', '2075', ''),
(401, 77, '3', 'CHITWAN', '', '2076', ''),
(402, 78, '3', 'PARSA', '', '2073', ''),
(403, 79, '3', 'CHITWAN', '', '2076', ''),
(404, 80, '3', 'PARSA', '', '2073', ''),
(405, 81, '3', 'PARSA', '', '2059', 'nan129'),
(406, 82, '3', 'PARSA', '', '2051', 'NAN070'),
(407, 83, '3', 'PARSA', '', '2058', ''),
(408, 84, '3', 'BARA', '', '0000', 'nan445'),
(409, 85, '3', 'PARSA', '', '2060', 'nap309'),
(410, 86, '3', 'PARSA', '', '2068', ''),
(411, 87, '3', 'BARA', '', '2057', 'NAN391'),
(412, 88, '3', 'PARSA', '', '2051', 'NAP017'),
(413, 89, '3', 'PARSA', '', '2052', 'NAT832'),
(414, 90, '3', 'PARSA', '', '2073', ''),
(415, 91, '3', 'CHITWAN', '', '2068', ''),
(416, 92, '3', 'PARSA', '', '2062', 'npnat834'),
(417, 93, '3', 'CHITWAN', '', '2065', 'NBH283'),
(418, 94, '3', 'PARSA', '', '2063', 'NAN267'),
(419, 95, '3', 'PARSA', '', '2072', 'NBN662'),
(420, 96, '3', 'PARSA', '', '0000', 'NAW221'),
(421, 97, '3', 'PARSA', '', '0000', ''),
(422, 98, '3', 'PARSA', '', '2072', 'NAU043'),
(423, 99, '3', 'PARSA', '', '2062', ''),
(424, 100, '3', 'PARSA', '', '2064', 'NAP340'),
(425, 101, '3', 'CHITWAN', '', '2073', 'NBP865'),
(426, 102, '3', 'CHITWAN', '', '2065', 'NPN933'),
(427, 103, '3', 'PARSA', '', '2063', 'NPNAP240'),
(428, 104, '3', 'CHITWAN', '', '2073', ''),
(429, 105, '3', 'PARSA', '', '2051', ''),
(430, 106, '3', 'CHITWAN', '', '2069', 'NBH299'),
(431, 107, '3', 'CHITWAN', '', '2071', 'NRP863'),
(432, 108, '3', 'CHITWAN', '', '2070', 'NBJ267'),
(433, 109, '3', 'CHITWAN', '', '2074', 'NBP878'),
(434, 110, '3', 'CHITWAN', '', '2069', 'NAP926'),
(435, 111, '3', 'CHITWAN', '', '2067', 'NAZ307'),
(436, 112, '1', 'JHAPA', '', '2059', ''),
(437, 113, '3', 'PARSA', '', '2070', ''),
(438, 114, '3', 'PARSA', '', '2054', 'NAN351'),
(439, 115, '3', 'PARSA', '', '2060', ''),
(440, 116, '3', 'PARSA', '', '2064', ''),
(441, 117, '3', 'PARSA', '', '2075', ''),
(442, 118, '3', 'PARSA', '', '2065', ''),
(443, 119, '3', 'PARSA', '', '2073', ''),
(444, 120, '3', 'PARSA', '', '2068', ''),
(445, 121, '3', 'PARSA', '', '2069', ''),
(446, 122, '3', 'PARSA', '', '2072', ''),
(447, 123, '3', 'PARSA', '', '2073', ''),
(448, 124, '3', 'PARSA', '', '2076', ''),
(449, 125, '3', 'PARSA', '', '2067', ''),
(450, 126, '3', 'PARSA', '', '2067', ''),
(451, 127, '3', 'PARSA', '', '2073', ''),
(452, 128, '3', 'PARSA', '', '2068', 'NAW371'),
(453, 129, '3', 'PARSA', '', '2072', ''),
(454, 130, '3', 'PARSA', '', '2073', ''),
(455, 131, '3', 'PARSA', '', '2073', 'NBN687'),
(456, 132, '3', 'PARSA', '', '2073', ''),
(457, 133, '3', 'PARSA', '', '2073', ''),
(458, 134, '3', 'PARSA', '', '2069', ''),
(459, 135, '3', 'PARSA', '', '2059', 'NAN264'),
(460, 136, '3', 'CHITWAN', '', '2073', ''),
(461, 137, '3', 'CHITWAN', '', '2065', 'NAZ294'),
(462, 138, '3', 'CHITWAN', '', '00', ''),
(463, 139, '3', 'CHITWAN', '', '2067', 'NAP591'),
(464, 140, '3', 'CHITWAN', '', '2067', 'NAP596'),
(465, 141, '3', 'CHITWAN', '', '2076', ''),
(466, 142, '3', 'PARSA', '', '2064', 'NAP143'),
(467, 143, '3', 'PARSA', '', '2061', 'NAP204'),
(468, 144, '3', 'PARSA', '', '2002', 'NAS160'),
(469, 145, '3', 'PARSA', '', '2072', ''),
(470, 146, '3', 'PARSA', '', '2072', ''),
(471, 147, '3', 'PARSA', '', '2064', 'NAP257'),
(472, 148, '3', 'PARSA', '', '2068', ''),
(473, 149, '3', 'PARSA', '', '2060', 'NAS159'),
(474, 150, '3', 'PARSA', '', '2064', ''),
(475, 151, '3', 'PARSA', '', '2075', ''),
(476, 152, '3', 'PARSA', '', '2056', ''),
(477, 153, '3', 'CHITWAN', '', '2065', ''),
(478, 154, '3', 'CHITWAN', '', '2065', 'NAP710'),
(479, 155, '3', 'CHITWAN', '', '2072', 'NBM477'),
(480, 156, '3', 'CHITWAN', '', '2065', 'NAP577'),
(481, 157, '3', 'CHITWAN', '', '2065', 'NAP671'),
(482, 158, '3', 'PARSA', '', '2070', ''),
(483, 159, '3', 'PARSA', '', '2057', 'NBK029'),
(484, 160, '3', 'PARSA', '', '2060', ''),
(485, 161, '3', 'PARSA', '', '2058', 'NAT957'),
(486, 162, '3', 'PARSA', '', '2076', ''),
(487, 163, '3', 'PARSA', '', '2057', 'NAT939'),
(488, 164, '3', 'PARSA', '', '2055', 'NAT956'),
(489, 165, '3', 'PARSA', '', '2060', ''),
(490, 166, '3', 'PARSA', '', '2058', ''),
(491, 167, '3', 'PARSA', '', '2048', 'NAN293'),
(492, 168, '3', 'PARSA', '', '2054', 'NAN341'),
(493, 169, '3', 'PARSA', '', '2063', ''),
(494, 170, '3', 'CHITWAN', '', '2066', ''),
(495, 171, '3', 'CHITWAN', '', '2072', 'NBN478'),
(496, 172, '3', 'CHITWAN', '', '2065', 'NAP612'),
(497, 173, '3', 'CHITWAN', '', '2075', ''),
(498, 174, '3', 'CHITWAN', '', '2072', 'NBH121'),
(499, 175, '3', 'CHITWAN', '', '2072', 'NBM813'),
(500, 176, '3', 'CHITWAN', '', '2076', ''),
(501, 177, '3', 'PARSA', '', '2057', ''),
(502, 178, '3', 'PARSA', '', '2073', ''),
(503, 179, '3', 'PARSA', '', '2063', ''),
(505, 181, '2', 'MAHOTARI', '', '2074', ''),
(506, 182, '3', 'CHITWAN', '', '2072', ''),
(507, 183, '3', 'CHITWAN', '', '2076', ''),
(508, 184, '3', 'PARSA', '', '2074', ''),
(510, 186, '3', 'CHITWAN', '', '2076', ''),
(511, 187, '3', 'PARSA', '', '2063', ''),
(512, 188, '3', 'PARSA', '', '2058', 'NPWAW244'),
(513, 189, '3', 'CHITWAN', '', '2075', ''),
(514, 190, '3', 'CHITWAN', '', '2070', ''),
(515, 191, '3', 'CHITWAN', '', '2072', ''),
(516, 192, '3', 'CHITWAN', '', '2068', ''),
(517, 193, '3', 'CHITWAN', '', '2057', 'NBN381'),
(518, 194, '3', 'CHITWAN', '', '2068', 'NAL727'),
(519, 195, '3', 'CHITWAN', '', '2049', 'NAL755'),
(520, 196, '3', 'CHITWAN', '', '2062', 'NAL742'),
(521, 197, '3', 'CHITWAN', '', '2068', 'NAL477'),
(522, 198, '3', 'CHITWAN', '', '2065', 'NAL406'),
(523, 199, '3', 'CHITWAN', '', '2069', 'NBP924'),
(524, 200, '3', 'CHITWAN', '', '2053', ''),
(525, 201, '3', 'CHITWAN', '', '2048', 'NBP950'),
(526, 202, '3', 'CHITWAN', '', '2055', 'NAL667'),
(527, 203, '3', 'CHITWAN', '', '2038', 'NAL414'),
(528, 204, '3', 'CHITWAN', '', '2057', 'NAL435'),
(529, 205, '3', 'CHITWAN', '', '2069', 'NAL722'),
(530, 206, '3', 'CHITWAN', '', '2053', 'NBJ278'),
(531, 207, '3', 'CHITWAN', '', '2066', 'NAL781'),
(532, 208, '3', 'CHITWAN', '', '2072', ''),
(533, 209, '3', 'CHITWAN', '', '2065', 'NAL793'),
(534, 210, '3', 'CHITWAN', '', '2069', 'NBH276'),
(535, 211, '3', 'CHITWAN', '', '2065', 'NAL764'),
(536, 212, '3', 'CHITWAN', '', '2065', 'NAL771'),
(537, 213, '3', 'CHITWAN', '', '2068', 'NAL753'),
(538, 214, '3', 'CHITWAN', '', '2068', 'NAL761'),
(539, 215, '3', 'CHITWAN', '', '2053', 'NAL740'),
(540, 216, '3', 'CHITWAN', '', '2068', 'NAL840'),
(541, 217, '3', 'CHITWAN', '', '2069', 'NBH258'),
(542, 218, '3', 'CHITWAN', '', '2070', 'NBJ296'),
(543, 219, '3', 'CHITWAN', '', '2065', 'NAL825'),
(544, 220, '3', 'CHITWAN', '', '2069', 'NBH280'),
(545, 221, '3', 'CHITWAN', '', '2068', 'NAL703'),
(546, 222, '3', 'CHITWAN', '', '2065', ''),
(547, 223, '3', 'CHITWAN', '', '2067', 'NAL716'),
(548, 224, '3', 'CHITWAN', '', '2064', 'NBH278'),
(549, 225, '3', 'CHITWAN', '', '2070', 'NBJ286'),
(550, 226, '3', 'CHITWAN', '', '2070', ''),
(551, 227, '3', 'CHITWAN', '', '2070', 'NBJ281'),
(552, 228, '3', 'CHITWAN', '', '2068', 'NAL767'),
(553, 229, '3', 'CHITWAN', '', '2073', 'NBN368'),
(554, 230, '3', 'CHITWAN', '', '2067', 'NPL692'),
(555, 231, '3', 'CHITWAN', '', '2051', 'NAL802'),
(556, 232, '3', 'CHITWAN', '', '2064', ''),
(557, 233, '3', 'CHITWAN', '', '2068', 'NAL748'),
(558, 234, '3', 'CHITWAN', '', '2069', 'NAL338'),
(559, 235, '3', 'CHITWAN', '', '2064', 'NAL808'),
(560, 236, '3', 'CHITWAN', '', '2070', 'NAL783'),
(561, 237, '3', 'CHITWAN', '', '2070', 'NBH288'),
(562, 238, '3', 'CHITWAN', '', '2070', 'NAL754'),
(563, 239, '3', 'CHITWAN', '', '2059', 'NAP744'),
(564, 240, '3', 'CHITWAN', '', '2069', 'NBJ289'),
(565, 241, '3', 'CHITWAN', '', '2068', ''),
(566, 242, '3', 'CHITWAN', '', '2063', 'NAL407'),
(567, 243, '3', 'CHITWAN', '', '2033', 'NAB429'),
(568, 244, '3', 'CHITWAN', '', '2066', 'NAL441'),
(569, 245, '3', 'CHITWAN', '', '2072', 'NBP949'),
(570, 246, '3', 'CHITWAN', '', '2075', 'NBP955'),
(571, 247, '3', 'CHITWAN', '', '2061', 'NAL432'),
(572, 248, '3', 'CHITWAN', '', '000', ''),
(573, 249, '3', 'CHITWAN', '', '2070', ''),
(574, 250, '3', 'CHITWAN', '', '2014', 'NBP953'),
(575, 251, '3', 'CHITWAN', '', '2061', 'NAW763'),
(576, 252, '3', 'CHITWAN', '', '2073', 'NBP951'),
(577, 253, '3', 'CHITWAN', '', '2060', 'NBH320'),
(578, 254, '3', 'CHITWAN', '', '2072', ''),
(579, 255, '3', 'CHITWAN', '', '2073', ''),
(580, 256, '3', 'CHITWAN', '', '2076', ''),
(581, 257, '3', 'CHITWAN', '', '2074', ''),
(582, 258, '3', 'CHITWAN', '', '2076', ''),
(583, 259, '3', 'CHITWAN', '', '2072', ''),
(584, 260, '3', 'CHITWAN', '', '2065', ''),
(585, 261, '3', 'CHITWAN', '', '2061', ''),
(586, 262, '3', 'CHITWAN', '', '2068', ''),
(587, 263, '3', 'CHITWAN', '', '2070', ''),
(588, 264, '3', 'CHITWAN', '', '2076', ''),
(589, 265, '3', 'CHITWAN', '', '2074', ''),
(590, 266, '3', 'CHITWAN', '', '2063', 'NBA464'),
(591, 267, '3', 'CHITWAN', '', '2072', ''),
(592, 268, '3', 'CHITWAN', '', '2072', ''),
(593, 269, '3', 'CHITWAN', '', '2073', ''),
(594, 270, '3', 'CHITWAN', '', '2067', 'NAL835'),
(595, 271, '3', 'CHITWAN', '', '2049', 'NAL839'),
(596, 272, '3', 'CHITWAN', '', '2049', 'NAL739'),
(597, 273, '3', 'CHITWAN', '', '2050', ''),
(598, 274, '3', 'CHITWAN', '', '2072', 'NBH367'),
(599, 275, '3', 'CHITWAN', '', '2048', 'NAL830'),
(600, 276, '3', 'CHITWAN', '', '001', ''),
(601, 277, '3', 'CHITWAN', '', '00', ''),
(602, 278, '3', 'CHITWAN', '', '023', ''),
(603, 279, '3', 'CHITWAN', '', '2067', 'NAP888'),
(604, 280, '3', 'CHITWAN', '', '2068', 'NAP531'),
(605, 281, '3', 'CHITWAN', '', '2070', 'NBN499'),
(606, 282, '3', 'CHITWAN', '', '2042', 'NBH209'),
(607, 283, '3', 'CHITWAN', '', '2073', 'NBN476'),
(608, 284, '3', 'CHITWAN', '', '2073', 'NBN488'),
(609, 285, '3', 'CHITWAN', '', '2054', 'NBH210'),
(610, 286, '3', 'CHITWAN', '', '1991', 'NBH216'),
(611, 287, '3', 'CHITWAN', '', '2071', ''),
(612, 288, '3', 'CHITWAN', '', '2067', 'NBN532'),
(613, 289, '3', 'CHITWAN', '', '2070', 'NBN523'),
(614, 290, '3', 'CHITWAN', '', '2070', ''),
(615, 291, '3', 'CHITWAN', '', '2074', 'NBN526'),
(616, 292, '3', 'CHITWAN', '', '2073', 'NBN477'),
(617, 293, '3', 'CHITWAN', '', '2064', 'NBH195'),
(618, 294, '3', 'CHITWAN', '', '2072', ''),
(619, 295, '3', 'CHITWAN', '', '2073', ''),
(620, 296, '3', 'CHITWAN', '', '2069', 'NBK699'),
(621, 297, '3', 'CHITWAN', '', '2068', 'NBN533'),
(622, 298, '3', 'CHITWAN', '', '2073', 'NBH184'),
(623, 299, '3', 'CHITWAN', '', '2070', ''),
(624, 300, '3', 'CHITWAN', '', '2070', ''),
(625, 301, '3', 'CHITWAN', '', '2075', ''),
(626, 302, '3', 'CHITWAN', '', '2065', 'NBH166'),
(627, 303, '3', 'CHITWAN', '', '2070', 'NBJ238'),
(628, 304, '3', 'CHITWAN', '', '2042', 'NAM568'),
(629, 305, '3', 'CHITWAN', '', '2043', 'NAM569'),
(630, 306, '3', 'CHITWAN', '', '2070', 'NBJ229'),
(631, 307, '3', 'CHITWAN', '', '2071', 'NBM942'),
(632, 308, '3', 'CHITWAN', '', '2069', 'NBJ234'),
(633, 309, '3', 'CHITWAN', '', '2076', ''),
(634, 310, '3', 'CHITWAN', '', '2074', '932'),
(635, 311, '3', 'CHITWAN', '', '2070', 'NPJ207'),
(636, 312, '3', 'CHITWAN', '', '2065', '595'),
(637, 313, '3', 'CHITWAN', '', '2075', ''),
(638, 314, '3', 'CHITWAN', '', '2069', '342'),
(639, 315, '3', 'CHITWAN', '', '2065', 'NAP473'),
(640, 316, '3', 'CHITWAN', '', '2075', ''),
(641, 317, '3', 'CHITWAN', '', '2072', 'NBM956'),
(642, 318, '3', 'CHITWAN', '', '2070', 'NBJ203'),
(643, 319, '3', 'CHITWAN', '', '2070', 'NBJ211'),
(644, 320, '3', 'CHITWAN', '', '2070', 'NBH332'),
(645, 321, '3', 'CHITWAN', '', '2065', 'NAM570'),
(646, 322, '3', 'CHITWAN', '', '2065', 'NAM601'),
(647, 323, '3', 'CHITWAN', '', '2069', 'NBH354'),
(648, 324, '3', 'CHITWAN', '', '2070', 'NBJ207'),
(649, 325, '3', 'CHITWAN', '', '2073', 'NBP565'),
(650, 326, '3', 'CHITWAN', '', '2071', 'NBM943'),
(651, 327, '3', 'CHITWAN', '', '2075', 'NBP573'),
(652, 328, '3', 'CHITWAN', '', '2073', 'NBM933'),
(653, 329, '3', 'CHITWAN', '', '2076', ''),
(654, 330, '3', 'CHITWAN', '', '2071', ''),
(655, 331, '4', 'KATHMANDU', '', '2035', 'NAY729'),
(656, 332, '4', 'KATHMANDU', '', '2069', 'NAT658'),
(657, 333, '4', 'KATHMANDU', '', '2073', ''),
(658, 334, '4', 'KATHMANDU', '', '2044', 'NAD666'),
(659, 335, '4', 'KATHMANDU', '', '2047', 'NAD662'),
(660, 336, '4', 'KATHMANDU', '', '2065', 'NAD728'),
(661, 337, '4', 'KATHMANDU', '', '2063', 'NAD703'),
(662, 338, '4', 'KATHMANDU', '', '2074', ''),
(663, 339, '4', 'KATHMANDU', '', '2054', 'NAE731'),
(664, 340, '4', 'KATHMANDU', '', '2073', ''),
(665, 341, '4', 'KATHMANDU', '', '2066', 'NAD660'),
(666, 342, '4', 'KATHMANDU', '', '2073', ''),
(667, 343, '4', 'KATHMANDU', '', '2073', ''),
(668, 344, '4', 'KATHMANDU', '', '2057', 'NAD801'),
(669, 345, '4', 'KATHMANDU', '', '2069', 'NPNAL227'),
(670, 346, '4', 'KATHMANDU', '', '2070', 'NBG999'),
(671, 347, '4', 'KATHMANDU', '', '2076', ''),
(672, 348, '4', 'KATHMANDU', '', '2076', ''),
(673, 349, '4', 'KATHMANDU', '', '2061', ''),
(674, 350, '4', 'KATHMANDU', '', '2073', ''),
(675, 351, '4', 'KATHMANDU', '', '2075', ''),
(676, 352, '4', 'KATHMANDU', '', '2076', ''),
(677, 353, '3', 'PARSA', '', '2057', ''),
(678, 354, '3', 'PARSA', '', '2064', ''),
(679, 355, '3', 'PARSA', '', '2050', 'NAN126');

CREATE TABLE `alternative_contact` (
  `id` bigint NOT NULL,
  `intro_id` bigint DEFAULT NULL,
  `alternative_rName` varchar(200) NOT NULL,
  `alternative_rContact_No` varchar(200) NOT NULL,
  `alternative_rRelationship` varchar(200) NOT NULL
);

INSERT INTO `alternative_contact` (`id`, `intro_id`, `alternative_rName`, `alternative_rContact_No`, `alternative_rRelationship`) VALUES
(31, 1, 'Santosh Kumar Rauniyar', '9856321479', 'Saathi'),
(32, 2, 'Santosh Kumar Rauniyar', '9845221524', 'Friend'),
(33, 3, 'Manoj Kumar Gupta', '9845644655', 'Friend'),
(34, 4, 'Hira Tiwari', '9846127157', 'Wife'),
(36, 5, 'Sanjay Sir', '9800854596', 'Friend'),
(37, 6, 'Sanjay Sir', '9865423243', 'Friend'),
(38, 7, 'Muna Tiwari', '9845225334', 'sister'),
(39, 8, 'Januka Bhujel', '9845145390', 'mom'),
(40, 9, 'Suraj Kumar Gupta', '9856231478', 'Friend'),
(41, 10, 'Suraj Kumar Gupta', '9856257856', 'Friend'),
(42, 11, '', '', ''),
(43, 12, '', '', ''),
(44, 13, '', '', ''),
(45, 14, 'Suraj Kumar Gupta', '9856257858', 'Friend'),
(46, 15, 'Suraj Kumar Gupta', '9856257858', 'Friend'),
(47, 16, 'Suraj Kumar Gupta', '9856321478', 'Friend'),
(48, 17, 'Suraj Kumar Gupta', '985625785', 'Friend'),
(49, 18, 'Suraj Kumar Gupta', '9856257859', 'Friend'),
(50, 19, 'Ramnath Bhatta', '9817245184', 'husband'),
(51, 20, 'Shiksha  Upreti', '9845939392', 'pwk'),
(52, 21, 'Gita Timilsina', '9845408517', 'sister'),
(53, 22, 'Suraj Kumar Gupta', '78455416645', 'Friend'),
(54, 23, 'BHAGWATI SUBEDI', '9847241916', 'sister'),
(55, 24, 'BHAGWATI SUBEDI', '9847241916', 'sister'),
(56, 25, 'BHAGWATI SUBEDI', '9847241916', 'sister'),
(57, 26, 'BHAGWATI SUBEDI', '9847241916', 'sister'),
(58, 27, 'Bhojraj Nepal', '9845272704', 'husband'),
(59, 28, 'SANJU SHAHI', '9845481969', 'BUHARI'),
(60, 29, 'Dipesh Gurung', '9845287607', 'husband'),
(61, 30, 'Surja Bdr, Gurung', '9865168230', 'brother'),
(62, 31, 'Surja Bdr, Gurung', '9865168230', 'brother'),
(63, 32, 'Aita kumari Gurung', '9811179822', 'sister'),
(64, 33, 'Amrit Pariyar', '9818711195', 'husband'),
(65, 34, 'Amrit Pariyar', '9818711195', 'husband'),
(66, 35, 'Amrit Pariyar', '9818711195', 'husband'),
(67, 36, 'Amrit Pariyar', '9818711195', 'husband'),
(68, 37, 'Dambar Kumari Gurung', '9811232738', 'sister'),
(69, 38, 'Dambar Kumari Gurung', '9811232738', 'sister'),
(70, 39, 'Dambar Kumari Gurung', '9811232738', 'sister'),
(71, 40, 'Dambar Kumari Gurung', '9811232738', 'aunt'),
(72, 41, 'Dambar Kumari Gurung', '9811232738', 'aunt'),
(73, 42, 'Sital Gurung', '9802966884', 'daughter'),
(74, 43, 'Sanju Shrestha', '9845198627', 'wife'),
(75, 44, 'Min kaji Gurung', '9812252361', 'husband'),
(76, 45, 'Prekshya Gurung', '9803610006', 'daughter in law'),
(77, 46, 'Sarita Gurung', '9815213185', 'sister'),
(78, 47, 'Kopila Gurung', '9823422572', 'nephew'),
(79, 48, 'Sandhya Gurung', '9809178647', 'daughter'),
(80, 49, 'Sita Gurung', '9865196600', 'wife'),
(81, 50, 'Mahalaxmi Gurung', '9845561928', 'friend'),
(82, 51, 'Mahalaxmi Gurung', '9845561928', 'friend'),
(83, 52, 'Mahalaxmi Gurung', '9845561928', 'friend'),
(84, 53, 'Mahalaxmi Gurung', '9845561928', 'friend'),
(85, 54, 'Mahalaxmi Gurung', '9845561928', 'sister in law'),
(86, 55, 'Tulraj Shakya', '9817273424', 'mama'),
(87, 56, 'Tulraj', '9817273424', 'neighbour'),
(209, 57, 'sushil gurung', '9814278403', 'juwai'),
(210, 58, 'letari devi mahoto', '9811227273', 'wife'),
(211, 59, 'hari kumari gurung', '9845067073', 'mother'),
(212, 60, 'suj bahadur gurung', '9865168230', 'husband'),
(213, 61, 'mahaa laxmi gurung', '9845561928', 'didi'),
(214, 62, 'kaji shakya', '9861713197', 'husband'),
(215, 63, 'tara gurung', '9855052378', 'bhauju'),
(216, 64, 'thej bahadur', '9845176701', 'chimeki dai'),
(217, 65, 'prekisha gurung', '9804219948', 'Aunty'),
(218, 66, 'dambar kumari gurung', '9811223738', 'didi'),
(219, 67, 'TULARAJ SHAKYA', '9817273424', 'BROTHER'),
(220, 68, 'MAN KUMARI THAPA', '9845303600', 'MOTHER'),
(221, 69, 'SITA SHARMA', '9845065143', 'mother'),
(222, 70, 'N-A', '9866366902', 'UNKNOWN'),
(223, 71, 'RAM PRASAD  KOIRALA', '9845068363', 'husband'),
(224, 72, 'KHEMRAJ KHADIWADA', '9856045069', 'husband'),
(225, 73, 'TULSI RANABHAT', '9862093225', 'SATHI'),
(226, 74, 'KRISHNA KUMARI KATHIWADA', '9861499376', 'SATHI'),
(227, 75, 'Tulasi Ranabhat', '9862093225', 'sister'),
(228, 76, 'Tulasi Ranabhat', '9862093225', 'daughter in law'),
(229, 77, 'Tulasi Ranabhat', '9862093225', 'friend'),
(230, 78, 'Dinesh Prajapati', '9816217195', 'jaythan'),
(231, 79, 'Rudra prasad marahatta', '9845721322', 'husband'),
(232, 80, 'Dinesh Prajapati', '9816217195', 'bhai'),
(233, 81, 'Dinesh Prajapati', '9816217195', 'husband'),
(234, 82, 'sanjeev kumar singh', '9845526832', 'brother'),
(235, 83, 'NAGRAJ SAUVAR', '98218006332', 'BABU CHORA'),
(236, 84, 'NAWAL KISHWOR SHA', '9845667895', 'husband'),
(237, 85, 'BISHBAHADUR SONAR', '9811833311', 'PREMI'),
(238, 86, 'sadhika devi sah', '9809250460', 'daughter'),
(239, 87, 'dijendra patel', '9823493069', 'son'),
(240, 88, 'pradip kumar sah', '9855025545', 'son'),
(241, 89, 'kisori patel', '9804239475', 'BROTHER'),
(242, 90, 'rekha sha', '9807187290', 'premi sambandha'),
(243, 91, 'Chandramaya Shrestha', '9845406357', 'aunt'),
(244, 92, 'PUNAM DEVI', '9816254599', 'wife'),
(245, 93, 'Yog maya Aryal', '9845113520', 'Phupu sasu'),
(246, 94, 'LUB  PRASAD PARAJU ', '9845540947', 'SASURO'),
(247, 95, 'mina sonarin', '9803072054', 'wife'),
(248, 96, 'anil kumar saha', '9809189582', 'son'),
(249, 97, 'hirdesh thakur', '9806856730', 'BROTHER'),
(250, 98, 'chandan chaudhary ', '9806884644', 'son'),
(251, 99, 'parasnath chaudhary', '9825226330', 'BROTHER'),
(252, 100, 'dev kumari sah', '9845259029', 'self'),
(253, 101, 'Rajendra Neupane', '9845140388', 'husband'),
(254, 102, 'Purnakumari Shrestha', '9845110779', 'sister'),
(255, 103, 'ujjwal kumar sonar', '9821800121', 'son'),
(256, 104, 'Kamnath Adhikari', '9845243566', 'husband'),
(257, 105, 'nagmadi thakur', '9811157054', 'son'),
(258, 106, 'Ramesh Kanta Parajuli', '9845082483', 'husband'),
(259, 107, 'Keshraj Bhandari', '9845546521', 'husband'),
(260, 108, 'Bharat Prasad Tiwari', '984981080', 'friend'),
(261, 109, 'Suk Bdr. Gurung', '9861608723', 'husband'),
(262, 110, 'Srikrishna Pathak', '9845066568', 'neighbour'),
(263, 111, 'Madhav Prasad Neupane', '9845246489', 'friend'),
(264, 112, 'Durga Khatiwada', '9814359579', 'spouse'),
(265, 113, 'Aashutosh yadav', '9811840262', 'son'),
(266, 114, 'bharat thakur', '9845042340', 'premi sambandha'),
(267, 115, 'ramaya devi patel', '9814218512', 'wife'),
(268, 116, 'ramdev raut aahir', '9809274198', 'FATHER'),
(269, 117, 'dinesh pandit', '9816217195', 'FATHER'),
(270, 118, 'rajkumari devi', '9845306268', 'wife'),
(271, 119, 'manisha yadav', '9804287657', 'daughter'),
(272, 120, 'anita kumari', '9809201811', 'daughter'),
(273, 121, 'gyanti patel', '9814229481', 'wife'),
(274, 122, 'binod kumar teli', '9845450903', 'FATHER'),
(275, 123, 'Dinesh Prajapati', '9816217195', 'FATHER'),
(276, 124, 'devkush  thakur', '9806241941', 'son'),
(277, 125, 'nagmadi thakur', '9811157054', 'premi sambandha'),
(278, 126, 'sudasan prajapati', '9821258416', 'BROTHER'),
(279, 127, 'munilal saah', '9806839857', 'buwa'),
(280, 128, 'satya dev prasad saah', '9804235905', 'premi sambandha'),
(281, 129, 'ramawoti kumari saah', '9807229971', 'wife'),
(282, 130, 'Dinesh Prajapati', '9816217195', 'father'),
(283, 131, 'shiva chandra patel', '9807242397', 'mama'),
(284, 132, 'mina devi', '9803072054', 'daughter'),
(285, 133, 'minadevi sonar', '9803072054', 'son'),
(286, 134, 'nagmadi thakur', '9811157054', 'friend'),
(287, 135, 'ramba devi', '9811841939', 'wife'),
(288, 136, 'Bharat Prasad Tiwari', '9849818080', 'friend'),
(289, 137, 'Shova Upreti', '9845343250', 'sister'),
(290, 138, 'Josan Upreti', '9845073191', 'son'),
(291, 139, 'Jeewan Chaudhary', '9865247897', 'brother'),
(292, 140, 'Jeewan Chaudhary', '9865247897', 'UNCLE'),
(293, 141, 'Surendra Mijar', '9809264570', 'son'),
(294, 142, '  ', '985023668', 'own'),
(295, 143, '  ', '9801050628', 'son'),
(296, 144, 'lalan prashad', '9845643251', 'husband'),
(297, 145, 'bharat thakur', '9845042340', 'FATHER'),
(298, 146, 'nagmani thakur', '9811157054', 'friend'),
(299, 147, 'SITARAM MAHATO DHANUK', '9845229151', 'husband'),
(300, 148, 'rekha shah', '9807187290', 'friend'),
(301, 149, 'MADHAN KISHOR SHAH', '9855033122', 'husband'),
(302, 150, 'shabitri barnawal', '9812273710', 'daughter in law'),
(303, 151, 'rajbali yadav', '9811875769', 'BROTHER'),
(304, 152, 'rajbali yadav', '9816235136', 'son'),
(305, 153, 'Kopila Thapa', '9845142751', 'mother'),
(306, 154, 'Sarad Prasad Kunwar', '9845142750', 'husband'),
(307, 155, 'Jokha ram chaudhary', '9865076758', 'FATHER'),
(308, 156, 'Santosh Thapa', '9845279294', 'son'),
(309, 157, 'Kopila Thapa', '9845142751', 'sister'),
(310, 158, 'narshing gairu', '9845916450', 'premi'),
(311, 159, 'Rajkupar', '9814270774', 'neighbour'),
(312, 160, 'miti devi tharuni', '0000000001', 'premi'),
(313, 161, 'rajkapur', '9814270774', 'hus'),
(314, 162, 'miti devi tharuni', '00000000003', 'neighbour'),
(315, 163, 'prem sila devi', '9807257828', 'wife'),
(316, 164, 'miti devi tharuni', '914226257', 'wife'),
(317, 165, 'narshing gairu', '9845916450', 'premi sambandha'),
(318, 166, 'rabvita das tharu', '982188367', 'daughter'),
(319, 167, 'sohan lal rauniyar', '9807280164', 'son'),
(320, 168, 'raj narayani giri', '9821810642', 'son'),
(321, 169, 'shurva shah', '9845409774', 'husband'),
(322, 170, 'Mandip Chaudhary', '9865519875', 'son'),
(323, 171, 'Jeevan Chaudhary', '9865247897', 'brother'),
(324, 172, 'Jeewan Chaudhary', '9865247897', 'brother in law'),
(325, 173, 'Santosh Danai', '9861022166', 'husband'),
(326, 174, 'Sabita Upreti', '9840079546', 'sister'),
(327, 175, 'Sabita Upreti', '9840079546', 'sister'),
(328, 176, 'Sabita Upreti', '9840079546', 'sister'),
(329, 177, 'bhiva devi', '9804261274', 'wife'),
(330, 178, 'anju devi', '9815237336', 'neighbour'),
(331, 179, 'chup prasad', '9845409774', 'dewar'),
(333, 181, 'Sabita Upreti', '9840079546', 'sister in law'),
(334, 182, 'Sabita Upreti', '9840079546', 'sister'),
(335, 183, 'Sabita Upreti', '9840079546', 'friend'),
(336, 184, 'kabita devi', '9811877153', 'aunty'),
(338, 186, 'Puja Pokharel', '0', 'friend'),
(339, 187, 'DHRUP PRASAD ', '9845409774', 'BROTHER'),
(340, 188, 'sambhu mishra', '9845033405', 'son'),
(341, 189, 'Sabita Upreti', '9840079546', 'friend'),
(342, 190, 'Sabita Upreti', '9840079546', 'sister'),
(343, 191, 'Suresh Chaudhary', '9845291144', 'brother'),
(344, 192, 'Tara Chaudhary', '9865418782', 'daughter'),
(345, 193, 'Aruna Chaudhary', '9806852856', 'son'),
(346, 194, 'Amir Chaudhary', '9865239233', 'son'),
(347, 195, 'Hiramani Chaudhary', '9845174663', 'husband'),
(348, 196, 'Dipendra Chaudhary', '9804294025', 'friend'),
(349, 197, 'Aarati Gurung', '9807225888', 'friend'),
(350, 198, 'Beni Bahadur Bhujel', '9849189990', 'husband'),
(351, 199, 'Januka Bhujel', '9845145390', 'wife'),
(352, 200, 'Sobha Bastola', '9845408814', 'wife'),
(353, 201, 'DUMRICHOWK CENTRE', '056562312', 'CENTRE'),
(354, 202, 'Arjun Dhakal', '9845565650', 'husband'),
(355, 203, 'Deepak Bastola', '9865010905', 'son'),
(356, 204, 'Bhojlal Shrestha', '9855063066', 'brother in law'),
(357, 205, 'Mangal Chaudhary', '9845068258', 'son'),
(358, 206, 'Laxmi Prasad Chaudhary', '9855066560', 'brother'),
(359, 207, 'Jokha prasad Chaudhary', '9845340626', 'father'),
(360, 208, 'Laxmi Prasad Chaudhary', '9855066560', 'brother'),
(361, 209, 'Rabita Chauhdary', '9845172081', 'sister'),
(362, 210, 'Radhika Chaudhary', '9845024039', 'sister'),
(363, 211, 'Yaso Chaudhary', '9865250826', 'sister in law'),
(364, 212, 'Sunita Chaudhary', '9848151159', 'sister'),
(365, 213, 'Santa Chaudhary', '9865239963', 'husband'),
(366, 214, 'Dukharam Chaudhary', '9845568350', 'brother'),
(367, 215, 'Sangita Chaudhary', '9845345086', 'wife'),
(368, 216, 'Sujita Chauhdary', '9821204588', 'wife'),
(369, 217, 'Mangal Chaudhary', '9845068258', 'brother'),
(370, 218, 'Rabin Chaudhary', '9826202815', 'husband'),
(371, 219, 'Bikalal Chaudhary', '9845082462', 'husband'),
(372, 220, 'Mandira Chaudhary', '9821253375', 'sister'),
(373, 221, 'Avinash Chaudhary', '9865168078', 'son'),
(374, 222, 'Anurag Chaudhary', '986000448', 'son'),
(375, 223, 'Subash Chaudhary', '9817280678', 'son'),
(376, 224, 'Padam Chuadhary', '9865506945', 'son'),
(377, 225, 'Indira Chaudhary', '9807175430', 'sister'),
(378, 226, 'Sanjeet Chaudhary', '9811178733', 'son'),
(379, 227, 'Chunuyi Tharuni', '9845068258', 'premi'),
(380, 228, 'Indira Chaudhary', '9807175430', 'sister'),
(381, 229, 'Indira Chaudhary', '9807175430', 'sister'),
(382, 230, 'Suresh Chaudhary', '9845291144', 'brother'),
(383, 231, 'Channu Prasad Chaudhary', '9848049748', 'husband'),
(384, 232, 'Chanrupi kumari Chaudhary', '9845772190', 'wife'),
(385, 233, 'Krishna Lal Chaudhary', '9845067316', 'husband'),
(386, 234, 'Bhadai Chaudhary', '9845684217', 'husband'),
(387, 235, 'Gyan Kuamri Raut', '9826204036', 'friend'),
(388, 236, 'Pahara Mahato', '9862098645', 'husband'),
(389, 237, 'Indira Chaudhary', '9807175430', 'premi'),
(390, 238, 'Bagadi Tharuni', '9806812153', 'premi'),
(391, 239, 'Bir Bdr. Bhujel', '9845049432', 'husband'),
(392, 240, 'Indira Chaudhary', '9807175430', 'sister'),
(393, 241, 'Myself', '9865381676', 'me'),
(394, 242, 'Radha Nepal', '9845711814', 'wife'),
(395, 243, 'DUMRICHOWK CENTRE', '056562312', 'CENTRE'),
(396, 244, 'Manju Samari', '9845691976', 'daughter'),
(397, 245, 'Kisan Samari', '9845172643', 'FATHER'),
(398, 246, 'Rashmi Basyal', '9845066600', 'mom'),
(399, 247, 'Shristi Basyal', '9826270707', 'daughter'),
(400, 248, 'Krishna Kumari Shrestha', '9845043066', 'wife'),
(401, 249, 'Bhoj Bahadur Shrestha', '9855063066', 'husband'),
(402, 250, 'Sudan Shrestha', '9855057066', 'husband'),
(403, 251, 'Ambika Bohara', '9845146255', 'son'),
(404, 252, 'Ohsin Shrestha', '9845467577', 'wife'),
(405, 253, 'Kamalnath Khatiwoda', '9845222173', 'husband'),
(406, 254, 'Surendra Bhandari', '9845416137', 'son'),
(407, 255, 'Ambika Bohara', '9845146255', 'premi'),
(408, 256, 'Bhagwati Subedi', '9847241916', 'aunt'),
(409, 257, 'Bampha Amgain', '9843740600', 'sister'),
(410, 258, 'Bhagwati Subedi', '9847241916', 'daughter'),
(411, 259, 'Prem Raj Adhikari', '9804457195', 'son'),
(412, 260, 'BHAGWATI SUBEDI', '9847241916', 'sister'),
(413, 261, 'Jagat Kumari Silwal', '9860485803', 'mom'),
(414, 262, 'BHAGWATI SUBEDI', '9847241976', 'daughter'),
(415, 263, 'BHAGWATI SUBEDI', '9847241916', 'sister'),
(416, 264, 'BHAGWATI SUBEDI', '9847241916', 'sister'),
(417, 265, 'BHAGWATI SUBEDI', '9847241916', 'sister'),
(418, 266, 'Shanti Wagle', '9844776464', 'sister'),
(419, 267, 'BHAGWATI SUBEDI', '9847241916', 'daughter'),
(420, 268, 'Sarita Bartaula', '9861358011', 'wife'),
(421, 269, 'BHAGWATI SUBEDI', '9847241916', 'sister'),
(422, 270, 'Laxmi Prasad Chaudhary', '9855066560', 'brother'),
(423, 271, 'Laxmi Prasad Chaudhary', '9855066560', 'nephew'),
(424, 272, 'Laxmi Prasad Chaudhary', '9855066560', 'brother'),
(425, 273, 'Saroj Chaudhary', '9865381676', 'nephew'),
(426, 274, 'Saroj Chaudhary', '9865381676', 'brother'),
(427, 275, 'DUMRICHOWK CENTRE', '56562312', 'CENTRE'),
(428, 276, 'Radhika Chaudhary', '9845024039', 'sister'),
(429, 277, 'DUMRICHOWK CENTRE', '56562312', 'CENTRE'),
(430, 278, 'DUMRICHOWK CENTRE', '56562312', 'CENTRE'),
(431, 279, 'Bijayram Khatiwoda', '9845160742', 'husband'),
(432, 280, 'Hari Prasad Bhatta', '9867004954', 'husband'),
(433, 281, 'Dambar Kumar Gurung', '9811232738', 'premi'),
(434, 282, 'LUL RAJ', '9817273424', 'brother'),
(435, 283, 'Dhan Bahadur Gurung', '9860639378', 'husband'),
(436, 284, 'Dambar Kumari Gurung', '9811232738', 'neighbour'),
(437, 285, 'Tul raj Shakya', '9817273424', 'neighbour'),
(438, 286, 'Tul raj Shakya', '9817273424', 'brother'),
(439, 287, 'Tul raj Shakya', '9817273424', 'neighbour'),
(440, 288, 'Ganga Dutta Dhakal', '9845088025', 'n'),
(441, 289, 'Ganga Dutta Dhakal', '9845088025', 'neighbour'),
(442, 290, 'Dadhi prasad Adhikari', '9845295033', 'husband'),
(443, 291, 'Ganga Khadka', '9811853737', 'wife'),
(444, 292, 'BELU GURUNG', '9846098618', 'sister'),
(445, 293, 'Minkaji Gurung', '9812252961', 'son'),
(446, 294, 'Sir Bahadur Gurung', '9863381636', 'husband'),
(447, 295, 'Krishna Kumari Gurung', '9845206288', 'sister'),
(448, 296, 'Ganga Dutta Dhakal', '9845088025', 'neighbour'),
(449, 297, 'Man Kumari Thapa', '9845303700', 'sister'),
(450, 298, 'Suntali Puri', '9861984008', 'sister'),
(451, 299, 'Dadhi prasad Adhikari', '9845295033', 'brother'),
(452, 300, 'DUMRICHOWK CENTRE', '56562312', 'sister'),
(453, 301, 'Shekhar Gurung', '9821802570', 'husband'),
(454, 302, 'Man Kumari Thapa', '9845303700', 'sister'),
(455, 303, 'DUMRICHOWK CENTRE', '56562312', 'CENTRE'),
(456, 304, 'Nanda Bal Puri', '9861322863', 'premi'),
(457, 305, 'DUMRICHOWK CENTRE', '56562312', 'CENTRE'),
(458, 306, 'Ratui Chaudhary', '9845240304', 'sister'),
(459, 307, 'Sudhiya Chaudhary', '9845324602', 'wife'),
(460, 308, 'Yam Bahadur Adhikari', '9845531628', 'neighbour'),
(461, 309, 'Laxmi devi Koirala', '9840505632', 'wife'),
(462, 310, 'Ganga Devi Puri', '9866278438', 'wife'),
(463, 311, 'Nageshwori Chaudhary', '9845016184', 'husband'),
(464, 312, 'Ramji Prasad Dhital', '9860402135', 'son'),
(465, 313, 'Ormila Chaudhary', '9845140710', 'daughter in law'),
(466, 314, 'Rita Shrestha', '9845173656', 'daughter in law'),
(467, 315, 'Nilkantha Paudel', '9813035354', 'husband'),
(468, 316, 'Silpa Mahato', '9844614918', 'wife'),
(469, 317, 'Sunil Chaudhary', '9865237635', 'son'),
(470, 318, 'Gita Chaudhary', '9815217750', 'daughter'),
(471, 319, 'Suraj kumar Mahato', '9844629599', 'husband'),
(472, 320, 'Binda Bhattarai', '9845974310', 'daughter in law'),
(473, 321, 'Indira Bokti', '9845017689', 'wife'),
(474, 322, 'Hira Bahadur Bokti', '9845044499', 'husband'),
(475, 323, 'Yam Bahadur Adhikari', '9845531628', 'husband'),
(476, 324, 'Sita Chaudhary', '9819271702', 'daughter in law'),
(477, 325, 'Muna Mahato', '9845840381', 'son'),
(478, 326, 'Navraj Chaudhary', '9845911588', 'son'),
(479, 327, 'Kesar Mahato', '9861193508', 'husband'),
(480, 328, 'Budharmaya', '9865237635', 'wife'),
(481, 329, 'Raju Mahato', '9845112221', 'son'),
(482, 330, 'Surendra Chaudhary', '9865237487', 'husband'),
(483, 331, 'Prasanna Neupane', '9803380438', 'son'),
(484, 332, 'Rabin Adhikari', '9851047510', 'neighbour'),
(485, 333, 'Sulava Rijal', '9860208074', 'friend'),
(486, 334, 'Rina Shrestha', '9841702094', 'wife'),
(487, 335, 'Sarita Bhandari', '9841873429', 'daughter in law'),
(488, 336, 'Durga Karki', '9841426811', 'mother'),
(489, 337, 'Suraj Shrestha Hada', '9849891404', 'brother'),
(490, 338, 'Subhadra Pudasaini', '9849324625', 'premi'),
(491, 339, 'Rashmi Pudasaini', '9843531810', 'daughter in law'),
(492, 340, 'Uma Magiya', '9813711017', 'premi'),
(493, 341, 'Kamala Basnet', '9841015806', 'sister'),
(494, 342, 'Bhawana Rimal', '9843929217', 'daughter'),
(495, 343, 'Sashi Shrestha', '9861280254', 'daughter'),
(496, 344, 'Sonu Ghimire', '9841321904', 'sister'),
(497, 345, 'Pritam Shah/ Pabitra K.C', '9860558973', 'PREMI'),
(498, 346, 'Pabitra K.C', '9841149358', 'sister'),
(499, 347, 'Purna Bahadur Tamang', '9808036926', 'husband'),
(500, 348, 'Pabitra K.C', '9841149358', 'PREMI'),
(501, 349, 'Pabitra K.C', '9841149350', 'PREMI'),
(502, 350, 'Ram Chandra Khatri', '9849358349', 'husband'),
(503, 351, 'Bimala Shrestha', '9840530570', 'WIFE'),
(504, 352, 'Ram Chandra Khatri', '9849358349', 'father'),
(505, 353, 'ANGAD DAS', '9863430014', 'NEIGHBOUR'),
(506, 354, 'ANGAD DAS', '9863430014', 'NEIGHBOUR'),
(507, 355, 'UJWOL RANA', '9840253236', 'son');

CREATE TABLE `background_image` (
  `id` bigint NOT NULL,
  `image_path` varchar(255) NOT NULL,
  `image_name` varchar(255) NOT NULL
);

INSERT INTO `background_image` (`id`, `image_path`, `image_name`) VALUES
(1, 'assets/Admin_Dashboard/image_upload/profilPicture/', '1199152-Prem-Rawat-Quote-What-you-are-looking-for-is-within-you.jpg');


CREATE TABLE `bloodgroup` (
  `COL 1` varchar(3) DEFAULT NULL
);

INSERT INTO `bloodgroup` (`COL 1`) VALUES
('A+'),
('A-'),
('B+'),
('B-'),
('0+'),
('0-'),
('AB+'),
('AB-');


CREATE TABLE `center_list` (
  `Region` varchar(6) DEFAULT NULL,
  `District` varchar(14) DEFAULT NULL,
  `Center` varchar(24) DEFAULT NULL
);

INSERT INTO `center_list` (`Region`, `District`, `Center`) VALUES
('1', 'Bhojpur', 'Bhojpur'),
('1', 'Dhankuta', 'Dhankuta'),
('1', 'Dhankuta', 'lawarbote'),
('1', 'Jhapa', 'Duwagadi'),
('1', 'Jhapa', 'Jalthal'),
('1', 'Jhapa', 'Damak'),
('1', 'Jhapa', 'Shivjung'),
('1', 'Jhapa', 'Ramnagar'),
('1', 'Jhapa', 'Gaurigunj'),
('1', 'Morang', 'Biratnagar'),
('1', 'Morang', 'Kadmaha'),
('1', 'Morang', 'Mangalbare'),
('1', 'Morang', 'Khuniyakhatta'),
('1', 'Morang', 'Kanchanbaari'),
('1', 'Morang', 'Bargachhi'),
('1', 'Morang', 'Harinagara'),
('1', 'Morang', 'Koshiproject'),
('1', 'Morang', 'Pathari'),
('1', 'Okhaldhunga', 'Chyanam'),
('1', 'Okhaldhunga', 'Jalkeni'),
('1', 'Okhaldhunga', 'Okhaldhunga'),
('1', 'Okhaldhunga', 'Rumjatar'),
('1', 'Saptari', 'Chakla'),
('1', 'Saptari', 'Jogniya'),
('1', 'Saptari', 'Dhangadi'),
('1', 'Saptari', 'Rajbiraj'),
('1', 'Saptari', 'Bodhebarsaini'),
('1', 'Saptari', 'kalyanpur'),
('1', 'Siraha', 'Lahan'),
('1', 'Siraha', 'Thatiya kuspaha'),
('1', 'Siraha', 'Mirchiya'),
('1', 'Siraha', 'Sukhipur'),
('1', 'Siraha', 'Siraha'),
('1', 'Siraha', 'Baluwa'),
('1', 'Siraha', 'Purano Corbaha'),
('1', 'Siraha', 'Ayodhanagar (Kashaha)'),
('1', 'Siraha', 'Sony'),
('1', 'Siraha', 'Chandrapatti'),
('1', 'Siraha', 'Mohanpur'),
('1', 'Siraha', 'Golbazar'),
('1', 'Sunsari', 'Dharan'),
('1', 'Sunsari', 'Inaruwa'),
('1', 'Sunsari', 'Bokraha'),
('1', 'Sunsari', 'Khanar'),
('1', 'Sunsari', 'Purbha Kusaha'),
('1', 'Sunsari', 'Jhumka'),
('1', 'Sunsari', 'Belgachiya'),
('1', 'Taplegunj', 'A-01-20-001'),
('1', 'Taplegunj', 'Nageshwori'),
('1', 'Udaypur', 'Bhagalpur (Belaha)'),
('1', 'Udaypur', 'Gaighat'),
('1', 'Udaypur', 'Khanbu'),
('1', 'Udaypur', 'Hadiya'),
('1', 'Udaypur', 'Rampur'),
('1', 'Udaypur', 'Katari'),
('1', 'Udaypur', 'Murkuchi'),
('1', 'Udaypur', 'Jaljale'),
('1', 'Udaypur', 'Bagchauri'),
('1', 'Udaypur', 'Bhitte'),
('1', 'Udaypur', 'Nepaltar'),
('1', 'Udaypur', 'Beltar'),
('1', 'Udaypur', 'Setikhola'),
('1', 'Udaypur', 'Jhora'),
('2', 'Dhanusha', 'Bengadavar'),
('2', 'Dhanusha', 'Janakpur'),
('2', 'Dhanusha', 'Kumbhakarana'),
('2', 'Dhanusha', 'Mahendranagar'),
('2', 'Dhanusha', 'Lalghad'),
('2', 'Dhanusha', 'Dhanushadham'),
('2', 'Dhanusha', 'Digambarpur'),
('2', 'Dhanusha', 'Bramhapuri'),
('2', 'Dhanusha', 'Bhanuchowk'),
('2', 'Dhanusha', 'labatoli'),
('2', 'Dhanusha', 'Sapahi'),
('2', 'Dhanusha', 'sakhuwa'),
('2', 'Dolkha', 'Charikot'),
('2', 'Dolkha', 'Sunkhani'),
('2', 'Mahotari', 'Jaleshowr'),
('2', 'Mahotari', 'Bhetpur'),
('2', 'Mahotari', 'Kabilasa'),
('2', 'Mahotari', 'Padaul'),
('2', 'Mahotari', 'Samsi'),
('2', 'Mahotari', 'Anaitha'),
('2', 'Mahotari', 'Gaushala'),
('2', 'Mahotari', 'Bardibas'),
('2', 'Mahotari', 'Ramgopalpur'),
('2', 'Mahotari', 'Bhangahiya'),
('2', 'Mahotari', 'Siswakataiya'),
('2', 'Mahotari', 'Bantole Hailet'),
('2', 'Ramechhap', 'Ramechhap'),
('2', 'Sarlahi', 'Bagmati'),
('2', 'Sarlahi', 'Bharahathawa'),
('2', 'Sarlahi', 'Bhaktipur'),
('2', 'Sarlahi', 'Jutpani'),
('2', 'Sarlahi', 'Lalbandi'),
('2', 'Sarlahi', 'Malangwa'),
('2', 'Sarlahi', 'Sakraul'),
('2', 'Sarlahi', 'Simara,  Bhagabatipur'),
('2', 'Sarlahi', 'Jingadwa'),
('2', 'Sarlahi', 'Kaudena'),
('2', 'Sarlahi', 'Hirapur'),
('2', 'Sarlahi', 'Hariwan'),
('2', 'Sarlahi', 'Faradwa'),
('2', 'Sarlahi', 'Belhi'),
('2', 'Sarlahi', 'Nayabasti'),
('2', 'sindhuli', 'bhiman'),
('2', 'sindhuli', 'sindhuli'),
('3', 'Bara', 'Babuwain'),
('3', 'Bara', 'Barainiya'),
('3', 'Bara', 'Simara (Nayabasti)'),
('3', 'Bara', 'Jitpur'),
('3', 'Bara', 'Ganja vawanipur'),
('3', 'Bara', 'Pheta'),
('3', 'Bara', 'Auraha'),
('3', 'Bara', 'Amawa'),
('3', 'Bara', 'Nijgadh'),
('3', 'Bara', 'Kalaiya'),
('3', 'Bara', 'Thaskol'),
('3', 'Bara', 'Kolvi'),
('3', 'Bara', 'Khajani'),
('3', 'Bara', 'Bariyarpur'),
('3', 'Bara', 'Parsaunibazar'),
('3', 'Bara', 'Amleshgunj'),
('3', 'Bara', 'Shreepur'),
('3', 'Bara', 'Teteriya'),
('3', 'Bara', 'Bakuliya'),
('3', 'Bara', 'Chatapipara'),
('3', 'Bara', 'Bajani'),
('3', 'Chitwan', 'Badgau'),
('3', 'Chitwan', 'Beldiha'),
('3', 'Chitwan', 'Padampur'),
('3', 'Chitwan', 'Bharatpur'),
('3', 'Chitwan', 'Jayamangala'),
('3', 'Chitwan', 'Jutpaani'),
('3', 'Chitwan', 'Manipur'),
('3', 'Chitwan', 'Hanumannagar'),
('3', 'Chitwan', 'Shantichowk'),
('3', 'Chitwan', 'Gothshwar'),
('3', 'Chitwan', 'Shaktikhor'),
('3', 'Chitwan', 'Baseni'),
('3', 'Chitwan', 'Pratappur'),
('3', 'Chitwan', 'Gadyauli'),
('3', 'Chitwan', 'Parsa'),
('3', 'Chitwan', 'Madi (Sitalpur)'),
('3', 'Chitwan', 'Madhabpur'),
('3', 'Chitwan', 'Aaptari'),
('3', 'Chitwan', 'Kholesimal'),
('3', 'Chitwan', 'Sauraha Chowk'),
('3', 'Chitwan', 'Dumrichowk'),
('3', 'Chitwan', 'Tadi'),
('3', 'Chitwan', 'Peperiya'),
('3', 'Chitwan', 'Saradanagar'),
('3', 'Chitwan', 'Sundarbasti'),
('3', 'Makwanpur', 'Basmadi'),
('3', 'Makwanpur', 'Gangate,    Chisapani'),
('3', 'Makwanpur', 'Hadikhola'),
('3', 'Makwanpur', 'Hetauda'),
('3', 'Makwanpur', 'Padampokhari'),
('3', 'Makwanpur', 'Bajrabarahi'),
('3', 'Makwanpur', 'Buspark'),
('3', 'Makwanpur', 'Pasupatinagar'),
('3', 'Makwanpur', 'Chaukitole'),
('3', 'Parsa', 'Birgunj'),
('3', 'Parsa', 'Gardaul '),
('3', 'Parsa', 'Prasaunisira'),
('3', 'Parsa', 'Dokaila'),
('3', 'Parsa', 'Sankarsaraiya'),
('3', 'Parsa', 'Sapauli'),
('3', 'Parsa', 'Solakhpur'),
('3', 'Parsa', 'Pasupatinagar'),
('3', 'Parsa', 'Chhapkaiya'),
('3', 'Parsa', 'Ranighat'),
('3', 'Parsa', 'Bisrampur'),
('3', 'Parsa', 'Basdilwa'),
('3', 'Parsa', 'Bhediyahi'),
('3', 'Parsa', 'Aauraha'),
('3', 'Parsa', 'Shivbarba'),
('3', 'Parsa', 'Sugauli'),
('3', 'Parsa', 'Jagaranathpur'),
('3', 'Parsa', 'Parwanipur'),
('3', 'Parsa', 'Bahuharpidari'),
('3', 'Parsa', 'Debariya'),
('3', 'Parsa', 'Santhi'),
('3', 'Parsa', 'Bhawanipur'),
('3', 'Rautahat', 'Gonahi'),
('3', 'Rautahat', 'Gaur'),
('3', 'Rautahat', 'Jetheriya'),
('3', 'Rautahat', 'Bijayapur'),
('3', 'Rautahat', 'Laukaha'),
('3', 'Rautahat', 'Mahamadpur'),
('3', 'Rautahat', 'Samanpur'),
('3', 'Rautahat', 'Santapur(Ma)'),
('3', 'Rautahat', 'Chandranigahapur'),
('3', 'Rautahat', 'Pipariya'),
('3', 'Rautahat', 'Santapur (Do)'),
('3', 'Rautahat', 'Baktaura'),
('3', 'Rautahat', 'Ajagaibi'),
('3', 'Rautahat', 'pataura'),
('3', 'Rautahat', 'Sinduredhari'),
('3', 'Rautahat', 'Gopalkuti'),
('3', 'Rautahat', 'Petbharwa'),
('3', 'Rautahat', 'Sitalpur'),
('3', 'Rautahat', 'katahariya'),
('3', 'Rautahat', 'Banjaraha'),
('3', 'Rautahat', 'Laxminiya'),
('4', 'Bhaktapur', 'Bhaktapur'),
('4', 'Bhaktapur', 'Challing'),
('4', 'Bhaktapur', 'Kharipati'),
('4', 'Bhaktapur', 'Dadhikot'),
('4', 'Bhaktapur', 'Nalinchowk'),
('4', 'Bhaktapur', 'Saraswatikhel'),
('4', 'Bhaktapur', 'Tathali'),
('4', 'Bhaktapur', 'Katunje'),
('4', 'Bhaktapur', 'Shipadol'),
('4', 'Bhaktapur', 'Thimi'),
('4', 'Bhaktapur', 'Balkot'),
('4', 'Bhaktapur', 'Surya Binayak'),
('4', 'Bhaktapur', 'Gundu'),
('4', 'Bhaktapur', 'Duwakot'),
('4', 'Bhaktapur', 'Pati Chowr'),
('4', 'Dhading', 'Agaurta'),
('4', 'Dhading', 'Maidi'),
('4', 'Dhading', 'Khahare'),
('4', 'Dhading', 'Belung'),
('4', 'Dhading', 'Budhathum'),
('4', 'Dhading', 'Golang'),
('4', 'Dhading', 'Baseri'),
('4', 'Dhading', 'Chapthok'),
('4', 'Dhading', 'Salbas'),
('4', 'Dhading', 'Majgaun'),
('4', 'Dhading', 'Karkigau'),
('4', 'Kathmandu', 'Balaju'),
('4', 'Kathmandu', 'Baluwatar'),
('4', 'Kathmandu', 'Baneshwor'),
('4', 'Kathmandu', 'Basundhara'),
('4', 'Kathmandu', 'Bhagwanbahal'),
('4', 'Kathmandu', 'Mahabaudhha'),
('4', 'Kathmandu', 'Samakhusi'),
('4', 'Kathmandu', 'Cabahil'),
('4', 'Kathmandu', 'Thankot'),
('4', 'Kathmandu', 'Machhegaun'),
('4', 'Kathmandu', 'Koteshowr'),
('4', 'Kathmandu', 'Ukhutar'),
('4', 'Kathmandu', 'Jorpati'),
('4', 'Kathmandu', 'Bagbajar'),
('4', 'Kathmandu', 'Goldhunga'),
('4', 'Kathmandu', 'Kuleshowr'),
('4', 'Kathmandu', 'Kadaghari'),
('4', 'Kathmandu', 'Futungchowr'),
('4', 'Kathmandu', 'Dhokatole'),
('4', 'Kathmandu', 'Mulpani'),
('4', 'Kathmandu', 'Hattigauda'),
('4', 'Kathmandu', 'Ghattaekulo'),
('4', 'Kathmandu', 'Katyani'),
('4', 'Kathmandu', 'Sinamangal'),
('4', 'Kathmandu', 'Buddhanagar'),
('4', 'Kathmandu', 'Mahadevsthan'),
('4', 'Kathmandu', 'Phaika'),
('4', 'Kathmandu', 'Pasikot'),
('4', 'Kathmandu', 'Syuichatar'),
('4', 'Kathmandu', 'Banasthali'),
('4', 'Kathmandu', 'Dadagaun'),
('4', 'Kathmandu', 'Dhungedhara'),
('4', 'Kathmandu', 'Chhap'),
('4', 'Kathmandu', 'Narefat'),
('4', 'Kathmandu', 'Balkhu'),
('4', 'Kathmandu', 'Maruhiti'),
('4', 'Kathmandu', 'Lagantole'),
('4', 'Kathmandu', 'Gairegaun'),
('4', 'Kathmandu', 'kalimati'),
('4', 'Kathmandu', 'Sano Bharyang'),
('4', 'Kathmandu', 'Nardevi'),
('4', 'Kathmandu', 'Maitidevi'),
('4', 'Kavre', 'Banepa'),
('4', 'Kavre', 'Dhulikhel'),
('4', 'Kavre', 'Nala'),
('4', 'Kavre', 'Panchkhal'),
('4', 'Kavre', 'Sangha'),
('4', 'Kavre', 'Panauti'),
('4', 'Kavre', 'Balthali'),
('4', 'Kavre', 'Katikedeurali'),
('4', 'Kavre', 'Subbagaun'),
('4', 'Kavre', 'Kushadevi'),
('4', 'Lalitpur', 'lagankhel'),
('4', 'Lalitpur', 'Lele'),
('4', 'Lalitpur', 'Lubu'),
('4', 'Lalitpur', 'Bhaisepati'),
('4', 'Lalitpur', 'Nakhipot'),
('4', 'Lalitpur', 'Godamchowr'),
('4', 'Lalitpur', 'Tikathali'),
('4', 'Lalitpur', 'Imadole'),
('4', 'Lalitpur', 'Sanepa'),
('4', 'Nuwakot', 'Pipaldada'),
('4', 'Nuwakot', 'Battar'),
('4', 'Sindhupalchowk', 'Jalbire'),
('4', 'Sindhupalchowk', 'Chanaute'),
('5', 'Baglung', 'Baglung'),
('5', 'Gorkha', 'Arbang Oyak'),
('5', 'Gorkha', 'Arucheprak'),
('5', 'Gorkha', 'Arughat'),
('5', 'Gorkha', 'Ghyalchowk'),
('5', 'Gorkha', 'Lakurebot'),
('5', 'Gorkha', 'Saurpani'),
('5', 'Gorkha', 'Mailung(Jharang)'),
('5', 'Gorkha', 'Gaikhur'),
('5', 'Gorkha', 'Alaiche'),
('5', 'Gorkha', 'Okhle'),
('5', 'Gorkha', 'Gorkhabazar'),
('5', 'Gorkha', 'Masel'),
('5', 'Gorkha', 'Aaru Dhara Pani'),
('5', 'Gorkha', 'Finimtar (Ka)'),
('5', 'Gorkha', 'thumidhodeni'),
('5', 'Gorkha', 'mahatar'),
('5', 'Gorkha', 'Churung'),
('5', 'Gorkha', 'Sisneri'),
('5', 'Gorkha', 'Pandrung'),
('5', 'Gorkha', 'Nayabasti'),
('5', 'Gulmi', 'Rudrawati'),
('5', 'Kapilbastu', 'Chandrauta'),
('5', 'Kapilbastu', 'Doheni'),
('5', 'Kapilbastu', 'Jitpur'),
('5', 'Kaski', 'Bindabasini'),
('5', 'Kaski', 'Batulechowr'),
('5', 'Kaski', 'Gagangauda'),
('5', 'Kaski', 'Ranipouwa'),
('5', 'Kaski', 'Budibazar (Sundaribazar)'),
('5', 'Kaski', 'Hemja'),
('5', 'Kaski', 'Rastra Bank Marga'),
('5', 'Kaski', 'Chandisthan'),
('5', 'Kaski', 'Gaurighat (Baidam)'),
('5', 'Kaski', 'Shantinagar'),
('5', 'Kaski', 'kaskikot'),
('5', 'Kaski', 'Naudada'),
('5', 'Kaski', 'Chauthe'),
('5', 'Kaski', 'Majeripatan'),
('5', 'Kaski', 'Amardeep'),
('5', 'Lamjung', 'Baguwa'),
('5', 'Lamjung', 'Harrabot'),
('5', 'Lamjung', 'Tarachowk'),
('5', 'Lamjung', 'Timure'),
('5', 'Lamjung', 'Besisahar'),
('5', 'Lamjung', 'Mangaltar'),
('5', 'Myagdi', 'Rakhupiple'),
('5', 'Myagdi', 'Beni'),
('5', 'Nawalparasi', 'Kawasoti'),
('5', 'Nawalparasi', 'Asnaiya'),
('5', 'Nawalparasi', 'Gaidakot'),
('5', 'Rupandehi', 'Butwal'),
('5', 'Rupandehi', 'Jarlaiya'),
('5', 'Rupandehi', 'Kotihawa'),
('5', 'Rupandehi', 'Drivertole'),
('5', 'Rupandehi', 'Bhairahawa'),
('5', 'Syangha', 'Walling'),
('5', 'Syangha', 'Chhyangchhyandi'),
('5', 'Tanahu', 'Bimalnagar'),
('5', 'Tanahu', 'Dhulegaida'),
('5', 'Tanahu', 'Bhansar'),
('5', 'Tanahu', 'Naranga'),
('5', 'Tanahu', 'Abukhaireni'),
('5', 'Tanahu', 'simalchour'),
('5', 'Tanahu', 'Beltar'),
('5', 'Tanahu', 'Rishipatan'),
('6', 'Baitadi', 'Gokuleshowr'),
('6', 'Banke', 'Nepalgunj'),
('6', 'Banke', 'Kohalpur'),
('6', 'Bardiya', 'Bhurigau'),
('6', 'Bardiya', 'Meteriya (Bansgadi)'),
('6', 'Bardiya', 'Jhundipur'),
('6', 'Dang', 'Gorahi'),
('6', 'Dang', 'Narayanpur'),
('6', 'Dang', 'Tulsipur'),
('6', 'Dang', 'Chandanpur'),
('6', 'Dang', 'Sisnekhola'),
('6', 'Dang', 'Lamahi'),
('6', 'Darchula', 'Dhulegauda'),
('6', 'Darchula', 'Jyamirmarma'),
('6', 'Darchula', 'Khalangga'),
('6', 'Darchula', 'Khandeshowri'),
('6', 'Darchula', 'Latthinath'),
('6', 'Darchula', 'Siptimarma'),
('6', 'Darchula', 'sundamunda'),
('6', 'Darchula', 'saukebagad'),
('6', 'kailali', 'Dhangadi'),
('6', 'Kanchanpur', 'Mahendranagar'),
('6', 'Kanchanpur', 'Gokulpur'),
('6', 'Kanchanpur', 'Parifata'),
('6', 'Kanchanpur', 'Sundarpur'),
('6', 'Pyuthan', 'Bijuwar'),
('6', 'Pyuthan', 'Khalangabazar'),
('6', 'Pyuthan', 'Bhingeribazar'),
('6', 'Rukum', 'Aathbiskot'),
('6', 'Surkhet', 'Birendranagar'),
('6', 'Surkhet', 'Chisapani'),
('6', 'Surkhet', 'Bazar');

CREATE TABLE `country` (
  `COL 1` varchar(5) DEFAULT NULL
);

INSERT INTO `country` (`COL 1`) VALUES
('India'),
('Nepal');



CREATE TABLE `currentaddress` (
  `id` bigint NOT NULL,
  `intro_id` bigint DEFAULT NULL,
  `rWard` varchar(200) NOT NULL,
  `rMunici` varchar(200) NOT NULL,
  `rProvince` varchar(200) NOT NULL,
  `rDistrict` varchar(255) NOT NULL,
  `rTelephoneNo` varchar(200) NOT NULL,
  `rMobileNo` varchar(200) NOT NULL,
  `rEmail` varchar(200) NOT NULL
);

INSERT INTO `currentaddress` (`id`, `intro_id`, `rWard`, `rMunici`, `rProvince`, `rDistrict`, `rTelephoneNo`, `rMobileNo`, `rEmail`) VALUES
(320, 1, '         4', 'HARIPURWA MUNICIPALITY', 'Madhesh', '         SARLAHI', '464-48645', '9865527793', 'bikeshgupta1@gmail.com'),
(321, 2, '4', 'SIDDHALEK RURAL MUNICIPALITY', 'Bagmati', 'DHADING', '456456', '98562232324', 'arjunkumargupta01@gmail.com'),
(322, 3, '                       4', 'THASANG RURAL MUNICIPALITY', 'Gandaki', '                       MUSTANG', '464-48644', '9744221258', 'sunamkc77@gmail.com'),
(323, 4, '   12', 'BHARATPUR METROPOLITIAN CITY', 'Bagmati', '   CHITAWAN', '', '9845166640', 'tiwarihari443@gmail.com'),
(325, 5, '       4', 'SAMSI RURAL MUNICIPALITY', 'Madhesh', '       MAHOTTARI', '', '9865527793', 'ranjitsir2341@gmail.com'),
(326, 6, '  4', 'SHANKHARAPUR MUNICIPALITY', 'Bagmati', '  KATHMANDU', '54353', '9851131519', 'department1@gmail.com'),
(327, 7, '  12', 'RATNANAGAR MUNICIPALITY', 'Bagmati', '  CHITAWAN', '', '9845693014', ''),
(328, 8, '15', 'RATNANAGAR MUNICIPALITY', 'Bagmati', 'CHITAWAN', '', '9807210476', 'anubhujel58@gmail.com'),
(329, 9, '  5              ', 'MADHYAPUR THIMI MUNICIPALITY', 'Bagmati', '  BHAKTAPUR', '', '9865527793', 'guptabikesh24332@gmail.com'),
(330, 10, '5              ', 'PANAUTI MUNICIPALITY', 'Bagmati', 'KAVREPALANCHOK', '', '9865527793', ''),
(331, 11, '', '', '', '', '', '', ''),
(332, 12, '', '', '', '', '', '', ''),
(333, 13, '', '', '', '', '', '', ''),
(334, 14, '5', 'PHETA RURAL MUNICIPALITY', 'Madhesh', 'BARA', '', '9865527793', ''),
(335, 15, '5', 'PHETA RURAL MUNICIPALITY', 'Madhesh', 'BARA', '', '9865527793', ''),
(336, 16, '5              ', 'NAGARAIN MUNICIPALITY', 'Madhesh', 'DHANUSA', '', '9856321478', ''),
(337, 17, '5', 'MADHUWAN MUNICIPALITY', 'Lumbini', 'BARDIYA', '', '9865527793', ''),
(338, 18, '5', 'TALKOT RURAL MUNICIPALITY', 'Sudurpaschim', 'BAJHANG', '', '9865527797', ''),
(339, 19, '4', 'KHAIRAHANI MUNICIPALITY', 'Bagmati', 'CHITAWAN', '', '9860019579', ''),
(340, 20, '4', 'RAPTI MUNICIPALITY', 'Bagmati', 'CHITAWAN', '9824292260', '9845939392', 'shikshaupreti8@gmail.com'),
(341, 21, '16', 'RATNANAGAR MUNICIPALITY', 'Bagmati', 'CHITAWAN', '9811298379', '9860325917', 'tsunita753@gmail.com'),
(342, 22, ' 5', 'PANAUTI MUNICIPALITY', 'Bagmati', ' KAVREPALANCHOK', '', '4512789645', ''),
(343, 23, '3', 'KAWASOTI MUNICIPALITY', 'Gandaki', 'NAWALPARASI EAST', '', '984300544', ''),
(344, 24, '3', 'KAWASOTI MUNICIPALITY', 'Gandaki', 'NAWALPARASI EAST', '', '984300544', ''),
(345, 25, '8', 'KAWASOTI MUNICIPALITY', 'Gandaki', 'NAWALPARASI EAST', '', '9846415023', ''),
(346, 26, '8', 'KAWASOTI MUNICIPALITY', 'Gandaki', 'NAWALPARASI EAST', '', '9867927370', ''),
(347, 27, '13', 'RATNANAGAR MUNICIPALITY', 'Bagmati', 'CHITAWAN', '', '9845711814', ''),
(348, 28, '13', 'RATNANAGAR MUNICIPALITY', 'Bagmati', 'CHITAWAN', '', '9845661771', ''),
(349, 29, '2', 'RATNANAGAR MUNICIPALITY', 'Bagmati', 'CHITAWAN', '', '9845146255', ''),
(350, 30, '3', 'BHARATPUR METROPOLITIAN CITY', 'Bagmati', 'CHITAWAN', '', '9865209443', ''),
(351, 31, '3', 'BHARATPUR METROPOLITIAN CITY', 'Bagmati', 'CHITAWAN', '', '9865209443', ''),
(352, 32, '19', 'BHARATPUR METROPOLITIAN CITY', 'Bagmati', 'CHITAWAN', '', '9821802770', ''),
(353, 33, '19', 'BHARATPUR METROPOLITIAN CITY', 'Bagmati', 'CHITAWAN', '', '9803036474', ''),
(354, 34, '19', 'BHARATPUR METROPOLITIAN CITY', 'Bagmati', 'CHITAWAN', '', '9803036474', ''),
(355, 35, '19', 'BHARATPUR METROPOLITIAN CITY', 'Bagmati', 'CHITAWAN', '', '9803036474', ''),
(356, 36, '19', 'BHARATPUR METROPOLITIAN CITY', 'Bagmati', 'CHITAWAN', '', '9803036474', ''),
(357, 37, '19', 'BHARATPUR METROPOLITIAN CITY', 'Bagmati', 'CHITAWAN', '', '9811232738', ''),
(358, 38, '19', 'BHARATPUR METROPOLITIAN CITY', 'Bagmati', 'CHITAWAN', '', '98', ''),
(359, 39, '19', 'BHARATPUR METROPOLITIAN CITY', 'Bagmati', 'CHITAWAN', '', '9815206281', ''),
(360, 40, '19', 'BHARATPUR METROPOLITIAN CITY', 'Bagmati', 'CHITAWAN', '', '9860943086', ''),
(361, 41, '19', 'BHARATPUR METROPOLITIAN CITY', 'Bagmati', 'CHITAWAN', '', '9860943086', ''),
(362, 42, '19', 'BHARATPUR METROPOLITIAN CITY', 'Bagmati', 'CHITAWAN', '', '9845925175', ''),
(363, 43, '19', 'BHARATPUR METROPOLITIAN CITY', 'Bagmati', 'CHITAWAN', '', '9817273424', ''),
(364, 44, '19', 'BHARATPUR METROPOLITIAN CITY', 'Bagmati', 'CHITAWAN', '', '9804249008', ''),
(365, 45, '20', 'BHARATPUR METROPOLITIAN CITY', 'Bagmati', 'CHITAWAN', '', '9811187111', ''),
(366, 46, '19', 'BHARATPUR METROPOLITIAN CITY', 'Bagmati', 'CHITAWAN', '', '9813994006', ''),
(367, 47, '17', 'BHARATPUR METROPOLITIAN CITY', 'Bagmati', 'CHITAWAN', '', '9823422572', ''),
(368, 48, '19', 'BHARATPUR METROPOLITIAN CITY', 'Bagmati', 'CHITAWAN', '', '9809145159', ''),
(369, 49, '19', 'BHARATPUR METROPOLITIAN CITY', 'Bagmati', 'CHITAWAN', '', '9845045894', ''),
(370, 50, '19', 'BHARATPUR METROPOLITIAN CITY', 'Bagmati', 'CHITAWAN', '', '9845045437', ''),
(371, 51, '19', 'BHARATPUR METROPOLITIAN CITY', 'Bagmati', 'CHITAWAN', '', '9845045437', ''),
(372, 52, '19', 'BHARATPUR METROPOLITIAN CITY', 'Bagmati', 'CHITAWAN', '', '9845045437', ''),
(373, 53, '19', 'BHARATPUR METROPOLITIAN CITY', 'Bagmati', 'CHITAWAN', '', '9845045437', ''),
(374, 54, '19', 'BHARATPUR METROPOLITIAN CITY', 'Bagmati', 'CHITAWAN', '', '9845561928', ''),
(375, 55, '19', 'BHARATPUR METROPOLITIAN CITY', 'Bagmati', 'CHITAWAN', '', '9811926322', ''),
(376, 56, '19', 'BHARATPUR METROPOLITIAN CITY', 'Bagmati', 'CHITAWAN', '', '9845176701', ''),
(498, 57, '19', 'BHARATPUR METROPOLITIAN CITY', 'Bagmati', 'CHITWAN', '', '9806675733', ''),
(499, 58, '19', 'BHARATPUR METROPOLITIAN CITY', 'Bagmati', 'CHITWAN', '', '9845073618', ''),
(500, 59, '19', 'BHARATPUR METROPOLITIAN CITY', 'Bagmati', 'CHITWAN', '', '9842605955', ''),
(501, 60, '19', 'BHARATPUR METROPOLITIAN CITY', 'Bagmati', 'CHITWAN', '', '9845049617', ''),
(502, 61, '19', 'BHARATPUR METROPOLITIAN CITY', 'Bagmati', 'CHITWAN', '', '9845083339', ''),
(503, 62, '19', 'BHARATPUR METROPOLITIAN CITY', 'Bagmati', 'CHITWAN', '', '9865424475', ''),
(504, 63, '19', 'BHARATPUR METROPOLITIAN CITY', 'Bagmati', 'CHITWAN', '', '9818823337', ''),
(505, 64, '19', 'BHARATPUR METROPOLITIAN CITY', 'Bagmati', 'CHITWAN', '', '9845102595', ''),
(506, 65, '19', 'BHARATPUR METROPOLITIAN CITY', 'Bagmati', 'CHITWAN', '', '9862784596', 'bidhyagurung19@gmail.com'),
(507, 66, '19', 'BHARATPUR METROPOLITIAN CITY', 'Bagmati', 'CHITWAN', '', '9845175974', ''),
(508, 67, '17', 'BHARATPUR METROPOLITIAN CITY', 'Bagmati', 'CHITWAN', '', '0000000000', ''),
(509, 68, '6', 'KALIKA MUNICIPALITY', 'Bagmati', 'CHITWAN', '', '9845053338', ''),
(510, 69, '08', 'KHAIRAHANI MUNICIPALITY', 'Bagmati', 'CHITWAN', '', '9869776588', ''),
(511, 70, '14', 'RATNANAGAR MUNICIPALITY', 'Bagmati', 'CHITWAN', '', '9845049605', ''),
(512, 71, '4', 'KHAIRAHANI MUNICIPALITY', 'Bagmati', 'CHITWAN', '', '9860304995', ''),
(513, 72, '4', 'KHAIRAHANI MUNICIPALITY', 'Bagmati', 'CHITWAN', '', '9865094333', ''),
(514, 73, '4', 'RATNANAGAR MUNICIPALITY', 'Bagmati', 'CHITWAN', '', '9864280173', ''),
(515, 74, '4', 'KHAIRAHANI MUNICIPALITY', 'Bagmati', 'CHITWAN', '', '9862093225', ''),
(516, 75, '4', 'KHAIRAHANI MUNICIPALITY', 'Bagmati', 'CHITWAN', '', '00', ''),
(517, 76, '4', 'KHAIRAHANI MUNICIPALITY', 'Bagmati', 'CHITWAN', '', '9845976554', ''),
(518, 77, '4', 'KHAIRAHANI MUNICIPALITY', 'Bagmati', 'CHITWAN', '', '9845160364', ''),
(519, 78, '1', 'BIRGUNJ METROPOLITIAN CITY', 'Madhesh', 'PARSA', '', '9815210486', ''),
(520, 79, '4', 'KHAIRAHANI MUNICIPALITY', 'Bagmati', 'CHITWAN', '', '9845509000', ''),
(521, 80, '       1', 'SAKHUWAPRASAUNI RURAL MUNICIPALITY', 'Madhesh', '  ', '', '9814275749', ''),
(522, 81, '03', 'BIRGUNJ METROPOLITIAN CITY', 'Madhesh', 'PARSA', '', '9811841939', ''),
(523, 82, '3', 'MATIHANI MUNICIPALITY', 'Madhesh', 'MAHOTTARI', '', '9827208180', ''),
(524, 83, '15', 'BIRGUNJ METROPOLITIAN CITY', 'Madhesh', 'PARSA', '', '9807271769', ''),
(525, 84, '4', 'KALAIYA SUB-METROPOLITIAN CITY', 'Madhesh', 'BARA', '', '9845667895', ''),
(526, 85, '5', 'BISHRAMPUR RURAL MUNICIPALITY', 'Madhesh', 'BARA', '', '9819223575', ''),
(527, 86, '5', 'JITPUR SIMARA SUB-METROPOLITIAN CITY', 'Madhesh', 'BARA', '', '9811160949', ''),
(528, 87, '18', 'KALAIYA SUB-METROPOLITIAN CITY', 'Madhesh', 'BARA', '', '9804229761', ''),
(529, 88, '10', 'KALAIYA SUB-METROPOLITIAN CITY', 'Madhesh', 'BARA', '', '9855024540', ''),
(530, 89, '6', 'JAGARNATHPUR RURAL MUNICIPALITY', 'Madhesh', 'PARSA', '', '9811237815', ''),
(531, 90, '02', 'SAKHUWAPRASAUNI RURAL MUNICIPALITY', 'Madhesh', 'PARSA', '', '9807261879', ''),
(532, 91, '2', 'KHAIRAHANI MUNICIPALITY', 'Bagmati', 'CHITWAN', '', '9816213792', ''),
(533, 92, '6', 'JAGARNATHPUR RURAL MUNICIPALITY', 'Madhesh', 'PARSA', '', '9845788941', ''),
(534, 93, '4', 'KHAIRAHANI MUNICIPALITY', 'Bagmati', 'CHITWAN', '', '0', ''),
(535, 94, '13', 'BIRGUNJ METROPOLITIAN CITY', 'Madhesh', 'PARSA', '', '9806840925', ''),
(536, 95, '11', 'BIRGUNJ METROPOLITIAN CITY', 'Madhesh', 'PARSA', '', '9745007434', ''),
(537, 96, '26', 'BIRGUNJ METROPOLITIAN CITY', 'Madhesh', 'PARSA', '', '9845192145', ''),
(538, 97, '2', 'BIRGUNJ METROPOLITIAN CITY', 'Madhesh', 'PARSA', '', '9809138499', ''),
(539, 98, '31', 'BIRGUNJ METROPOLITIAN CITY', 'Madhesh', 'PARSA', '', '9845257155', ''),
(540, 99, '31', 'BIRGUNJ METROPOLITIAN CITY', 'Madhesh', 'PARSA', '', '9860226814', 'ghanshyamcd@gmail.com'),
(541, 100, '8', 'PRASAUNI RURAL MUNICIPALITY', 'Madhesh', 'BARA', '', '9845259029', 'dev984529029@gmail.com'),
(542, 101, '8', 'KHAIRAHANI MUNICIPALITY', 'Bagmati', 'CHITWAN', '', '9842396068', ''),
(543, 102, '8', 'KHAIRAHANI MUNICIPALITY', 'Bagmati', 'CHITWAN', '', '984511320', ''),
(544, 103, '15', 'BIRGUNJ METROPOLITIAN CITY', 'Madhesh', 'PARSA', '', '9845424802', ''),
(545, 104, '4', 'KHAIRAHANI MUNICIPALITY', 'Bagmati', 'CHITWAN', '', '9865178444', ''),
(546, 105, '7', 'POKHARIYA MUNICIPALITY', 'Madhesh', 'PARSA', '', '9807252058', ''),
(547, 106, '8', 'KHAIRAHANI MUNICIPALITY', 'Bagmati', 'CHITWAN', '056-582265', '9845182483', ''),
(548, 107, '11', 'KHAIRAHANI MUNICIPALITY', 'Bagmati', 'CHITWAN', '', '9845347271', ''),
(549, 108, '4', 'RAPTI MUNICIPALITY', 'Bagmati', 'CHITWAN', '', '9845246489', ''),
(550, 109, '8', 'KHAIRAHANI MUNICIPALITY', 'Bagmati', 'CHITWAN', '', '9845110328', ''),
(551, 110, '8', 'KHAIRAHANI MUNICIPALITY', 'Bagmati', 'CHITWAN', '', '9845082528', ''),
(552, 111, '4', 'RAPTI MUNICIPALITY', 'Bagmati', 'CHITWAN', '', '9849818080', ''),
(553, 112, '    5', 'DAMAK MUNICIPALITY', 'Province 1', '    JHAPA', '9819363040', '9819363040', 'happyraj1024@gmail.com'),
(554, 113, '7', 'BIRGUNJ METROPOLITIAN CITY', 'Madhesh', 'PARSA', '', '98111840263', ''),
(555, 114, '13', 'BIRGUNJ METROPOLITIAN CITY', 'Madhesh', 'PARSA', '', '9865360662', ''),
(556, 115, '2', 'KALIKAMAI RURAL MUNICIPALITY', 'Madhesh', 'PARSA', '', '9862347333', ''),
(557, 116, '11', 'BIRGUNJ METROPOLITIAN CITY', 'Madhesh', 'PARSA', '', '9812212400', ''),
(558, 117, '25', 'BIRGUNJ METROPOLITIAN CITY', 'Madhesh', 'PARSA', '', '9816250145', 'prajapatidipesh368@gmail.com'),
(559, 118, '2', 'BIRGUNJ METROPOLITIAN CITY', 'Madhesh', 'PARSA', '', '9845552715', ''),
(560, 119, '9', 'BIRGUNJ METROPOLITIAN CITY', 'Madhesh', 'PARSA', '', '9845254848', ''),
(561, 120, '14', 'BIRGUNJ METROPOLITIAN CITY', 'Madhesh', 'PARSA', '', '9806839857', ''),
(562, 121, '5', 'PARWANIPUR RURAL MUNICIPALITY', 'Madhesh', 'BARA', '', '9807137820', ''),
(563, 122, '13', 'BIRGUNJ METROPOLITIAN CITY', 'Madhesh', 'PARSA', '', '9811219383', 'harisah4@gmail.com'),
(564, 123, '28', 'BIRGUNJ METROPOLITIAN CITY', 'Madhesh', 'PARSA', '051527857', '9816250145', 'prabhishekap@gmail.com'),
(565, 124, '28', 'BIRGUNJ METROPOLITIAN CITY', 'Madhesh', 'PARSA', '', '9809230480', ''),
(566, 125, '11', 'BIRGUNJ METROPOLITIAN CITY', 'Madhesh', 'PARSA', '', '9845057889', ''),
(567, 126, '6', 'JAGARNATHPUR RURAL MUNICIPALITY', 'Madhesh', 'PARSA', '', '9811271871', 'prajapatisubash982@gmail.com'),
(568, 127, '14', 'BIRGUNJ METROPOLITIAN CITY', 'Madhesh', 'PARSA', '', '9809201811', ''),
(569, 128, '3', 'PATERWASUGAULI RURAL MUNICIPALITY', 'Madhesh', 'PARSA', '', '9821884200', ''),
(570, 129, '16', 'BIRGUNJ METROPOLITIAN CITY', 'Madhesh', 'PARSA', '', '9809290341', 'dk4867801@gmail.com'),
(571, 130, '25', 'BIRGUNJ METROPOLITIAN CITY', 'Madhesh', 'PARSA', '', '9816217195', 'shubprajati95@gmail.com'),
(572, 131, '1', 'PRASAUNI RURAL MUNICIPALITY', 'Madhesh', 'BARA', '', '9814276966', 'pujakumaripatel1991@gmail.com'),
(573, 132, '11', 'BIRGUNJ METROPOLITIAN CITY', 'Madhesh', 'PARSA', '', '9814214500', ''),
(574, 133, '11', 'BIRGUNJ METROPOLITIAN CITY', 'Madhesh', 'PARSA', '', '9811872556', 'baliramsarraf47@gmail.com'),
(575, 134, '11', 'BIRGUNJ METROPOLITIAN CITY', 'Madhesh', 'PARSA', '', '9817278282', ''),
(576, 135, '25', 'BIRGUNJ METROPOLITIAN CITY', 'Madhesh', 'PARSA', '', '0000000001', ''),
(577, 136, '   4', 'RAPTI MUNICIPALITY', 'Bagmati', '   CHITWAN', '', '9845167395', ''),
(578, 137, '4', 'RAPTI MUNICIPALITY', 'Bagmati', 'CHITWAN', '', '9845065412', ''),
(579, 138, '6', 'RAPTI MUNICIPALITY', 'Bagmati', 'CHITWAN', '', '9845343250', ''),
(580, 139, '6', 'RAPTI MUNICIPALITY', 'Bagmati', 'CHITWAN', '', '9823555584', ''),
(581, 140, '6', 'RAPTI MUNICIPALITY', 'Bagmati', 'CHITWAN', '', '9845090871', ''),
(582, 141, '5', 'RAPTI MUNICIPALITY', 'Bagmati', 'CHITWAN', '', '9869246988', ''),
(583, 142, '13', 'BIRGUNJ METROPOLITIAN CITY', 'Madhesh', 'PARSA', '', '9801123668', ''),
(584, 143, '5', 'BIRGUNJ METROPOLITIAN CITY', 'Madhesh', 'PARSA', '', '9807176964', ''),
(585, 144, '11', 'BIRGUNJ METROPOLITIAN CITY', 'Madhesh', 'PARSA', '', '9821215631', ''),
(586, 145, '7', 'BIRGUNJ METROPOLITIAN CITY', 'Madhesh', 'PARSA', '', '9880706676', ''),
(587, 146, '2', 'BIRGUNJ METROPOLITIAN CITY', 'Madhesh', 'PARSA', '', '9819298366', ''),
(588, 147, '5', 'BISHRAMPUR RURAL MUNICIPALITY', 'Madhesh', 'BARA', '', '9845229151', ''),
(589, 148, '3', 'JIRABHAWANI RURAL MUNICIPALITY', 'Madhesh', 'PARSA', '', '9825223338', ''),
(590, 149, '10', 'BIRGUNJ METROPOLITIAN CITY', 'Madhesh', 'PARSA', '', '9845022663', ''),
(591, 150, '10', 'BIRGUNJ METROPOLITIAN CITY', 'Madhesh', 'PARSA', '', '9815299221', ''),
(592, 151, '4', 'KALIKAMAI RURAL MUNICIPALITY', 'Madhesh', 'PARSA', '', '9811875769', ''),
(593, 152, '4', 'KALIKAMAI RURAL MUNICIPALITY', 'Madhesh', 'PARSA', '', '9811188590', ''),
(594, 153, '6', 'RAPTI MUNICIPALITY', 'Bagmati', 'CHITWAN', '', '9845925131', ''),
(595, 154, '6', 'RAPTI MUNICIPALITY', 'Bagmati', 'CHITWAN', '', '9845592868', ''),
(596, 155, '6', 'RAPTI MUNICIPALITY', 'Bagmati', 'CHITWAN', '', '9817254713', ''),
(597, 156, '6', 'RAPTI MUNICIPALITY', 'Bagmati', 'CHITWAN', '', '9845142751', ''),
(598, 157, '6', 'RATNANAGAR MUNICIPALITY', 'Bagmati', 'CHITWAN', '056-550509', '9845003892', ''),
(599, 158, '1', 'JIRABHAWANI RURAL MUNICIPALITY', 'Madhesh', 'PARSA', '', '9845917450', ''),
(600, 159, '9', 'BIRGUNJ METROPOLITIAN CITY', 'Madhesh', 'PARSA', '', '9814226257', ''),
(601, 160, '4', 'BIRGUNJ METROPOLITIAN CITY', 'Madhesh', 'PARSA', '', '9804226484', ''),
(602, 161, '5', 'JIRABHAWANI RURAL MUNICIPALITY', 'Madhesh', 'PARSA', '', '9814270774', ''),
(603, 162, '3', 'BIRGUNJ METROPOLITIAN CITY', 'Madhesh', 'PARSA', '', '0000000002', ''),
(604, 163, '8', 'BIRGUNJ METROPOLITIAN CITY', 'Madhesh', 'PARSA', '', '9845231401', ''),
(605, 164, '1', 'BIRGUNJ METROPOLITIAN CITY', 'Madhesh', 'PARSA', '', '0000000004', ''),
(606, 165, '1', 'JIRABHAWANI RURAL MUNICIPALITY', 'Madhesh', 'PARSA', '', '9804226485', ''),
(607, 166, '1', 'BIRGUNJ METROPOLITIAN CITY', 'Madhesh', 'PARSA', '', '9811280309', ''),
(608, 167, '1', 'BIRGUNJ METROPOLITIAN CITY', 'Madhesh', 'PARSA', '', '9807224674', ''),
(609, 168, '2', 'BIRGUNJ METROPOLITIAN CITY', 'Madhesh', 'PARSA', '', '9811188268', ''),
(610, 169, '26', 'BIRGUNJ METROPOLITIAN CITY', 'Madhesh', 'PARSA', '', '9809237796', ''),
(611, 170, '6', 'RAPTI MUNICIPALITY', 'Bagmati', 'CHITWAN', '', '9865519874', ''),
(612, 171, '6', 'RAPTI MUNICIPALITY', 'Bagmati', 'CHITWAN', '', '9809298850', ''),
(613, 172, '6', 'RAPTI MUNICIPALITY', 'Bagmati', 'CHITWAN', '', '111', ''),
(614, 173, '2', 'RAPTI MUNICIPALITY', 'Bagmati', 'CHITWAN', '', '9863436796', ''),
(615, 174, '2', 'RAPTI MUNICIPALITY', 'Bagmati', 'CHITWAN', '', '9818340101', ''),
(616, 175, '2', 'RAPTI MUNICIPALITY', 'Bagmati', 'CHITWAN', '', '9845483999', ''),
(617, 176, '2', 'RAPTI MUNICIPALITY', 'Bagmati', 'CHITWAN', '', '9860288648', ''),
(618, 177, '5', 'BIRGUNJ METROPOLITIAN CITY', 'Madhesh', 'PARSA', '', '9819217846', ''),
(619, 178, '26', 'BIRGUNJ METROPOLITIAN CITY', 'Madhesh', 'PARSA', '', '9815237336', ''),
(620, 179, '26', 'BIRGUNJ METROPOLITIAN CITY', 'Madhesh', 'PARSA', '', '9811130884', ''),
(622, 181, '19', 'KHAIRAHANI MUNICIPALITY', 'Bagmati', 'CHITWAN', '', '9843540691', ''),
(623, 182, '2', 'RAPTI MUNICIPALITY', 'Bagmati', 'CHITWAN', '', '9845091989', ''),
(624, 183, '2', 'RAPTI MUNICIPALITY', 'Bagmati', 'CHITWAN', '', '0000', ''),
(625, 184, '26', 'SAKHUWAPRASAUNI RURAL MUNICIPALITY', 'Madhesh', 'PARSA', '', '9811885387', ''),
(627, 186, '2', 'RAPTI MUNICIPALITY', 'Bagmati', 'CHITWAN', '', '9845548473', ''),
(628, 187, '26', 'BIRGUNJ METROPOLITIAN CITY', 'Madhesh', 'PARSA', '', '11111111111', ''),
(629, 188, '26', 'BIRGUNJ METROPOLITIAN CITY', 'Madhesh', 'PARSA', '', '9812274311', ''),
(630, 189, '1', 'RAPTI MUNICIPALITY', 'Bagmati', 'CHITWAN', '', '9869752804', ''),
(631, 190, '2', 'RAPTI MUNICIPALITY', 'Bagmati', 'CHITWAN', '', '9855052229', ''),
(632, 191, '10', 'RAPTI MUNICIPALITY', 'Bagmati', 'CHITWAN', '', '9855066560', ''),
(633, 192, '6', 'RAPTI MUNICIPALITY', 'Bagmati', 'CHITWAN', '', '9845372104', ''),
(634, 193, '8', 'RAPTI MUNICIPALITY', 'Bagmati', 'CHITWAN', '', '9807806288', ''),
(635, 194, '6', 'KHAIRAHANI MUNICIPALITY', 'Bagmati', 'CHITWAN', '', '9845089316', ''),
(636, 195, '10', 'KHAIRAHANI MUNICIPALITY', 'Bagmati', 'CHITWAN', '', '9865009316', ''),
(637, 196, '10', 'KHAIRAHANI MUNICIPALITY', 'Bagmati', 'CHITWAN', '', '9821204588', ''),
(638, 197, '14', 'RATNANAGAR MUNICIPALITY', 'Bagmati', 'CHITWAN', '', '9845139733', ''),
(639, 198, '15', 'RATNANAGAR MUNICIPALITY', 'Bagmati', 'CHITWAN', '', '9845145390', ''),
(640, 199, '15', 'RATNANAGAR MUNICIPALITY', 'Bagmati', 'CHITWAN', '', '9849189990', 'benibhujel@gmail.com'),
(641, 200, '13', 'RATNANAGAR MUNICIPALITY', 'Bagmati', 'CHITWAN', '', '9865010905', 'bunubastola59@gmail.com'),
(642, 201, '14', 'RATNANAGAR MUNICIPALITY', 'Bagmati', 'CHITWAN', '', '9865353872', ''),
(643, 202, '15', 'RATNANAGAR MUNICIPALITY', 'Bagmati', 'CHITWAN', '', '9865354835', ''),
(644, 203, '13', 'RATNANAGAR MUNICIPALITY', 'Bagmati', 'CHITWAN', '', '9845318218', ''),
(645, 204, '14', 'RATNANAGAR MUNICIPALITY', 'Bagmati', 'CHITWAN', '', '9826205249', ''),
(646, 205, '6', 'KHAIRAHANI MUNICIPALITY', 'Bagmati', 'CHITWAN', '', '88', ''),
(647, 206, '10', 'KHAIRAHANI MUNICIPALITY', 'Bagmati', 'CHITWAN', '', '9818317834', ''),
(648, 207, '10', 'KHAIRAHANI MUNICIPALITY', 'Bagmati', 'CHITWAN', '', '9845091020', ''),
(649, 208, '10', 'KHAIRAHANI MUNICIPALITY', 'Bagmati', 'CHITWAN', '', '9845291144', ''),
(650, 209, '6', 'KHAIRAHANI MUNICIPALITY', 'Bagmati', 'CHITWAN', '', '9845151159', ''),
(651, 210, '10', 'KHAIRAHANI MUNICIPALITY', 'Bagmati', 'CHITWAN', '', '9814251336', ''),
(652, 211, '6', 'KHAIRAHANI MUNICIPALITY', 'Bagmati', 'CHITWAN', '', '9811266296', ''),
(653, 212, '6', 'KHAIRAHANI MUNICIPALITY', 'Bagmati', 'CHITWAN', '', '9845172081', ''),
(654, 213, '6', 'KHAIRAHANI MUNICIPALITY', 'Bagmati', 'CHITWAN', '', '9865238119', ''),
(655, 214, '6', 'KHAIRAHANI MUNICIPALITY', 'Bagmati', 'CHITWAN', '', '984423057', ''),
(656, 215, '10', 'KHAIRAHANI MUNICIPALITY', 'Bagmati', 'CHITWAN', '056-583704', '9845062774', ''),
(657, 216, '10', 'KHAIRAHANI MUNICIPALITY', 'Bagmati', 'CHITWAN', '', '9804294025', ''),
(658, 217, '6', 'KHAIRAHANI MUNICIPALITY', 'Bagmati', 'CHITWAN', '', '9845068258', ''),
(659, 218, '6', 'KHAIRAHANI MUNICIPALITY', 'Bagmati', 'CHITWAN', '', '9806820175', ''),
(660, 219, '10', 'KHAIRAHANI MUNICIPALITY', 'Bagmati', 'CHITWAN', '', '9845197218', ''),
(661, 220, '10', 'KHAIRAHANI MUNICIPALITY', 'Bagmati', 'CHITWAN', '', '9807175430', ''),
(662, 221, '10', 'KHAIRAHANI MUNICIPALITY', 'Bagmati', 'CHITWAN', '', '9842396546', ''),
(663, 222, '10', 'KHAIRAHANI MUNICIPALITY', 'Bagmati', 'CHITWAN', '', '9845183211', ''),
(664, 223, '10', 'KHAIRAHANI MUNICIPALITY', 'Bagmati', 'CHITWAN', '', '9816223942', ''),
(665, 224, '5', 'KHAIRAHANI MUNICIPALITY', 'Bagmati', 'CHITWAN', '', '9845249979', ''),
(666, 225, '10', 'KHAIRAHANI MUNICIPALITY', 'Bagmati', 'CHITWAN', '', '9845819685', ''),
(667, 226, '6', 'KHAIRAHANI MUNICIPALITY', 'Bagmati', 'CHITWAN', '', '999', ''),
(668, 227, '10', 'KHAIRAHANI MUNICIPALITY', 'Bagmati', 'CHITWAN', '', '8', ''),
(669, 228, '10', 'KHAIRAHANI MUNICIPALITY', 'Bagmati', 'CHITWAN', '', '9817292852', ''),
(670, 229, '10', 'KHAIRAHANI MUNICIPALITY', 'Bagmati', 'CHITWAN', '', '9811818808', ''),
(671, 230, '10', 'KHAIRAHANI MUNICIPALITY', 'Bagmati', 'CHITWAN', '', '9845272854', ''),
(672, 231, '12', 'KHAIRAHANI MUNICIPALITY', 'Bagmati', 'CHITWAN', '', '9845391261', ''),
(673, 232, '6', 'KHAIRAHANI MUNICIPALITY', 'Bagmati', 'CHITWAN', '', '9845200053', ''),
(674, 233, '12', 'KHAIRAHANI MUNICIPALITY', 'Bagmati', 'CHITWAN', '', '9809141041', ''),
(675, 234, '12', 'KHAIRAHANI MUNICIPALITY', 'Bagmati', 'CHITWAN', '', '9806812153', ''),
(676, 235, '12', 'KHAIRAHANI MUNICIPALITY', 'Bagmati', 'CHITWAN', '', '9865259681', ''),
(677, 236, '12', 'KHAIRAHANI MUNICIPALITY', 'Bagmati', 'CHITWAN', '', '9842081815', ''),
(678, 237, '12', 'KHAIRAHANI MUNICIPALITY', 'Bagmati', 'CHITWAN', '', '9826267577', ''),
(679, 238, '10', 'KHAIRAHANI MUNICIPALITY', 'Bagmati', 'CHITWAN', '', '9869698246', ''),
(680, 239, '12', 'KHAIRAHANI MUNICIPALITY', 'Bagmati', 'CHITWAN', '', '9845217527', ''),
(681, 240, '10', 'KHAIRAHANI MUNICIPALITY', 'Bagmati', 'CHITWAN', '', '9829286305', ''),
(682, 241, '10', 'KHAIRAHANI MUNICIPALITY', 'Bagmati', 'CHITWAN', '', '9810164873', ''),
(683, 242, '13', 'RATNANAGAR MUNICIPALITY', 'Bagmati', 'CHITWAN', '', '9845272704', ''),
(684, 243, '4', 'RATNANAGAR MUNICIPALITY', 'Bagmati', 'CHITWAN', '', '9818671382', ''),
(685, 244, '2', 'RATNANAGAR MUNICIPALITY', 'Bagmati', 'CHITWAN', '', '9845172643', ''),
(686, 245, '2', 'RATNANAGAR MUNICIPALITY', 'Bagmati', 'CHITWAN', '', '9845691976', ''),
(687, 246, '14', 'RATNANAGAR MUNICIPALITY', 'Bagmati', 'CHITWAN', '', '9865187750', ''),
(688, 247, '14', 'RATNANAGAR MUNICIPALITY', 'Bagmati', 'CHITWAN', '', '9845066600', ''),
(689, 248, '14', 'RATNANAGAR MUNICIPALITY', 'Bagmati', 'CHITWAN', '', '9855063066', ''),
(690, 249, '14', 'RATNANAGAR MUNICIPALITY', 'Bagmati', 'CHITWAN', '', '9845043066', ''),
(691, 250, '14', 'RATNANAGAR MUNICIPALITY', 'Bagmati', 'CHITWAN', '', '9845467577', ''),
(692, 251, '16', 'RATNANAGAR MUNICIPALITY', 'Bagmati', 'CHITWAN', '', '9845959394', ''),
(693, 252, '14', 'RATNANAGAR MUNICIPALITY', 'Bagmati', 'CHITWAN', '', '9855057066', ''),
(694, 253, '8', 'RATNANAGAR MUNICIPALITY', 'Bagmati', 'CHITWAN', '', '9845683095', ''),
(695, 254, '14', 'RATNANAGAR MUNICIPALITY', 'Bagmati', 'CHITWAN', '', '9815219588', ''),
(696, 255, '4', 'KHAIRAHANI MUNICIPALITY', 'Bagmati', 'CHITWAN', '', '9845693902', ''),
(697, 256, '14', 'KAWASOTI MUNICIPALITY', 'Gandaki', 'NAWALPARASI EAST', '', '9817477417', ''),
(698, 257, '1', 'BINAYEE TRIBENI RURAL MUNICIPALITY', 'Gandaki', 'NAWALPARASI EAST', '', '9847136035', ''),
(699, 258, '8', 'KAWASOTI MUNICIPALITY', 'Gandaki', 'NAWALPARASI EAST', '', '9847096533', ''),
(700, 259, '7', 'DEVCHULI MUNICIPALITY', 'Gandaki', 'NAWALPARASI EAST', '', '9811166947', ''),
(701, 260, '3', 'KAWASOTI MUNICIPALITY', 'Gandaki', 'NAWALPARASI EAST', '', '9864494931', ''),
(702, 261, '15', 'KAWASOTI MUNICIPALITY', 'Gandaki', 'NAWALPARASI EAST', '', '9860485803', ''),
(703, 262, '8', 'KAWASOTI MUNICIPALITY', 'Gandaki', 'NAWALPARASI EAST', '9867927370', '45', ''),
(704, 263, '1', 'KAWASOTI MUNICIPALITY', 'Gandaki', 'NAWALPARASI EAST', '', '9821967350', ''),
(705, 264, '8', 'KAWASOTI MUNICIPALITY', 'Gandaki', 'NAWALPARASI EAST', '', '9821421837', ''),
(706, 265, '3', 'KAWASOTI MUNICIPALITY', 'Gandaki', 'NAWALPARASI EAST', '', '9844776464', ''),
(707, 266, '3', 'KAWASOTI MUNICIPALITY', 'Gandaki', 'NAWALPARASI EAST', '', '9847241916', ''),
(708, 267, '3', 'KAWASOTI MUNICIPALITY', 'Gandaki', 'NAWALPARASI EAST', '', '9846195507', ''),
(709, 268, '12', 'BHARATPUR METROPOLITIAN CITY', 'Bagmati', 'CHITWAN', '', '9855065665', ''),
(710, 269, '9', 'KAWASOTI MUNICIPALITY', 'Gandaki', 'NAWALPARASI EAST', '', '6', ''),
(711, 270, '10', 'KHAIRAHANI MUNICIPALITY', 'Bagmati', 'CHITWAN', '', '9845024039', ''),
(712, 271, '10', 'KHAIRAHANI MUNICIPALITY', 'Bagmati', 'CHITWAN', '', '001', ''),
(713, 272, '10', 'KHAIRAHANI MUNICIPALITY', 'Bagmati', 'CHITWAN', '', '002', ''),
(714, 273, '10', 'KHAIRAHANI MUNICIPALITY', 'Bagmati', 'CHITWAN', '', '9865381676', ''),
(715, 274, '10', 'KHAIRAHANI MUNICIPALITY', 'Bagmati', 'CHITWAN', '', '008', ''),
(716, 275, '10', 'KHAIRAHANI MUNICIPALITY', 'Bagmati', 'CHITWAN', '', '9845082462', ''),
(717, 276, '10', 'KHAIRAHANI MUNICIPALITY', 'Bagmati', 'CHITWAN', '', '9803186576', ''),
(718, 277, '10', 'KHAIRAHANI MUNICIPALITY', 'Bagmati', 'CHITWAN', '', '005', ''),
(719, 278, '10', 'KHAIRAHANI MUNICIPALITY', 'Bagmati', 'CHITWAN', '', '9845174663', ''),
(720, 279, '8', 'KHAIRAHANI MUNICIPALITY', 'Bagmati', 'CHITWAN', '', '9845591093', ''),
(721, 280, '14', 'KHAIRAHANI MUNICIPALITY', 'Bagmati', 'CHITWAN', '', '9849916959', ''),
(722, 281, '19', 'BHARATPUR METROPOLITIAN CITY', 'Bagmati', 'CHITWAN', '', '9845052842', ''),
(723, 282, '17', 'BHARATPUR METROPOLITIAN CITY', 'Bagmati', 'CHITWAN', '', '9845651928', ''),
(724, 283, '    17', 'BHARATPUR METROPOLITIAN CITY', 'Bagmati', '    CHITWAN', '', '9841308719', ''),
(725, 284, '18', 'BHARATPUR METROPOLITIAN CITY', 'Bagmati', 'CHITWAN', '', '9844247803', ''),
(726, 285, '18', 'BHARATPUR METROPOLITIAN CITY', 'Bagmati', 'CHITWAN', '', '78', ''),
(727, 286, '19', 'BHARATPUR METROPOLITIAN CITY', 'Bagmati', 'CHITWAN', '', '9812231186', ''),
(728, 287, '19', 'BHARATPUR METROPOLITIAN CITY', 'Bagmati', 'CHITWAN', '', '9845205377', ''),
(729, 288, '23', 'BHARATPUR METROPOLITIAN CITY', 'Bagmati', 'CHITWAN', '', '9845671984', ''),
(730, 289, '23', 'BHARATPUR METROPOLITIAN CITY', 'Bagmati', 'CHITWAN', '', '9845295033', ''),
(731, 290, '23', 'BHARATPUR METROPOLITIAN CITY', 'Bagmati', 'CHITWAN', '', '54', ''),
(732, 291, '21', 'BHARATPUR METROPOLITIAN CITY', 'Bagmati', 'CHITWAN', '', '9821856203', ''),
(733, 292, '19', 'BHARATPUR METROPOLITIAN CITY', 'Bagmati', 'CHITWAN', '', '9841045276', ''),
(734, 293, '19', 'BHARATPUR METROPOLITIAN CITY', 'Bagmati', 'CHITWAN', '', '655', ''),
(735, 294, '17', 'BHARATPUR METROPOLITIAN CITY', 'Bagmati', 'CHITWAN', '', '9807215193', ''),
(736, 295, '19', 'BHARATPUR METROPOLITIAN CITY', 'Bagmati', 'CHITWAN', '', '9845206316', ''),
(737, 296, '24', 'BHARATPUR METROPOLITIAN CITY', 'Bagmati', 'CHITWAN', '', '9808773606', ''),
(738, 297, '23', 'BHARATPUR METROPOLITIAN CITY', 'Bagmati', 'CHITWAN', '', '9849073272', ''),
(739, 298, '24', 'BHARATPUR METROPOLITIAN CITY', 'Bagmati', 'CHITWAN', '', '3232', ''),
(740, 299, '23', 'BHARATPUR METROPOLITIAN CITY', 'Bagmati', 'CHITWAN', '', '565', ''),
(741, 300, '20', 'BHARATPUR METROPOLITIAN CITY', 'Bagmati', 'CHITWAN', '', '9821177402', ''),
(742, 301, '20', 'BHARATPUR METROPOLITIAN CITY', 'Bagmati', 'CHITWAN', '', '4548', ''),
(743, 302, '20', 'BHARATPUR METROPOLITIAN CITY', 'Bagmati', 'CHITWAN', '', '9807162682', ''),
(744, 303, '4', 'KALIKA MUNICIPALITY', 'Bagmati', 'CHITWAN', '', '9845114715', ''),
(745, 304, '4', 'KALIKA MUNICIPALITY', 'Bagmati', 'CHITWAN', '', '9862253136', ''),
(746, 305, '7', 'KALIKA MUNICIPALITY', 'Bagmati', 'CHITWAN', '', '9842131840', ''),
(747, 306, '4', 'KALIKA MUNICIPALITY', 'Bagmati', 'CHITWAN', '', '9845436016', ''),
(748, 307, '9', 'KALIKA MUNICIPALITY', 'Bagmati', 'CHITWAN', '', '9845324602', ''),
(749, 308, '5', 'KALIKA MUNICIPALITY', 'Bagmati', 'CHITWAN', '', '9845346632', ''),
(750, 309, '3', 'KALIKA MUNICIPALITY', 'Bagmati', 'CHITWAN', '', '9860136468', ''),
(751, 310, '5', 'KALIKA MUNICIPALITY', 'Bagmati', 'CHITWAN', '', '9861322863', ''),
(752, 311, '4', 'BHARATPUR METROPOLITIAN CITY', 'Bagmati', 'CHITWAN', '', '9845240304', ''),
(753, 312, '4', 'KALIKA MUNICIPALITY', 'Bagmati', 'CHITWAN', '', '9836049448', ''),
(754, 313, '4', 'KALIKA MUNICIPALITY', 'Bagmati', 'CHITWAN', '', '9845140710', ''),
(755, 314, '4', 'KALIKA MUNICIPALITY', 'Bagmati', 'CHITWAN', '', '9845173656', ''),
(756, 315, '2', 'KALIKA MUNICIPALITY', 'Bagmati', 'CHITWAN', '', '9842131853', ''),
(757, 316, '4', 'KALIKA MUNICIPALITY', 'Bagmati', 'CHITWAN', '', '9843874983', ''),
(758, 317, '4', 'KALIKA MUNICIPALITY', 'Bagmati', 'CHITWAN', '', '164', ''),
(759, 318, '4', 'KALIKA MUNICIPALITY', 'Bagmati', 'CHITWAN', '', '9815217750', ''),
(760, 319, '2', 'KALIKA MUNICIPALITY', 'Bagmati', 'CHITWAN', '', '9845273137', ''),
(761, 320, '5', 'KALIKA MUNICIPALITY', 'Bagmati', 'CHITWAN', '', '9861914526', ''),
(762, 321, '5', 'KALIKA MUNICIPALITY', 'Bagmati', 'CHITWAN', '', '9845044499', ''),
(763, 322, '5', 'KALIKA MUNICIPALITY', 'Bagmati', 'CHITWAN', '', '9842017689', ''),
(764, 323, '5', 'KALIKA MUNICIPALITY', 'Bagmati', 'CHITWAN', '', '9860796457', ''),
(765, 324, '4', 'KALIKA MUNICIPALITY', 'Bagmati', 'CHITWAN', '', '9845819417', ''),
(766, 325, '4', 'KALIKA MUNICIPALITY', 'Bagmati', 'CHITWAN', '', '9845112221', ''),
(767, 326, '4', 'KALIKA MUNICIPALITY', 'Bagmati', 'CHITWAN', '', '9861322866', ''),
(768, 327, '4', 'KALIKA MUNICIPALITY', 'Bagmati', 'CHITWAN', '', '9861193508', ''),
(769, 328, '4', 'KALIKA MUNICIPALITY', 'Bagmati', 'CHITWAN', '', '9845840381', ''),
(770, 329, '4', 'KALIKA MUNICIPALITY', 'Bagmati', 'CHITWAN', '', '598', ''),
(771, 330, '4', 'KALIKA MUNICIPALITY', 'Bagmati', 'CHITWAN', '', '9826274101', ''),
(772, 331, '8', 'KATHMANDU METROPOLITIAN CITY', 'Bagmati', 'KATHMANDU', '', '9860455707', ''),
(773, 332, '7', 'KATHMANDU METROPOLITIAN CITY', 'Bagmati', 'KATHMANDU', '', '9869598247', ''),
(774, 333, '7', 'KATHMANDU METROPOLITIAN CITY', 'Bagmati', 'KATHMANDU', '', '9841873429', ''),
(775, 334, '7', 'KATHMANDU METROPOLITIAN CITY', 'Bagmati', 'KATHMANDU', '', '9849891404', ''),
(776, 335, '7', 'KATHMANDU METROPOLITIAN CITY', 'Bagmati', 'KATHMANDU', '', '9866049893', ''),
(777, 336, '4', 'KATHMANDU METROPOLITIAN CITY', 'Bagmati', 'KATHMANDU', '', '984451300', ''),
(778, 337, '7', 'KATHMANDU METROPOLITIAN CITY', 'Bagmati', 'KATHMANDU', '', '796856', ''),
(779, 338, '7', 'KATHMANDU METROPOLITIAN CITY', 'Bagmati', 'KATHMANDU', '', '9823129324', ''),
(780, 339, '8', 'KATHMANDU METROPOLITIAN CITY', 'Bagmati', 'KATHMANDU', '', '9841860539', ''),
(781, 340, '7', 'KATHMANDU METROPOLITIAN CITY', 'Bagmati', 'KATHMANDU', '', '9861137424', ''),
(782, 341, '7', 'KATHMANDU METROPOLITIAN CITY', 'Bagmati', 'KATHMANDU', '', '9849048332', ''),
(783, 342, '7', 'KATHMANDU METROPOLITIAN CITY', 'Bagmati', 'KATHMANDU', '', '9841841550', ''),
(784, 343, '7', 'KATHMANDU METROPOLITIAN CITY', 'Bagmati', 'KATHMANDU', '', '9843391927', ''),
(785, 344, '2', 'KATHMANDU METROPOLITIAN CITY', 'Bagmati', 'KATHMANDU', '', '9840061338', 'ghimireranjan1115@gmail.com'),
(786, 345, '15', 'KATHMANDU METROPOLITIAN CITY', 'Bagmati', 'KATHMANDU', '9861066433', '9843885919', ''),
(787, 346, '19', 'KATHMANDU METROPOLITIAN CITY', 'Bagmati', 'KATHMANDU', '9818685736', '9860558973', ''),
(788, 347, '32', 'KATHMANDU METROPOLITIAN CITY', 'Bagmati', 'KATHMANDU', '', '9803579286', ''),
(789, 348, '19', 'KATHMANDU METROPOLITIAN CITY', 'Bagmati', 'KATHMANDU', '', '9848905314', ''),
(790, 349, '15', 'KATHMANDU METROPOLITIAN CITY', 'Bagmati', 'KATHMANDU', '9841240645', '9849626419', ''),
(791, 350, '22', 'KATHMANDU METROPOLITIAN CITY', 'Bagmati', 'KATHMANDU', '', '9841661414', ''),
(792, 351, '19', 'KATHMANDU METROPOLITIAN CITY', 'Bagmati', 'KATHMANDU', '', '9841271595', ''),
(793, 352, '22', 'KATHMANDU METROPOLITIAN CITY', 'Bagmati', 'KATHMANDU', '', '9863688163', ''),
(794, 353, '04', 'JIRABHAWANI RURAL MUNICIPALITY', 'Madhesh', 'PARSA', '', '9814209624', ''),
(795, 354, '04', 'JIRABHAWANI RURAL MUNICIPALITY', 'Madhesh', 'PARSA', '', '9804224352', ''),
(796, 355, '13', 'BIRGUNJ METROPOLITIAN CITY', 'Madhesh', 'PARSA', '', '9823145949', '');


CREATE TABLE `department` (
  `department` varchar(255) NOT NULL
);

INSERT INTO `department` (`department`) VALUES
(''),
('. .'),
(''),
('. '),
(' '),
(' '),
(''),
(''),
(''),
(''),
(''),
(''),
(''),
(''),
(''),
(' '),
(' '),
(' '),
(' '),
(' '),
(''),
(''),
(''),
(' '),
('  (DoS)'),
(' '),
(''),
(''),
(''),
(''),
(' '),
(''),
(' '),
('/ '),
(' (/)'),
(' '),
(''),
('  ( )'),
('');


CREATE TABLE `education` (
  `education` varchar(255) DEFAULT NULL
);

INSERT INTO `education` (`education`) VALUES
('Literate '),
('Below SEE '),
('SEE ...'),
('10+2 or PCL      '),
('Graduate '),
('Postgraduate '),
('Doctorate ...');


CREATE TABLE `event` (
  `id` bigint NOT NULL,
  `eTypeOfEvent` varchar(200) NOT NULL,
  `eDateOfEvent` varchar(200) NOT NULL,
  `eRegion` varchar(200) NOT NULL,
  `eDistrict` varchar(255) NOT NULL,
  `eLocation` varchar(200) NOT NULL,
  `eStartDateEvent` varchar(200) NOT NULL,
  `eEndDateEvent` varchar(200) NOT NULL,
  `active_status` tinyint(1) DEFAULT '1'
);

INSERT INTO `event` (`id`, `eTypeOfEvent`, `eDateOfEvent`, `eRegion`, `eDistrict`, `eLocation`, `eStartDateEvent`, `eEndDateEvent`, `active_status`) VALUES
(116, ' ytrytry', 'Tuesday', 'gfd', 'gfdgfd', 'gfdgfd', '2023-07-27', '2023-07-07', 1),
(117, ' bikesh', 'Tuesday', 'gfd', 'gfdgfd', 'gfdgfd', '2023-07-27', '2023-07-07', 1),
(118, '  bikesh', 'Tuesday', 'gfd', 'gfdgfd', 'gfdgfd', '2023-07-27', '2023-07-07', 1),
(122, 'fdsfdsfsdf', 'Friday', 'fdsfds', 'fdsfds', 'fdsfds', '2023-07-01', '2023-07-13', 1),
(123, 'fdsf', 'Friday', 'fdsfs', 'fdsfds', 'fdsfs', '2023-07-20', '2023-07-15', 1),
(124, 'bikesh', 'Friday', 'fdsfds', 'fdsfds', 'fdsfds', '2023-06-29', '2023-07-19', 1),
(125, 'santosh kumar gupta', 'Wednesday', 'htyrt', 'gfdgfd', 'fdsfsd', '2023-07-14', '2023-07-12', 1),
(126, 'abc', 'Tuesday', '5', 'GULMI', 'kathmandu', '2023-07-21', '2023-07-26', 1),
(127, 'KS', 'Sunday', '3', 'CHITWAN', 'BHARATPUR', '2023-07-25', '2023-07-26', 0),
(128, 'first event set here ', 'Thursday', '4', 'LALITPUR', 'kathmandu', '2023-07-12', '2023-07-20', 0),
(129, 'anish kumar gupta', 'Wednesday', '1', 'BHOJPUR', 'kathmandu', '2023-09-01', '2023-08-28', 1),
(130, 'welcome program', 'Tuesday', '3', 'CHITWAN', 'kathmandu', '2023-08-18', '2023-09-04', 1);


CREATE TABLE `healthdetails` (
  `id` bigint NOT NULL,
  `intro_id` bigint DEFAULT NULL,
  `rBloodGroup` varchar(200) NOT NULL,
  `rChecked` varchar(200) NOT NULL,
  `rWrite` varchar(200) NOT NULL
);

INSERT INTO `healthdetails` (`id`, `intro_id`, `rBloodGroup`, `rChecked`, `rWrite`) VALUES
(300, 1, 'B+', ' ', ''),
(301, 2, '0+', '', ''),
(302, 3, 'B+', ' ', ''),
(303, 4, 'A+', ' ', ''),
(305, 5, 'B+', ' ', ''),
(306, 6, 'B+', ' ', ''),
(307, 7, 'AB+', ' ', ''),
(308, 8, '0+', '', ''),
(309, 9, 'B+', ' ', ''),
(310, 10, 'Select...', '', ''),
(311, 11, 'Select...', '', ''),
(312, 12, 'Select...', '', ''),
(313, 13, 'Select...', '', ''),
(314, 14, 'B+', '', ''),
(315, 15, 'B+', '', ''),
(316, 16, 'B+', '', ''),
(317, 17, 'B+', '', ''),
(318, 18, 'B+', '', ''),
(319, 19, 'A+', '', ''),
(320, 20, '0+', '', ''),
(321, 21, '0+', '', ''),
(322, 22, 'B+', ' ', ''),
(323, 23, '0+', '', ''),
(324, 24, '0+', '', ''),
(325, 25, '', '', 'pressure'),
(326, 26, '', '', ''),
(327, 27, '', '', ''),
(328, 28, '', '', ''),
(329, 29, 'B+', '', ''),
(330, 30, '', '', ''),
(331, 31, '', '', ''),
(332, 32, '', '', ''),
(333, 33, 'A+', '', ''),
(334, 34, 'A+', '', ''),
(335, 35, 'A+', '', ''),
(336, 36, 'A+', '', ''),
(337, 37, '', '', ''),
(338, 38, '0+', '', 'asthma'),
(339, 39, '0+', '', 'back pain'),
(340, 40, '', '', ''),
(341, 41, '', '', ''),
(342, 42, 'A+', '', ''),
(343, 43, '0+', '', ''),
(344, 44, 'B+', '', ''),
(345, 45, '', '', ''),
(346, 46, '0+', '', ''),
(347, 47, '', '', ''),
(348, 48, '', '', ''),
(349, 49, '', '', ''),
(350, 50, '', '', ''),
(351, 51, '', '', ''),
(352, 52, '', '', ''),
(353, 53, '', '', ''),
(354, 54, '', '', ''),
(355, 55, 'B+', '', ''),
(356, 56, 'AB+', '', ''),
(478, 57, '', '', ''),
(479, 58, 'A+', '', ''),
(480, 59, '0+', '', ''),
(481, 60, '0+', '', ''),
(482, 61, '', '', ''),
(483, 62, '', '', ''),
(484, 63, '', '', ''),
(485, 64, 'B+', '', ''),
(486, 65, '', '', ''),
(487, 66, '', '', ''),
(488, 67, '', '', ''),
(489, 68, 'B+', '', ''),
(490, 69, 'A+', '', ''),
(491, 70, 'A+', '', ''),
(492, 71, '', '', ''),
(493, 72, '', '', ''),
(494, 73, '', '', ''),
(495, 74, '', '', ''),
(496, 75, '', '', 'thyroid'),
(497, 76, '0+', '', ''),
(498, 77, '', '', 'asthma, neumonia'),
(499, 78, 'B+', '', ''),
(500, 79, '', '', 'thyroid'),
(501, 80, '', ' ', ''),
(502, 81, '', '', ''),
(503, 82, '', '', ''),
(504, 83, 'B+', '', ''),
(505, 84, '0+', '', ''),
(506, 85, 'B+', '', ''),
(507, 86, '', '', ''),
(508, 87, 'B-', '', 'sugar'),
(509, 88, 'B+', '', ''),
(510, 89, '0+', '', ''),
(511, 90, '', '', ''),
(512, 91, 'B+', '', ''),
(513, 92, '0+', '', ''),
(514, 93, '', '', 'Gastric'),
(515, 94, '', '', ''),
(516, 95, 'B+', '', ''),
(517, 96, '', '', ''),
(518, 97, '0+', '', ''),
(519, 98, 'AB+', '', ''),
(520, 99, 'B+', '', ''),
(521, 100, '0+', '', ''),
(522, 101, '0+', '', ''),
(523, 102, '', '', 'Gastric'),
(524, 103, 'B+', '', ''),
(525, 104, '', '', 'Gastric'),
(526, 105, '', '', ''),
(527, 106, '', '', 'back pain'),
(528, 107, '', '', ''),
(529, 108, '', '', ''),
(530, 109, 'A+', '', 'high Blood pressure'),
(531, 110, '0+', '', 'Knee pain'),
(532, 111, '', '', 'pressure'),
(533, 112, '0+', ' ', ''),
(534, 113, 'A+', '', ''),
(535, 114, '0+', '', ''),
(536, 115, 'A+', '', ''),
(537, 116, 'B+', '', ''),
(538, 117, '0+', '', ''),
(539, 118, 'A+', '', ''),
(540, 119, 'B+', '', ''),
(541, 120, '', '', ''),
(542, 121, 'B+', '', ''),
(543, 122, '0+', '', ''),
(544, 123, '0+', '', ''),
(545, 124, '0+', '', ''),
(546, 125, 'B+', '', ''),
(547, 126, 'A+', '', ''),
(548, 127, '', '', ''),
(549, 128, '', '', ''),
(550, 129, 'A+', '', ''),
(551, 130, '0+', '', ''),
(552, 131, '0+', '', ''),
(553, 132, 'A+', '', ''),
(554, 133, 'A+', '', ''),
(555, 134, '', '', ''),
(556, 135, '0+', '', ''),
(557, 136, '', ' ', 'nasa sambandhi'),
(558, 137, 'B+', '', ''),
(559, 138, 'B+', '', ''),
(560, 139, 'B+', '', ''),
(561, 140, '', '', ''),
(562, 141, '0-', '', ''),
(563, 142, 'AB+', '', ''),
(564, 143, '0+', '', ''),
(565, 144, 'B+', '', ''),
(566, 145, 'B+', '', ''),
(567, 146, 'B+', '', ''),
(568, 147, '0+', '', ''),
(569, 148, '', '', ''),
(570, 149, 'B+', '', 'ORTHO RELATED DISEASE'),
(571, 150, '0+', '', ''),
(572, 151, '', '', ''),
(573, 152, '', '', ''),
(574, 153, '', '', ''),
(575, 154, '0+', '', ''),
(576, 155, '', '', ''),
(577, 156, '', '', 'sugar, pressure'),
(578, 157, '', '', ''),
(579, 158, '', '', ''),
(580, 159, '', '', ''),
(581, 160, '', '', ''),
(582, 161, '', '', ''),
(583, 162, '', '', ''),
(584, 163, 'A+', '', ''),
(585, 164, '', '', ''),
(586, 165, '', '', ''),
(587, 166, '', '', ''),
(588, 167, 'A+', '', ''),
(589, 168, 'B+', '', ''),
(590, 169, '', '', ''),
(591, 170, '0+', '', ''),
(592, 171, '', '', 'Gastric'),
(593, 172, '', '', ''),
(594, 173, 'AB+', '', ''),
(595, 174, '', '', ''),
(596, 175, '', '', 'nasa sambandhi'),
(597, 176, '', '', 'Gastric'),
(598, 177, 'A+', '', ''),
(599, 178, '0+', '', ''),
(600, 179, 'B+', '', ''),
(602, 181, 'A-', '', ''),
(603, 182, '', '', ''),
(604, 183, '', '', ''),
(605, 184, '', '', ''),
(607, 186, '', '', ''),
(608, 187, '0+', '', 'Heart related problem'),
(609, 188, '0+', '', ''),
(610, 189, 'B+', '', ''),
(611, 190, 'A+', '', ''),
(612, 191, 'B+', '', ''),
(613, 192, '', '', ''),
(614, 193, '', '', ''),
(615, 194, '', '', ''),
(616, 195, '', '', ''),
(617, 196, '', '', ''),
(618, 197, '', '', ''),
(619, 198, '0+', '', 'thyroid'),
(620, 199, '0+', '', ''),
(621, 200, '0+', '', ''),
(622, 201, 'B+', '', ''),
(623, 202, '', '', ''),
(624, 203, '0+', '', 'high pressure'),
(625, 204, '', '', ''),
(626, 205, '', '', 'thyroid'),
(627, 206, 'B+', '', ''),
(628, 207, 'B+', '', ''),
(629, 208, '0+', '', ''),
(630, 209, '', '', 'uric acid'),
(631, 210, '', '', ''),
(632, 211, '', '', 'sugar'),
(633, 212, '', '', ''),
(634, 213, '', '', 'related to eye'),
(635, 214, '', '', 'thyroid'),
(636, 215, 'A+', '', 'Gastric'),
(637, 216, 'A+', '', ''),
(638, 217, '', '', 'asthma'),
(639, 218, 'B+', '', ''),
(640, 219, '', '', ''),
(641, 220, '', '', ''),
(642, 221, '', '', ''),
(643, 222, '', '', 'high Blood pressure'),
(644, 223, '0+', '', ''),
(645, 224, 'AB+', '', ''),
(646, 225, 'A+', '', ''),
(647, 226, 'B+', '', ''),
(648, 227, '', '', 'high Blood pressure'),
(649, 228, '', '', ''),
(650, 229, '', '', ''),
(651, 230, 'B+', '', ''),
(652, 231, '', '', ''),
(653, 232, '0+', '', ''),
(654, 233, '', '', ''),
(655, 234, '', '', 'high Blood pressure, thyroid'),
(656, 235, 'B+', '', ''),
(657, 236, '', '', ''),
(658, 237, '', '', 'high Blood pressure'),
(659, 238, '', '', ''),
(660, 239, 'B+', '', ''),
(661, 240, '', '', ''),
(662, 241, 'B+', '', ''),
(663, 242, 'A-', '', ''),
(664, 243, '', '', ''),
(665, 244, '', '', ''),
(666, 245, '', '', ''),
(667, 246, 'B+', '', ''),
(668, 247, 'AB+', '', ''),
(669, 248, 'A+', '', 'high Blood pressure , back pain'),
(670, 249, '', '', ''),
(671, 250, 'A+', '', ''),
(672, 251, '', '', ''),
(673, 252, 'A+', '', ''),
(674, 253, '', '', ''),
(675, 254, '', '', 'Knee pain'),
(676, 255, '', '', ''),
(677, 256, 'B+', '', ''),
(678, 257, '', '', ''),
(679, 258, '', '', ''),
(680, 259, '', '', ''),
(681, 260, '0+', '', ''),
(682, 261, 'B+', '', ''),
(683, 262, '', '', ''),
(684, 263, '', '', ''),
(685, 264, '', '', ''),
(686, 265, '', '', ''),
(687, 266, 'A+', '', ''),
(688, 267, 'A+', '', 'sugar'),
(689, 268, 'A+', '', ''),
(690, 269, 'B+', '', ''),
(691, 270, '', '', ''),
(692, 271, '', '', ''),
(693, 272, '', '', ''),
(694, 273, '', '', ''),
(695, 274, '', '', ''),
(696, 275, '', '', ''),
(697, 276, '', '', ''),
(698, 277, '', '', ''),
(699, 278, '', '', ''),
(700, 279, '', '', ''),
(701, 280, '', '', ''),
(702, 281, '', '', ''),
(703, 282, '', '', ''),
(704, 283, '0+', ' ', ''),
(705, 284, '', '', ''),
(706, 285, '', '', 'thyroid'),
(707, 286, '', '', ''),
(708, 287, '', '', ''),
(709, 288, '', '', ''),
(710, 289, '', '', ''),
(711, 290, '', '', ''),
(712, 291, 'A+', '', ''),
(713, 292, '0+', '', ''),
(714, 293, '0+', '', ''),
(715, 294, 'B+', '', ''),
(716, 295, '', '', ''),
(717, 296, '0+', '', 'DIABETIES'),
(718, 297, 'A+', '', ''),
(719, 298, '', '', ''),
(720, 299, '', '', ''),
(721, 300, 'A+', '', ''),
(722, 301, 'B+', '', ''),
(723, 302, '0+', '', ''),
(724, 303, 'AB+', '', ''),
(725, 304, '', '', ''),
(726, 305, '', '', ''),
(727, 306, 'B+', '', ''),
(728, 307, '', '', ''),
(729, 308, '', '', 'Differently able'),
(730, 309, '', '', 'Gastric'),
(731, 310, '', '', 'Gastric & piles'),
(732, 311, '', '', 'thyroid'),
(733, 312, '', '', 'pressure, sugar, thyroid'),
(734, 313, '', '', 'Gastric'),
(735, 314, '', '', 'Gastric & headache'),
(736, 315, '', '', 'weak eyesight, headache'),
(737, 316, '', '', 'Gastric'),
(738, 317, 'AB+', '', ''),
(739, 318, '', '', ''),
(740, 319, 'B+', '', ''),
(741, 320, '', '', ''),
(742, 321, '0+', '', ''),
(743, 322, 'AB+', '', ''),
(744, 323, '', '', 'Gastric, thyroid'),
(745, 324, '', '', 'Gastric'),
(746, 325, '', '', ''),
(747, 326, '', '', ''),
(748, 327, '', '', ''),
(749, 328, 'B+', '', ''),
(750, 329, 'B+', '', ''),
(751, 330, '', '', ''),
(752, 331, 'B+', '', ''),
(753, 332, 'B+', '', ''),
(754, 333, 'B+', '', ''),
(755, 334, '0+', '', ''),
(756, 335, 'A+', '', ''),
(757, 336, 'AB+', '', ''),
(758, 337, 'A+', '', ''),
(759, 338, '', '', ''),
(760, 339, 'B+', '', ''),
(761, 340, 'A+', '', ''),
(762, 341, 'B+', '', ''),
(763, 342, 'B+', '', ''),
(764, 343, '', '', ''),
(765, 344, 'A+', '', ''),
(766, 345, 'B+', '', ''),
(767, 346, 'B+', '', ''),
(768, 347, 'A-', '', ''),
(769, 348, 'AB+', '', ''),
(770, 349, '0+', '', ''),
(771, 350, '', '', ''),
(772, 351, 'B+', '', 'High Blood Pressure '),
(773, 352, 'B+', '', ''),
(774, 353, '', '', ''),
(775, 354, '', '', ''),
(776, 355, 'B+', '', 'SUGAR ');



CREATE TABLE `introductiondetails` (
  `id` bigint NOT NULL,
  `rUser_Id` varchar(255) NOT NULL,
  `active_state` tinyint(1) DEFAULT '1',
  `rRole` varchar(255) NOT NULL,
  `imagepath` varchar(255) DEFAULT NULL,
  `image` varchar(255) DEFAULT NULL,
  `rName` varchar(200) NOT NULL,
  `rNameCapital` varchar(200) NOT NULL,
  `rDOB` date NOT NULL,
  `eDate` date NOT NULL,
  `rAge` varchar(255) DEFAULT NULL,
  `rNational` varchar(200) NOT NULL,
  `rEducation` varchar(200) NOT NULL,
  `rProfession` varchar(200) NOT NULL,
  `rGender` varchar(200) NOT NULL,
  `rSpecialAbility` varchar(200) NOT NULL,
  `rMarital` varchar(50) NOT NULL,
  `rMotherToungue` varchar(200) NOT NULL,
  `rCitizenshipNo` varchar(100) NOT NULL,
  `rIssuedDate` varchar(255) DEFAULT NULL,
  `rIssuedLocation` varchar(200) NOT NULL,
  `active_status` tinyint(1) DEFAULT '1',
  `login_user` bigint DEFAULT NULL,
  `dt` timestamp NOT NULL DEFAULT CURRENT_TIMESTAMP
);

INSERT INTO `introductiondetails` (`id`, `rUser_Id`, `active_state`, `rRole`, `imagepath`, `image`, `rName`, `rNameCapital`, `rDOB`, `eDate`, `rAge`, `rNational`, `rEducation`, `rProfession`, `rGender`, `rSpecialAbility`, `rMarital`, `rMotherToungue`, `rCitizenshipNo`, `rIssuedDate`, `rIssuedLocation`, `active_status`, `login_user`, `dt`) VALUES
(1, 'No.1', 1, 'Member', '../image_upload/profilPicture/', '', '  ', 'BIKESH KUMAR ', '2058-06-10', '2023-12-03', '22', 'Nepal', '         Graduate ', '', '', 'CSIT', '', '', '45-564-456478', '2076-06-09', 'kathmandu', 0, 51, '2023-12-03 12:08:47'),
(2, 'No.2', 1, 'Member', '../../image_upload/profilPicture/', 'dos_logo.png', '  ', 'SUNAM SIR', '2042-06-02', '1985-09-18', '38', 'Malaysia', 'SEE ...', 'software engineer', '', 'CSIT', '', 'Awadhi', '45-564-45647', '2080-06-10', 'kathmandu', 1, 51, '2023-12-03 12:08:47'),
(3, 'No.3', 1, 'Member', '../../image_upload/profilPicture/', 'pngtree-hardik-shubhkamnaye-png-image_3929206.jpg', ' ', 'RANJIT SIR', '2062-06-12', '2023-11-30', '18', 'Angola', '             OtherEd', 'Nepal Bhasa (Newar)', '', 'CSIT', '', '', '56457645', '2071-06-15', 'Malangwa', 0, 51, '2023-12-03 12:08:47'),
(4, 'No.4', 1, 'Member', '../image_upload/profilPicture/', 'realistic-diwali-frame-with-traditional-holiday-symbols-and-ornaments-vector-illustration-2MY05B0.jpg', '  ', 'HARI SHANKAR TIWARI', '2032-07-05', '2023-11-30', '48', 'Nepal', '   10+2 or PCL      ', 'Nepal Bhasa (Newar)', '', 'I.com', '', '', '41054', '2080-06-01', 'gorkha', 0, 51, '2023-12-03 12:08:47'),
(5, 'No.5', 1, 'Member', '../../image_upload/profilPicture/', 'OMS (1).png', ' ', 'RANJIT SIR', '2042-07-13', '2023-11-29', '38', 'Nepal', '       Graduate ', '', '', 'CSIT', '', '', '019-4502-21333', '2081-05-12', 'Janakpur', 0, 51, '2023-12-03 12:08:47'),
(6, 'No.6', 1, 'Member', '../../image_upload/profilPicture/', 'dos_logo.png', ' ', 'DEPARTMENT OF SEWA', '2056-07-10', '2023-11-29', '24', 'Andorra', '  Graduate ', 'Tharu', '', 'CSIT', '', '', '6546-76546', '2046-07-17', 'Janakpur', 1, 51, '2023-12-03 12:08:47'),
(7, 'No.7', 1, 'Volunteer', '../../image_upload/profilPicture/', '', ' ', 'PARBATI KOIRALA', '2018-02-15', '2024-01-12', '62', 'Nepal', '  Literate ', 'housewife', '', '', '', 'Nepali', '183', '2079-08-08', 'parsa', 1, 51, '2023-12-03 12:08:47'),
(8, 'No.8', 1, 'Volunteer', '../../image_upload/profilPicture/', '', ' ', 'ANU BHUJEL', '2055-07-01', '1998-10-18', '25', 'Nepal', 'Graduate ', 'student', '', '', '', 'Nepali', '35-01-74-01002', '2074-02-07', 'chitwan', 1, 51, '2023-12-03 12:08:47'),
(9, 'No.9', 1, 'Volunteer', '../../image_upload/profilPicture/', 'OMS.png', ' ', 'GLOBALTECH SOLUTION', '2063-08-14', '2023-11-29', '17', 'Nepal', '                Postgraduate ', '', '', 'CSIT', '', '', '07568932145555', '2074-08-13', 'Malangwa', 1, 51, '2023-12-03 12:08:47'),
(10, 'No.10', 1, 'Member', '../../image_upload/profilPicture/', 'realistic-diwali-frame-with-traditional-holiday-symbols-and-ornaments-vector-illustration-2MY05B0.jpg', '   ', 'MOHAN KUMAR GUPTA ', '2062-08-08', '2005-11-23', '18', 'Select...', 'Select...', 'Web Developer ', '', 'BCA', '', 'Select...', '07556-1225-565', '2062-08-15', 'Kathmandu', 1, 51, '2023-12-03 12:08:47'),
(11, 'No.11', 1, 'Member', '../../image_upload/profilPicture/', '', ' ', 'RANJIT SIR', '2062-08-16', '2005-12-01', '18', 'Select...', 'Select...', '', '', '', '', 'Select...', '', '', '', 1, 51, '2023-12-03 12:08:47'),
(12, 'No.12', 1, 'Member', '../../image_upload/profilPicture/', '', ' ', 'RANJIT SIR', '2062-08-16', '2005-12-01', '18', 'Select...', 'Select...', '', '', '', '', 'Select...', '', '', '', 1, 51, '2023-12-03 12:08:47'),
(13, 'No.13', 1, 'Member', '../../image_upload/profilPicture/', '', ' ', 'RANJIT SIR', '2062-08-16', '2005-12-01', '18', 'Select...', 'Select...', '', '', '', '', 'Select...', '', '', '', 1, 51, '2023-12-03 12:08:47'),
(14, 'No.14', 1, 'Member', '../../image_upload/profilPicture/', 'realistic-diwali-frame-with-traditional-holiday-symbols-and-ornaments-vector-illustration-2MY05B0.jpg', ' ', 'RANJIT SIR', '2061-08-10', '2004-11-25', '19', 'Angola', 'SEE ...', 'Web Developer ', '', 'BCA', '', 'Bhojpuri', '345435-543534', '2063-08-13', 'Kathmandu', 1, 51, '2023-12-03 12:08:47'),
(15, 'No.14', 1, 'Member', '../../image_upload/profilPicture/', 'realistic-diwali-frame-with-traditional-holiday-symbols-and-ornaments-vector-illustration-2MY05B0.jpg', ' ', 'RANJIT SIR', '2061-08-10', '2004-11-25', '19', 'Angola', 'SEE ...', 'Web Developer ', '', 'BCA', '', 'Bhojpuri', '345435-543534', '2063-08-13', 'Kathmandu', 1, 51, '2023-12-03 12:08:47'),
(16, 'No.16', 1, 'Volunteer', '../../image_upload/profilPicture/', '', ' ', 'RANJIT SIR', '2041-08-14', '1984-11-29', '39', 'Andorra', 'SEE ...', 'Web Developer ', '', 'BCA', '', 'Maithili', '35434534', '2063-08-14', 'Kathmandu', 0, 51, '2023-12-03 12:08:47'),
(17, 'No.17', 1, 'Member', '../../image_upload/profilPicture/', 'img1a.jpg', '   ', 'PAWAN KUMAR GUPTA', '2059-08-18', '2002-12-04', '21', 'Andorra', '10+2 or PCL      ', 'Web Developer ', '', 'BCA', '', 'Bhojpuri', '35345-543-6565', '2073-08-09', 'Kathmandu', 1, 51, '2023-12-03 12:08:47'),
(18, 'No.18', 1, 'Volunteer', '../../image_upload/profilPicture/', 'pngtree-happy-diwali-decorative-diya-cracker-frame-png-image_6867756.png', '   ', 'SUJIT KUMAR RAUT', '2045-08-16', '1988-12-01', '35', 'Angola', '10+2 or PCL      ', 'Web Developer ', '', 'BCA', '', 'Nepal Bhasa (Newar)', '3654676-98-76', '2069-08-14', 'Kathmandu', 1, 51, '2023-12-03 12:08:47'),
(19, 'No.19', 1, 'Volunteer', '../../image_upload/profilPicture/', '', ' ', 'SITA BHATTA', '2036-01-01', '1979-04-14', '44', 'Nepal', 'SEE ...', 'agriculture', '', '', '', 'Nepali', '263023-1045', '2063-11-16', 'dhading', 1, 51, '2023-12-03 12:08:47'),
(20, 'No.20', 1, 'Volunteer', '../../image_upload/profilPicture/', '', ' ', 'SHIKSHYA UPRETI', '2050-10-10', '1994-01-23', '29', 'Nepal', 'Graduate ', 'student', '', '', '', 'Nepali', '351008-556', '2078-02-25', 'chitwan', 1, 51, '2023-12-03 12:08:47'),
(21, 'No.21', 1, 'Volunteer', '../../image_upload/profilPicture/', '', ' ', 'SUNITA TIMILSINA', '2050-02-02', '1993-05-15', '30', 'Nepal', 'Graduate ', 'aqccountant', '', '', '', 'Nepali', '251019-611', '2069-03-12', 'chitwan', 1, 51, '2023-12-03 12:08:47'),
(22, 'No.22', 1, 'Member', '../image_upload/profilPicture/', '', ' ', '  ', '2044-08-09', '2023-12-03', '36', 'Angola', ' SEE ...', 'Web Developer ', '', 'BCA', '', '', '35345-64564-64', '2070-08-13', 'Kathmandu', 0, 51, '2023-12-03 12:08:47'),
(23, 'No.23', 1, 'Volunteer', '../../image_upload/profilPicture/', '', ' ', 'SAMICHA TIMILSINA', '2054-06-07', '1997-09-23', '26', 'Nepal', '10+2 or PCL      ', 'student', '', '', '', 'Nepali', '43-01-74-05154', '2074-06-23', 'tanahu', 1, 51, '2023-12-04 06:17:16'),
(24, 'No.24', 1, 'Volunteer', '../../image_upload/profilPicture/', '', ' ', 'SAMICHA TIMILSINA', '2054-06-07', '1997-09-23', '26', 'Nepal', '10+2 or PCL      ', 'student', '', '', '', 'Nepali', '43-01-74-05154', '2074-06-23', 'tanahu', 0, 51, '2023-12-04 07:02:26'),
(25, 'No.25', 1, 'Volunteer', '../../image_upload/profilPicture/', '', '  ', 'HEM LAL PAUDEL', '2002-04-10', '1945-07-25', '78', 'Nepal', 'OtherEd', 'n/a', '', '', '', 'Nepali', '1777', '2042-02-01', 'syangja', 1, 51, '2023-12-04 07:33:45'),
(26, 'No.26', 1, 'Volunteer', '../../image_upload/profilPicture/', '', ' ', 'SHANTI POUDEL', '2025-07-20', '1968-11-05', '55', 'Nepal', 'Literate ', 'housewife', '', '', '', 'Nepali', '362027-764', '2067-05-20', 'nwalparasi', 1, 51, '2023-12-14 06:28:04'),
(27, 'No.27', 1, 'Volunteer', '../../image_upload/profilPicture/', '', '  ', 'TIKA KUMARI NEPAL', '2024-09-05', '1967-12-20', '56', 'Nepal', 'Literate ', 'agriculture', '', '', '', 'Nepali', '508', '2045-01-15', 'chitwan', 1, 51, '2023-12-14 06:33:19'),
(28, 'No.28', 1, 'Volunteer', '../../image_upload/profilPicture/', '', '  ', 'JUNA MAYA BISWAKARMA', '2016-01-12', '1959-04-25', '64', 'Nepal', 'Literate ', 'agriculture', '', '', '', 'Nepali', '353283', '2048-08-04', 'chitwan', 1, 51, '2023-12-14 07:44:32'),
(29, 'No.29', 1, 'Volunteer', '../../image_upload/profilPicture/', '', '  ', 'AMBIKA BOHARA GURUNG', '2041-05-10', '1984-08-26', '39', 'Nepal', 'Postgraduate ', 'job holder', '', '', '', 'Nepali', '1173', '2080-08-28', 'kailali', 1, 51, '2023-12-14 08:31:34'),
(30, 'No.30', 1, 'Volunteer', '../../image_upload/profilPicture/', '', ' ', 'GAURIMAYA GURUNG', '2035-05-09', '1978-08-25', '45', 'Nepal', 'OtherEd', 'housewife', '', '', '', 'Nepali', '451042-2765', '2064-09-02', 'lamjung', 1, 51, '2023-12-14 08:36:09'),
(31, 'No.30', 1, 'Volunteer', '../../image_upload/profilPicture/', '', ' ', 'GAURIMAYA GURUNG', '2035-05-09', '1978-08-25', '45', 'Nepal', 'OtherEd', 'housewife', '', '', '', 'Nepali', '451042-2765', '2064-09-02', 'lamjung', 0, 51, '2023-12-14 08:59:06'),
(32, 'No.32', 1, 'Volunteer', '../../image_upload/profilPicture/', '', ' ', 'MANU GURUNG', '2040-05-10', '1983-08-26', '40', 'Nepal', 'OtherEd', 'n/a', '', '', '', 'Nepali', '451042-5805', '2065-07-05', 'lamjung', 1, 51, '2023-12-14 09:10:14'),
(33, 'No. 33', 1, 'Volunteer', '../../image_upload/profilPicture/', '', ' ', 'AMRITA PARIYAR', '2039-05-22', '1982-09-07', '41', 'Nepal', '10+2 or PCL      ', 'tailor', '', '', '', 'Nepali', '31534', '2063-05-13', 'chitwan', 1, 51, '2023-12-16 06:22:06'),
(34, 'No. 33', 1, 'Volunteer', '../../image_upload/profilPicture/', '', ' ', 'AMRITA PARIYAR', '2039-05-22', '1982-09-07', '41', 'Nepal', '10+2 or PCL      ', 'tailor', '', '', '', 'Nepali', '31534', '2063-05-13', 'chitwan', 0, 51, '2023-12-16 06:32:49'),
(35, 'No. 33', 1, 'Volunteer', '../../image_upload/profilPicture/', '', ' ', 'AMRITA PARIYAR', '2039-05-22', '1982-09-07', '41', 'Nepal', '10+2 or PCL      ', 'tailor', '', '', '', 'Nepali', '31534', '2063-05-13', 'chitwan', 0, 51, '2023-12-16 06:41:04'),
(36, 'No. 33', 1, 'Volunteer', '../../image_upload/profilPicture/', '', ' ', 'AMRITA PARIYAR', '2039-05-22', '1982-09-07', '41', 'Nepal', '10+2 or PCL      ', 'tailor', '', '', '', 'Nepali', '31534', '2063-05-13', 'chitwan', 0, 51, '2023-12-16 06:45:11'),
(37, 'No. 37', 1, 'Volunteer', '../../image_upload/profilPicture/', '', '  ', 'SANTA KUMARI BARAM', '2014-04-12', '1957-07-27', '66', 'Nepal', 'OtherEd', 'agriculture', '', '', '', 'Nepali', '130', '2046-01-23', 'chitwan', 1, 51, '2023-12-16 06:52:29'),
(38, 'No. 38', 1, 'Volunteer', '../../image_upload/profilPicture/', '', ' ', 'CHUNCHA PARIYAR', '2014-01-01', '1957-04-13', '66', 'Nepal', 'OtherEd', 'agriculture', '', '', '', 'Nepali', '175', '2036-12-14', 'chitwan', 1, 51, '2023-12-16 09:24:59'),
(39, 'No. 39', 1, 'Volunteer', '../../image_upload/profilPicture/', '', ' ', 'TULSI GURUNG', '2036-09-05', '1979-12-20', '44', 'Nepal', 'OtherEd', 'agriculture', '', '', '', 'Nepali', '351037-642', '2038-11-18', 'chitwan', 1, 51, '2023-12-16 09:45:36'),
(40, 'No. 40', 1, 'Volunteer', '../../image_upload/profilPicture/', '', '  ', 'SUK MAYA GURUNG', '2044-12-08', '1988-03-21', '35', 'Nepal', 'Below SEE ', 'agriculture', '', '', '', 'Nepali', '443045-14', '2063-10-19', 'gorkha', 1, 51, '2023-12-16 09:55:30'),
(41, 'No. 40', 1, 'Volunteer', '../../image_upload/profilPicture/', '', '  ', 'SUK MAYA GURUNG', '2044-12-08', '1988-03-21', '35', 'Nepal', 'Below SEE ', 'agriculture', '', '', '', 'Nepali', '443045-14', '2063-10-19', 'gorkha', 0, 51, '2023-12-16 10:07:32'),
(42, 'No. 42', 1, 'Volunteer', '../../image_upload/profilPicture/', '', '  ', 'BAL BAHADUR GURUNG', '2030-12-28', '1974-04-10', '49', 'Nepal', 'Literate ', 'business', '', '', '', 'Nepali', '404-44', '2055-01-17', 'kanchanpur', 1, 51, '2023-12-16 10:15:44'),
(43, 'No. 43', 1, 'Volunteer', '../../image_upload/profilPicture/', '', '  ', 'TULRAJ SHAKYA BADA', '2033-09-12', '1976-12-26', '47', 'Nepal', 'SEE ...', 'business', '', '', '', 'Nepali', '97', '2052-01-12', 'chitwan', 1, 51, '2023-12-16 10:29:22'),
(44, 'No. 44', 1, 'Volunteer', '../../image_upload/profilPicture/', '', '   ', 'EKULAXMI GURUNG', '2042-08-19', '1985-12-04', '38', 'Nepal', 'Below SEE ', 'business', '', '', '', 'Nepali', '3195-059', '2059-11-19', 'chitwan', 1, 51, '2023-12-16 10:37:51'),
(45, 'No. 45', 1, 'Volunteer', '../../image_upload/profilPicture/', '', '  ', 'BISHNU MAYA GURUNG', '2012-08-29', '1955-12-14', '68', 'Nepal', 'OtherEd', 'n/a', '', '', '', 'Nepali', '1510', '2031-11-20', 'chitwan', 1, 51, '2023-12-16 10:54:37'),
(46, 'No. 46', 1, 'Volunteer', '../../image_upload/profilPicture/', '', ' ', 'ALINA GURUNG', '2049-11-05', '1993-02-16', '30', 'Nepal', 'SEE ...', 'housewife', '', '', '', 'Nepali', '441048-840', '2070-11-19', 'gorkha', 1, 51, '2023-12-17 05:12:21'),
(47, 'No. 47', 1, 'Volunteer', '../../image_upload/profilPicture/', '', '  ', 'HASTA KUMARI GURUNG', '2010-07-21', '1953-11-06', '70', 'Nepal', 'OtherEd', 'agriculture', '', '', '', 'Nepali', '871', '2044-12-23', 'gorkha', 1, 51, '2023-12-17 05:25:07'),
(48, 'No. 48', 1, 'Volunteer', '../../image_upload/profilPicture/', '', ' ', 'PANU GURUNG', '2000-06-15', '1943-10-01', '80', 'Nepal', 'Literate ', 'agriculture', '', '', '', 'Nepali', '2777', '2046-03-08', 'gorkha', 1, 51, '2023-12-17 05:31:15'),
(49, 'No. 49', 1, 'Volunteer', '../../image_upload/profilPicture/', '', ' ', 'MADAN GURUNG', '2024-01-15', '1967-04-28', '56', 'Nepal', 'OtherEd', 'agriculture', '', '', '', 'Nepali', '16584', '2044-05-03', 'gorkha', 1, 51, '2023-12-17 05:40:16'),
(50, 'No. 50', 1, 'Volunteer', '../../image_upload/profilPicture/', '', ' ', 'RATNA GURUNG', '2027-04-05', '1970-07-20', '53', 'Nepal', 'Below SEE ', 'agriculture', '', '', '', 'Nepali', '1412', '2046-02-06', 'lamjung', 1, 51, '2023-12-17 07:21:58'),
(51, 'No. 50', 1, 'Volunteer', '../../image_upload/profilPicture/', '', ' ', 'RATNA GURUNG', '2027-04-05', '1970-07-20', '53', 'Nepal', 'Below SEE ', 'agriculture', '', '', '', 'Nepali', '1412', '2046-02-06', 'lamjung', 0, 51, '2023-12-17 07:22:35'),
(52, 'No. 50', 1, 'Volunteer', '../../image_upload/profilPicture/', '', ' ', 'RATNA GURUNG', '2027-04-05', '1970-07-20', '53', 'Nepal', 'Below SEE ', 'agriculture', '', '', '', 'Nepali', '1412', '2046-02-06', 'lamjung', 0, 51, '2023-12-17 07:23:18'),
(53, 'No. 50', 1, 'Volunteer', '../../image_upload/profilPicture/', '', ' ', 'RATNA GURUNG', '2027-04-05', '1970-07-20', '53', 'Nepal', 'Below SEE ', 'agriculture', '', '', '', 'Nepali', '1412', '2046-02-06', 'lamjung', 0, 51, '2023-12-17 07:23:22'),
(54, 'No. 54', 1, 'Volunteer', '../../image_upload/profilPicture/', '', ' ', 'MANU GURUNG', '2014-01-01', '1957-04-13', '66', 'Nepal', 'Literate ', 'agriculture', '', '', '', 'Nepali', '428', '2036-11-30', 'chitwan', 1, 51, '2023-12-17 07:28:54'),
(55, 'No. 55', 1, 'Volunteer', '../../image_upload/profilPicture/', '', ' ', 'SARU SHRESTHA', '2054-06-02', '1997-09-18', '26', 'Nepal', '10+2 or PCL      ', 'student', '', '', '', 'Nepali', '35-01-72-04381', 'n/a', 'chitwan', 1, 51, '2023-12-17 07:35:16'),
(56, 'No. 56', 1, 'Volunteer', '../../image_upload/profilPicture/', '', '  ', 'TEJ BAHADUR KUMAL', '2014-02-20', '1957-06-02', '66', 'Nepal', 'OtherEd', 'n/a', '', '', '', 'Nepali', '738', '2040-06-02', 'chitwan', 1, 51, '2023-12-17 07:39:27'),
(57, 'No.57', 1, 'Volunteer', '../../image_upload/profilPicture/', '', '  ', 'DEEPA GURUNG', '2034-08-10', '1977-11-25', '46', 'Nepal', 'OtherEd', 'agriculture', '', 'n-a', '', 'Nepali', '353037-507', '2063-11-11', 'chitwan', 1, 51, '2023-12-30 06:02:19'),
(58, 'No.58', 1, 'Member', '../../image_upload/profilPicture/', '', '   ', 'RAM PRASAD MAHATO', '2013-09-14', '1956-12-28', '67', 'Nepal', 'OtherEd', 'n-a', '', '0', '', 'Nepali', '2090', '2030-09-19', 'chitwan', 1, 51, '2023-12-30 06:09:28'),
(59, 'No.59', 1, 'Member', '../../image_upload/profilPicture/', '', '  ', 'MAYASH GURUNG', '2039-07-17', '1982-11-03', '41', 'Nepal', 'SEE ...', 'n-a', '', 'n-a', '', 'Nepali', '3649-057', '2057-03-04', 'chitwan', 1, 51, '2023-12-30 06:14:31'),
(60, 'No.60', 1, 'Member', '../../image_upload/profilPicture/', '', '    ', 'CHIJ MAYA GURUNG', '2027-03-07', '1970-06-21', '53', 'Nepal', 'OtherEd', 'n-a', '', 'n-a', '', 'Nepali', '44-92895', '2049-05-23', 'chitwan', 1, 51, '2023-12-30 06:19:15'),
(61, 'No.61', 1, 'Member', '../../image_upload/profilPicture/', '', '  ', 'UPA GURUNG', '2014-05-20', '1957-09-05', '66', 'Nepal', 'OtherEd', 'n-a', '', 'n-a', '', 'Nepali', '3595', '2047-03-12', 'lamjung', 1, 51, '2023-12-30 06:23:33'),
(62, 'No.62', 1, 'Member', '../../image_upload/profilPicture/', '', '   ', 'KRISHNA KUMARI SHAKYA', '2027-08-17', '1970-12-02', '53', 'Nepal', 'OtherEd', 'n-a', '', 'n-a', '', 'Nepali', '1037-669', '2068-12-17', 'chitwan', 1, 51, '2023-12-30 06:28:28'),
(63, 'No.63', 1, 'Member', '../../image_upload/profilPicture/', '', '   ', 'PURNA KUMARI GURUNG', '2048-06-04', '1991-09-20', '32', 'Nepal', 'OtherEd', 'n-a', '', 'n-a', '', 'Nepali', '441030-111', '2064-12-04', 'gorkha', 1, 51, '2023-12-30 06:34:28'),
(64, 'No.64', 1, 'Member', '../../image_upload/profilPicture/', '', '   ', 'DIL KUMARI GURUNG', '2034-06-25', '1977-10-11', '46', 'Nepal', 'OtherEd', 'n-a', '', 'n-a', '', 'Nepali', '451042-3814', '2064-12-20', 'chitwan', 1, 51, '2023-12-30 06:40:13'),
(65, 'No.65', 1, 'Member', '../../image_upload/profilPicture/', '', '  ', 'BIDHYA GURUNG', '2054-04-04', '1997-07-19', '26', 'Nepal', 'Graduate ', 'student', '', 'B.A', '', 'Nepali', '46-07-73-02333', '2073-02-26', 'chitwan', 1, 51, '2023-12-30 06:45:27'),
(66, 'No.66', 1, 'Member', '../../image_upload/profilPicture/', '', '  ', 'DEVIKA GURUNG', '2031-12-11', '1975-03-24', '48', 'Nepal', 'OtherEd', 'n-a', '', 'n-a', '', 'Nepali', '4153', '2050-03-06', 'chitwan', 1, 51, '2023-12-30 06:54:15'),
(67, 'No.67', 1, 'Member', '../../image_upload/profilPicture/', '', '    ', 'TIKA KUMARI GURUNG', '2013-10-02', '1957-01-15', '66', 'Nepal', 'OtherEd', 'n-a', '', 'n-a', '', 'Nepali', '18910', '2045-10-02', 'nawalparashi', 1, 51, '2023-12-30 07:03:06'),
(68, 'No.68', 1, 'Member', '../../image_upload/profilPicture/', '', ' ', 'NIRMALA THAPA', '2042-09-26', '1986-01-10', '37', 'Nepal', '10+2 or PCL      ', 'CMA', '', 'CMA', '', 'Nepali', '1382-044', '2061-08-13', 'chitwan', 1, 51, '2023-12-30 07:08:29'),
(69, 'No.69', 1, 'Member', '../../image_upload/profilPicture/', '', '  ', 'SUMAN SHARMA', '2053-05-16', '1996-09-01', '27', 'Nepal', 'Graduate ', 'STAFF NURSE', '', 'NURSING', '', 'Nepali', '351004-1962', '2070-02-16', 'chitwan', 1, 51, '2023-12-30 07:22:31'),
(70, 'No.70', 1, 'Member', '../../image_upload/profilPicture/', '', '    ', 'RAM PRASAD RIJAL', '2021-07-10', '1964-10-26', '59', 'Nepal', '10+2 or PCL      ', 'TEACHER', '', 'TEACHER', '', 'Nepali', '1489', '2040-12-19', 'chitwan', 1, 51, '2023-12-30 07:26:54'),
(71, 'No.71', 1, 'Member', '../../image_upload/profilPicture/', '', '  ', 'CHANDRA KUMARI NEUPANE', '2026-09-09', '1969-12-24', '54', 'Nepal', 'Below SEE ', 'agriculture', '', 'n-a', '', 'Nepali', '4-259', '2042-01-05', 'chitwan', 1, 51, '2023-12-30 07:32:30'),
(72, 'No.72', 1, 'Member', '../../image_upload/profilPicture/', '', '  ', 'PRATIMA KATTEL', '2034-08-24', '1977-12-09', '46', 'Nepal', '10+2 or PCL      ', 'HOUSEWIFE', '', 'n-a', '', 'Nepali', '996-034', '2056-12-26', 'chitwan', 1, 51, '2023-12-30 07:40:00'),
(73, 'No.73', 1, 'Member', '../../image_upload/profilPicture/', '', '  ', 'NETRA KUMARI GHARTI', '2028-12-08', '1972-03-21', '51', 'Nepal', 'OtherEd', 'n-a', '', 'n-a', '', 'Nepali', '411062-80740', '2066-05-01', 'GULMI', 1, 51, '2023-12-30 07:45:40'),
(74, 'No.74', 1, 'Member', '../../image_upload/profilPicture/', '', ' ', 'TULSI RANABHAT', '2043-04-03', '1986-07-18', '37', 'Nepal', 'Literate ', 'agriculture', '', 'n-a', '', 'Nepali', '8263-062', '2062-08-09', 'chitwan', 1, 51, '2023-12-30 07:49:25'),
(75, 'No.75', 1, 'Volunteer', '../../image_upload/profilPicture/', '', '  ', 'GYANU THAPA MAGAR', '2023-02-06', '1966-05-19', '58', 'Nepal', 'OtherEd', 'agriculture', '', '', '', 'Nepali', '6186-054', '2054-11-18', 'chitwan', 1, 51, '2024-01-03 06:19:28'),
(76, 'No.76', 1, 'Volunteer', '../../image_upload/profilPicture/', '', '  ', 'BISHNU MAYA RANABHAT ', '2040-08-15', '1983-12-01', '41', 'Nepal', 'Literate ', 'agriculture', '', '', '', 'Nepali', '35-01-75-06536', '2075-05-21', 'chitwan', 1, 51, '2024-01-03 06:24:12'),
(77, 'No.77', 1, 'Volunteer', '../../image_upload/profilPicture/', '', '  ', 'BINDA DEVI PANDEY', '2018-10-01', '1962-01-14', '62', 'Nepal', 'Literate ', 'agriculture', '', '', '', 'Nepali', '1034-044', '2062-10-19', 'chitwan', 1, 51, '2024-01-03 06:28:44'),
(78, 'No.78', 1, 'Volunteer', '../../image_upload/profilPicture/', '', ' ', 'SHASHI DEVI', '2080-03-01', '1989-06-15', '1', 'Nepal', 'SEE ...', 'tailor', '', '', '', 'Bhojpuri', '1075-333', '2067-10-20', 'parsa', 1, 51, '2024-01-05 06:38:03'),
(79, 'No.79', 1, 'Volunteer', '../../image_upload/profilPicture/', '', ' ', 'KALPANA MARAHATTA', '2035-06-10', '1978-09-26', '46', 'Nepal', 'SEE ...', 'agriculture', '', '', '', 'Nepali', '46756-440', '2052-04-08', 'gorkha', 1, 51, '2024-01-05 09:39:51'),
(80, 'No.80', 1, 'Member', '../../image_upload/profilPicture/', '', '  ', 'PRADEEP PANDIT', '2036-12-01', '2024-01-08', '44', 'Nepal', '  ', 'business', '', 'business', '', '', '88792111', '2060-12-13', 'parsa', 1, 51, '2024-01-06 05:27:50'),
(81, 'No.81', 1, 'Member', '../../image_upload/profilPicture/', '', '  ', 'RAMBHA DEVI', '2033-08-13', '1976-11-28', '48', 'Nepal', 'SEE ...', 'HOUSEWIFE', '', 'housewife', '', 'Bhojpuri', '88782355', '2060-12-23', 'parsa', 1, 51, '2024-01-06 05:31:44'),
(82, 'No.82', 1, 'Member', '../../image_upload/profilPicture/', '', '   ', 'NABIN KUMAR SINGH', '2037-10-29', '1981-02-11', '43', 'Nepal', 'SEE ...', 'n-a', '', 'n-a', '', 'Maithili', '1535', '2055-02-19', 'parsa', 1, 51, '2024-01-06 05:37:46'),
(83, 'No.83', 1, 'Member', '../../image_upload/profilPicture/', '', '   ', 'JAY KISUN PRASAD', '2017-03-02', '1960-06-15', '64', 'Nepal', 'SEE ...', 'sewa nibtri', '', 'slc', '', 'Bhojpuri', '218-64430218', '2035-04-24', 'parsa', 1, 51, '2024-01-06 05:48:16'),
(84, 'No.84', 1, 'Member', '../../image_upload/profilPicture/', '', '  ', 'PRATIMA DEVI', '2029-11-03', '1973-02-14', '51', 'Nepal', 'SEE ...', 'HOUSEWIFE', '', 'SLC', '', 'Bhojpuri', '3264', '2061-01-09', 'BARA', 1, 51, '2024-01-06 05:57:04'),
(85, 'No.85', 1, 'Member', '../../image_upload/profilPicture/', '', '     ', 'MAHABIR SAHA SONAR', '2013-01-01', '1956-04-13', '68', 'Nepal', 'SEE ...', 'agriculture', '', 'n-a', '', 'Bhojpuri', '38690333', '2034-02-16', 'BARA', 1, 51, '2024-01-06 06:03:16'),
(86, 'No.86', 1, 'Member', '../../image_upload/profilPicture/', '', '    ', 'YUGOL KISOR PRASAD SAH', '2020-07-07', '1963-10-24', '61', 'Nepal', 'SEE ...', 'agriculture', '', 'n-a', '', 'Bhojpuri', '1552-2591', '2040-07-07', 'BARA', 1, 51, '2024-01-06 06:10:36'),
(87, 'No.87', 1, 'Member', '../../image_upload/profilPicture/', '', '    ', 'HIRDEY NARAYAN PRASAD', '2010-01-01', '1953-04-13', '71', 'Nepal', 'SEE ...', 'agriculture', '', 'n-a', '', 'Bhojpuri', '62960942', '2034-12-26', 'BARA', 1, 51, '2024-01-06 06:15:19'),
(88, 'No.88', 1, 'Volunteer', '../../image_upload/profilPicture/', '', '    ', 'HARI SHANKAR PRASAD SAAH', '2017-01-01', '1960-04-13', '64', 'Nepal', 'SEE ...', 'business', '', 'n-a', '', 'Bhojpuri', '2299-3048', '2046-12-02', 'BARA', 1, 51, '2024-01-06 06:26:13'),
(89, 'No.89', 1, 'Volunteer', '../../image_upload/profilPicture/', '', '    ', 'RAMAYAN PRASAD  KURMI', '2028-07-08', '1971-10-25', '53', 'Nepal', 'SEE ...', 'thakadar', '', 'n-a', '', 'Bhojpuri', '06182204', '2049-06-08', 'parsa', 1, 51, '2024-01-06 06:33:00'),
(90, 'No.90', 1, 'Volunteer', '../../image_upload/profilPicture/', '', '    ', 'CHANDRA PRABHA KUMARI ', '2053-01-08', '1996-04-20', '28', 'Nepal', 'SEE ...', 'silai', '', 'n-a', '', 'Bhojpuri', '34-01-75-16758', '2075-10-23', 'parsa', 1, 51, '2024-01-06 06:39:54'),
(91, 'No.90', 1, 'Volunteer', '../../image_upload/profilPicture/', '', ' ', 'BIPANA SHRESTHA', '2047-12-15', '1991-03-29', '33', 'Nepal', 'Literate ', 'agriculture', '', '', '', 'Nepali', '341081-149', '2065-03-26', 'parsa', 1, 51, '2024-01-06 06:45:18'),
(92, 'No.91', 1, 'Volunteer', '../../image_upload/profilPicture/', '', '   ', 'SANTOSH KUMAR SAAH', '2046-07-16', '1989-11-01', '35', 'Nepal', 'SEE ...', 'nokari', '', 'n-a', '', 'Bhojpuri', '03182768', '2063-09-06', 'parsa', 1, 51, '2024-01-06 06:50:33'),
(93, 'No.92', 1, 'Volunteer', '../../image_upload/profilPicture/', '', '  ', 'NANDA KUMARI SIMKHADA', '2017-04-25', '1960-08-09', '64', 'Nepal', 'Literate ', 'agriculture', '', '', '', 'Nepali', '885-046', '2046-11-07', 'dhading', 1, 51, '2024-01-06 06:54:07'),
(94, 'No.94', 1, 'Volunteer', '../../image_upload/profilPicture/', '', '  ', 'SANTOSHI PARAJULI', '2038-07-27', '1981-11-12', '43', 'Nepal', 'SEE ...', 'job', '', 'n-a', '', 'Bhojpuri', '341022-175', '0000', 'parsa', 1, 51, '2024-01-06 08:36:22'),
(95, 'No.95', 1, 'Volunteer', '../../image_upload/profilPicture/', '', '   ', 'OM PRAKASH SAAH', '2023-04-15', '1966-07-30', '58', 'Nepal', 'SEE ...', 'driver', '', 'n-a', '', 'Bhojpuri', '05671632', '2046-02-06', 'parsa', 1, 51, '2024-01-06 08:41:49'),
(96, 'No.96', 1, 'Volunteer', '../../image_upload/profilPicture/', '', '   ', 'BISHOWNATH PRASAD SAAH', '2011-01-01', '1954-04-13', '70', 'Nepal', 'SEE ...', 'agriculture', '', 'n-a', '', 'Nepali', '90630640', '2034-09-21', 'parsa', 1, 51, '2024-01-06 08:47:23'),
(97, 'No.97', 1, 'Volunteer', '../../image_upload/profilPicture/', '', ' ', 'BINESH THAKUR', '2039-08-13', '1982-11-28', '42', 'Nepal', 'SEE ...', 'furniture', '', 'n-a', '', 'Bhojpuri', '90632526', '2061-03-03', 'parsa', 1, 51, '2024-01-06 08:52:43'),
(98, 'No.98', 1, 'Volunteer', '../../image_upload/profilPicture/', '', '   ', 'MAHESH PRASAD CHAUDHARY', '2014-07-09', '1957-10-25', '67', 'Nepal', '10+2 or PCL      ', 'n-a', '', 'n-a', '', 'Bhojpuri', '89910729', '2045-01-29', 'parsa', 1, 51, '2024-01-06 08:59:19'),
(99, 'No.99', 1, 'Volunteer', '../../image_upload/profilPicture/', '', '   ', 'GHANSHYAM CHAUDHARY', '2038-12-15', '1982-03-28', '42', 'Nepal', '10+2 or PCL      ', 'business', '', 'n-a', '', 'Bhojpuri', '10872462', '2060-12-16', 'parsa', 1, 51, '2024-01-06 09:06:22'),
(100, 'No.100', 1, 'Volunteer', '../../image_upload/profilPicture/', '', '   ', 'DEV KUMAR SAAH', '2036-12-02', '1980-03-15', '44', 'Nepal', 'Graduate ', 'business', '', 'n-a', '', 'Bhojpuri', '22063', '2056-04-15', 'BARA', 1, 51, '2024-01-06 09:16:03'),
(101, 'No.100', 1, 'Volunteer', '../../image_upload/profilPicture/', '', ' ', 'LOKMAYA NEUPANE', '2031-01-03', '1974-04-16', '50', 'Nepal', 'SEE ...', 'agriculture', '', '', '', 'Nepali', '14-034', '2053-03-25', 'chitwan', 1, 51, '2024-01-06 09:20:19'),
(102, 'No.102', 1, 'Volunteer', '../../image_upload/profilPicture/', '', ' ', 'YOGMAYA ARYAL', '2013-01-02', '1956-04-14', '68', 'Nepal', 'Literate ', 'housewife', '', '', '', 'Nepali', '6002', '2045-01-08', 'dhading', 1, 51, '2024-01-06 09:24:25'),
(103, 'No.101', 1, 'Volunteer', '../../image_upload/profilPicture/', '', '   ', 'NAAG RAJ SONAR', '2035-11-02', '1979-02-14', '45', 'Nepal', 'SEE ...', 'business', '', 'n-a', '', 'Bhojpuri', '160325454', '2058-11-10', 'parsa', 1, 51, '2024-01-06 09:30:57'),
(104, 'No.103', 1, 'Volunteer', '../../image_upload/profilPicture/', '', '  ', 'SITA DEVI ADHIKARI', '2019-03-04', '1962-06-18', '62', 'Nepal', 'Literate ', 'housewife', '', '', '', 'Nepali', '4-43', '2045-01-06', 'chitwan', 1, 51, '2024-01-06 09:33:49'),
(105, 'No.104', 1, 'Volunteer', '../../image_upload/profilPicture/', '', '      ', 'SATRUDHAN THAKUR  HAJAM', '2028-06-04', '1971-09-20', '53', 'Nepal', 'SEE ...', 'business', '', 'n-a', '', 'Bhojpuri', '555-70531910', '2044-11-25', 'parsa', 1, 51, '2024-01-06 09:55:41'),
(106, 'No.106', 1, 'Volunteer', '../../image_upload/profilPicture/', '', ' ', 'DURGA PARAJULI', '2027-06-20', '1970-10-06', '54', 'Nepal', 'SEE ...', 'business', '', '', '', 'Nepali', '78-045046', '2046-02-27', 'chitwan', 1, 51, '2024-01-07 08:59:15'),
(107, 'No.107', 1, 'Volunteer', '../../image_upload/profilPicture/', '', ' ', 'GOMA BHANDARI', '2032-01-14', '1975-04-27', '49', 'Nepal', 'SEE ...', 'housewife', '', '', '', 'Nepali', '1751-034', '2061-12-30', 'chitwan', 1, 51, '2024-01-07 09:12:31'),
(108, 'No.108', 1, 'Volunteer', '../../image_upload/profilPicture/', '', '  ', 'MADHAV PRASAD NEUPANE', '2017-11-03', '1961-02-14', '63', 'Nepal', 'Literate ', 'agriculture', '', '', '', 'Nepali', '16-8273', '2039-11-03', 'Sindhupalchowk', 1, 51, '2024-01-07 09:23:22'),
(109, 'No.109', 1, 'Volunteer', '../../image_upload/profilPicture/', '', ' ', 'TRISANA GURUNG', '2037-05-10', '1980-08-26', '44', 'Nepal', 'SEE ...', 'agriculture', '', '', '', 'Nepali', '76049', '2057-01-14', 'gorkha', 1, 51, '2024-01-12 04:39:37'),
(110, 'No.110', 1, 'Volunteer', '../../image_upload/profilPicture/', '', '  ', 'DIL KUMARI ADHIKARI', '2026-10-18', '1970-01-31', '54', 'Nepal', 'OtherEd', 'housewife', '', '', '', 'Nepali', '816', '2049-08-18', 'kathmandu', 1, 51, '2024-01-12 04:46:43'),
(111, 'No.111', 1, 'Volunteer', '../../image_upload/profilPicture/', '', '  ', 'BHARAT PRASAD TIWARI', '2020-01-04', '1963-04-17', '61', 'Nepal', 'Literate ', 'agriculture', '', '', '', 'Nepali', '2490-046', '2046-03-15', 'Kavre', 1, 51, '2024-01-12 05:08:08'),
(112, 'No.112', 1, 'Member', '../image_upload/profilPicture/', 'IMG20230622150218.jpg', '  ', 'RAJ KUMAR POKHREL', '2040-01-27', '2024-01-21', '41', 'Nepal', '    Graduate ', 'Government JOB as medical Asistant.', '', 'BBA in engineering and project management ongoing , medical Assistant. RJ Training, Diploma in computer', '', '', '7556', '2059-03-20', 'Morang', 1, 51, '2024-01-12 05:37:25'),
(113, 'No.113', 1, 'Volunteer', '../../image_upload/profilPicture/', '', '     ', 'SHIV RAJ  PRASAD YADAV', '2034-04-20', '1977-08-04', '47', 'Nepal', 'Graduate ', 'Teaching', '', 'n-a', '', 'Bhojpuri', '03182403', '2053-04-28', 'parsa', 1, 51, '2024-01-13 06:19:55'),
(114, 'No.114', 1, 'Volunteer', '../../image_upload/profilPicture/', '', '   ', 'BISWA LAXMI RANA', '2009-06-29', '1952-10-14', '72', 'Nepal', 'Graduate ', 'Teaching', '', 'n-a', '', 'Nepali', '10461-8925', '2028-02-26', 'parsa', 1, 51, '2024-01-13 06:25:16'),
(115, 'No.115', 1, 'Volunteer', '../../image_upload/profilPicture/', '', '   ', 'RAM PRAWESH PRASAD', '2040-09-22', '1984-01-06', '40', 'Nepal', 'Graduate ', 'Teaching', '', 'n-a', '', 'Bhojpuri', '63072000', '2058-11-20', 'parsa', 1, 51, '2024-01-13 06:31:36'),
(116, 'No.116', 1, 'Volunteer', '../../image_upload/profilPicture/', '', '   ', 'SANTOSH KUMAR YADAV', '2047-12-27', '1991-04-10', '33', 'Nepal', '10+2 or PCL      ', 'business', '', 'n-a', '', 'Bhojpuri', '341037-25', '2064-06-15', 'parsa', 1, 51, '2024-01-13 06:36:00'),
(117, 'No.117', 1, 'Volunteer', '../../image_upload/profilPicture/', '', '  ', 'DIPESH PRAJAPATI', '2057-08-20', '2000-12-05', '24', 'Nepal', 'Graduate ', 'student', '', 'n-a', '', 'Bhojpuri', '34-01-73-11234', '2073-10-18', 'parsa', 1, 51, '2024-01-13 06:41:50'),
(118, 'No.118', 1, 'Volunteer', '../../image_upload/profilPicture/', '', '   ', 'BIRENDRA THAKUR HAJAM', '2028-04-18', '1971-08-03', '53', 'Nepal', '10+2 or PCL      ', 'business', '', 'n-a', '', 'Bhojpuri', '15901111', '2044-11-25', 'parsa', 1, 51, '2024-01-13 06:46:38'),
(119, 'No.119', 1, 'Volunteer', '../../image_upload/profilPicture/', '', '   ', 'BRIJKISHOR RAUT AHIR', '2016-05-10', '1959-08-26', '65', 'Nepal', 'SEE ...', 'agriculture', '', 'n-a', '', 'Bhojpuri', '03181386', '2035-01-24', 'parsa', 1, 51, '2024-01-13 06:52:12'),
(120, 'No.120', 1, 'Volunteer', '../../image_upload/profilPicture/', '', '  ', 'MUNILAL SAAH', '2020-01-26', '1963-05-09', '61', 'Nepal', '10+2 or PCL      ', 'medical', '', 'n-a', '', 'Nepali', '80230368', '2034-03-29', 'parsa', 1, 51, '2024-01-13 06:57:15'),
(121, 'No.121', 1, 'Volunteer', '../../image_upload/profilPicture/', '', '   ', 'ANAND KUMAR PATEL', '2051-07-29', '1994-11-15', '30', 'Nepal', 'Graduate ', 'journalist', '', 'n-a', '', 'Bhojpuri', '1089-13576', '2070-04-21', 'BARA', 1, 51, '2024-01-13 07:03:11'),
(122, 'No.122', 1, 'Volunteer', '../../image_upload/profilPicture/', '', '   ', 'HARI NARAYAN SAAH', '2053-10-14', '1997-01-27', '27', 'Nepal', 'Graduate ', 'supervisor', '', 'n-a', '', 'Bhojpuri', '34-01-70-02782', '2070-02-22', 'parsa', 1, 51, '2024-01-13 07:14:35'),
(123, 'No.123', 1, 'Volunteer', '../../image_upload/profilPicture/', '', '  ', 'ABHISHEK PRAJAPATI', '2056-12-01', '2000-03-14', '24', 'Nepal', 'Graduate ', 'student', '', 'n-a', '', 'Bhojpuri', '34-01-73-11-23', '2072-10-18', 'parsa', 1, 51, '2024-01-13 07:25:02'),
(124, 'No.124', 1, 'Volunteer', '../../image_upload/profilPicture/', '', '   ', 'PAPU KUMAR THAKUR', '2036-05-08', '1979-08-24', '45', 'Nepal', 'Below SEE ', 'furniture', '', 'n-a', '', 'Bhojpuri', '04462345', '2066-03-15', 'parsa', 1, 51, '2024-01-13 07:32:16'),
(125, 'No.125', 1, 'Volunteer', '../../image_upload/profilPicture/', '', '   ', 'JADOLAL SAAH KAANU', '2031-01-25', '1974-05-08', '50', 'Nepal', '10+2 or PCL      ', 'law ', '', 'n-a', '', 'Bhojpuri', '81822643', '2048-07-02', 'parsa', 1, 51, '2024-01-13 07:37:21'),
(126, 'No.126', 1, 'Volunteer', '../../image_upload/profilPicture/', '', '    ', 'SUBAASH  KUMAR PRAJAPATI', '2052-04-02', '1995-07-18', '29', 'Nepal', '10+2 or PCL      ', 'agriculture', '', 'n-a', '', 'Bhojpuri', '34-01-70-06728', '2070-05-13', 'parsa', 1, 51, '2024-01-13 07:53:07'),
(127, 'No.127', 1, 'Volunteer', '../../image_upload/profilPicture/', '', '  ', 'ANITA KUMARI', '2054-07-30', '1997-11-15', '27', 'Nepal', '10+2 or PCL      ', 'medical', '', 'n-a', '', 'Nepali', '34-07-72-05228', '2072-10-03', 'parsa', 1, 51, '2024-01-13 08:47:35'),
(128, 'No.128', 1, 'Volunteer', '../../image_upload/profilPicture/', '', '   ', 'CHANDRA SHEKHAR CHAUDHARY', '2048-09-08', '1991-12-23', '33', 'Nepal', 'Graduate ', 'student', '', 'n-a', '', 'Bhojpuri', '34-01-69-01426', '2069-05-27', 'parsa', 1, 51, '2024-01-13 08:52:38'),
(129, 'No.129', 1, 'Volunteer', '../../image_upload/profilPicture/', '', '   ', 'DIPAK KUMAR SAAH', '2038-09-17', '1982-01-01', '42', 'India', 'SEE ...', 'business', '', 'n-a', '', 'Bhojpuri', '381324434013', '0000', 'parsa', 1, 51, '2024-01-13 08:59:53'),
(130, 'No.130', 1, 'Volunteer', '../../image_upload/profilPicture/', '', '  ', 'SUBHAKAMANA KUMARI', '2054-08-04', '1997-11-19', '27', 'Nepal', 'Graduate ', 'parlour', '', 'n-a', '', 'Bhojpuri', '34-01-74-13065', '2074-10-09', 'parsa', 1, 51, '2024-01-13 09:05:20'),
(131, 'No.131', 1, 'Volunteer', '../../image_upload/profilPicture/', '', '   ', 'PUJA KUMARI PATEL', '2055-06-29', '1998-10-15', '26', 'Nepal', 'Graduate ', 'student', '', 'n-a', '', 'Bhojpuri', '33-01-72-02179', '2072-03-05', 'BARA', 1, 51, '2024-01-13 09:11:38'),
(132, 'No.132', 1, 'Volunteer', '../../image_upload/profilPicture/', '', '  ', 'REKHA KUMARI', '2053-11-18', '1997-03-01', '27', 'Nepal', 'Graduate ', 'student', '', 'n-a', '', 'Bhojpuri', '34017308455', '2073-08-07', 'parsa', 1, 51, '2024-01-13 09:16:01'),
(133, 'No.133', 1, 'Volunteer', '../../image_upload/profilPicture/', '', '   ', 'BALIRAM SAAH SONAAR', '2050-12-15', '1994-03-28', '30', 'Nepal', 'Graduate ', 'nepal police', '', 'n-a', '', 'Bhojpuri', '341010-141', '2067-02-26', 'parsa', 1, 51, '2024-01-13 09:21:02'),
(134, 'No.134', 1, 'Volunteer', '../../image_upload/profilPicture/', '', '  ', 'BALMIKI MAHOTO', '2053-04-17', '1996-08-01', '28', 'Nepal', '10+2 or PCL      ', 'student', '', 'n-a', '', 'Bhojpuri', '34-01-70-14248', '2070-12-27', 'parsa', 1, 51, '2024-01-13 09:31:08'),
(135, 'No.135', 1, 'Volunteer', '../../image_upload/profilPicture/', '', '   ', 'DINESH PANDIT KUMHAAL', '2028-05-16', '1971-09-01', '53', 'Nepal', '10+2 or PCL      ', 'business', '', 'n-a', '', 'Bhojpuri', '88781384', '2035-01-30', 'parsa', 1, 51, '2024-01-13 09:37:35'),
(136, 'No.136', 1, 'Volunteer', '../../image_upload/profilPicture/', '', '  ()', 'MANDAL KHATRI BARTAUWLA', '2037-08-15', '2024-01-26', '44', 'Nepal', '   Literate ', 'agriculture', '', '', '', 'Nepali', '41-261', '2059-03-07', 'makwanpur', 1, 51, '2024-01-26 05:16:07'),
(137, 'No.137', 1, 'Volunteer', '../../image_upload/profilPicture/', '', ' ', 'KALPANA POUDEL', '2033-04-03', '1976-07-18', '48', 'Nepal', 'Literate ', 'housewife', '', '', '', 'Nepali', '1090-034', '2055-02-07', 'chitwan', 1, 51, '2024-01-26 05:23:37'),
(138, 'No.138', 1, 'Volunteer', '../../image_upload/profilPicture/', '', ' ', 'SHOVA UPRETI', '2030-10-06', '1974-01-19', '50', 'Nepal', 'Literate ', 'agriculture', '', '', '', 'Nepali', '5253', '2052-07-02', 'chitwan', 1, 51, '2024-01-27 06:34:40'),
(139, 'No.139', 1, 'Volunteer', '../../image_upload/profilPicture/', '', '  ', 'BIRENDRA CHAUDHARY', '2026-02-10', '1969-05-23', '55', 'Nepal', 'Literate ', 'agriculture', '', '', '', 'Nepali', '3085', '2051-02-05', 'chitwan', 1, 51, '2024-01-27 06:41:21'),
(140, 'No.140', 1, 'Volunteer', '../../image_upload/profilPicture/', '', ' ', 'CHANIYA CHAUDHARY', '2040-11-23', '1984-03-06', '40', 'Nepal', 'Literate ', 'agriculture', '', '', '', 'Tharu', '868-044', '2060-09-22', 'chitwan', 1, 51, '2024-01-27 06:53:38'),
(141, 'No.141', 1, 'Volunteer', '../../image_upload/profilPicture/', '', ' ', 'GITA MIJAR', '2039-12-08', '1983-03-22', '41', 'Nepal', 'Literate ', 'agriculture', '', '', '', 'Nepali', '34779', '2063-10-23', 'chitwan', 1, 51, '2024-01-27 07:04:26'),
(142, 'No.142', 1, 'Volunteer', '../../image_upload/profilPicture/', '', '  ', 'SAHADEV P', '2030-10-08', '1973-11-21', '50', 'Nepal', '10+2 or PCL      ', 'agriculture', '', '', '', 'Bhojpuri', '63071647', '2046-12-18', 'parsa', 1, 51, '2024-01-29 07:32:12'),
(143, 'No.143', 1, 'Volunteer', '../../image_upload/profilPicture/', '', '  ', 'SALEEK SHAH TELI', '2025-02-05', '1968-05-18', '56', 'Nepal', 'SEE ...', 'hardware', '', '', '', 'Bhojpuri', '88781568', '2045-02-05', 'parsa', 1, 51, '2024-01-29 07:45:06'),
(144, 'No.144', 1, 'Volunteer', '../../image_upload/profilPicture/', '', ' ', 'AABHA KUMARI', '2042-03-05', '1985-06-19', '39', 'Nepal', 'SEE ...', 'tailor', '', '', '', 'Bhojpuri', '16762271', '2069-01-21', 'parsa', 1, 51, '2024-01-29 08:02:25'),
(145, 'No.145', 1, 'Volunteer', '../../image_upload/profilPicture/', '', ' ', 'NAGMANI THAKUR', '2054-01-05', '1997-04-17', '27', 'Nepal', 'OtherEd', 'student', '', '', '', 'Bhojpuri', '34017305300', '2073-04-31', 'parsa', 1, 51, '2024-01-29 08:13:38'),
(146, 'No.146', 1, 'Volunteer', '../../image_upload/profilPicture/', '', '   ', 'RAGHUBAR PRASAD YADAV', '2054-01-25', '1997-05-07', '27', 'Nepal', 'OtherEd', 'student', '', '', '', 'Bhojpuri', '34017302732', '2073-01-24', 'parsa', 1, 51, '2024-01-29 08:25:54'),
(147, 'No.147', 1, 'Volunteer', '../../image_upload/profilPicture/', '', '  ', 'LAMUNI KUMARI MAHATO', '2038-10-02', '1982-01-15', '42', 'Nepal', 'Graduate ', 'Teaching', '', '', '', 'Bhojpuri', '04462273', '2056-01-26', 'parsa', 1, 51, '2024-01-29 08:38:11'),
(148, 'No.148', 1, 'Volunteer', '../../image_upload/profilPicture/', '', '  ', 'GYANJYOTI KUMARI ', '2055-11-04', '1999-02-16', '25', 'Nepal', 'Below SEE ', 'tailor', '', '', '', 'Bhojpuri', '34027500309', '2075-10-21', 'parsa', 1, 51, '2024-01-29 08:57:24'),
(149, 'No.149', 1, 'Volunteer', '../../image_upload/profilPicture/', '', '  ', 'KALAWATI DEVI SHAH', '2015-01-01', '1958-04-13', '66', 'Nepal', 'Literate ', 'HOUSEWIFE', '', '', '', 'Bhojpuri', '1371', '2046-02-31', 'parsa', 1, 51, '2024-01-29 09:10:16'),
(150, 'No.150', 1, 'Volunteer', '../../image_upload/profilPicture/', '', '  ', 'INDHU DEVI KALAWAR', '2036-01-04', '1979-04-17', '45', 'Nepal', 'Below SEE ', 'HOUSEWIFE', '', '', '', 'Bhojpuri', '10297', '2068-05-13', 'parsa', 1, 51, '2024-01-29 09:24:13'),
(151, 'No.151', 1, 'Volunteer', '../../image_upload/profilPicture/', '', '   ', 'AMRAWATI DEVI AHIR', '2046-02-10', '1989-05-23', '35', 'Nepal', 'Literate ', 'agriculture', '', '', '', 'Bhojpuri', '341060', '2068-03-20', 'parsa', 1, 51, '2024-01-29 09:35:51'),
(152, 'No.152', 1, 'Volunteer', '../../image_upload/profilPicture/', '', '  ', 'MUKHTAR RAUT AHIR', '2015-12-05', '1959-03-18', '65', 'Nepal', 'Literate ', 'agriculture', '', '', '', 'Bhojpuri', '62431364', '2044-01-05', 'parsa', 1, 51, '2024-01-29 09:44:45'),
(153, 'No.153', 1, 'Volunteer', '../../image_upload/profilPicture/', '', ' ', 'MAMITA KUNWAR', '2042-06-02', '1985-09-18', '39', 'Nepal', 'Literate ', 'agriculture', '', '', '', 'Nepali', '513013-11', '2063-10-24', 'parbat', 1, 51, '2024-02-02 09:20:38'),
(154, 'No.154', 1, 'Volunteer', '../../image_upload/profilPicture/', '', ' ', 'PUSPA KUNWAR', '2034-09-18', '1978-01-02', '46', 'Nepal', 'SEE ...', 'Social Worker', '', '', '', 'Nepali', '2650-034', '2054-09-11', 'chitwan', 1, 51, '2024-02-02 09:24:48'),
(155, 'No.155', 1, 'Volunteer', '../../image_upload/profilPicture/', '', ' ', 'SONAM CHAUDHARY', '2049-11-20', '1993-03-03', '31', 'Nepal', 'Literate ', 'agriculture', '', '', '', 'Tharu', '1008-964', '2068-12-27', 'chitwan', 1, 51, '2024-02-02 09:42:39'),
(156, 'No.156', 1, 'Volunteer', '../../image_upload/profilPicture/', '', ' ', 'KOPILA THAPA', '2021-11-21', '1965-03-04', '59', 'Nepal', 'Literate ', 'agriculture', '', '', '', 'Nepali', '5662-055', '2055-02-03', 'chitwan', 1, 51, '2024-02-02 09:46:50'),
(157, 'No.157', 1, 'Volunteer', '../../image_upload/profilPicture/', '', '  ', 'YAM KUMARI KUNWAR', '2017-11-03', '1961-02-14', '63', 'Nepal', 'Literate ', 'agriculture', '', '', '', 'Nepali', '359', '2046-03-08', 'chitwan', 1, 51, '2024-02-02 09:52:51'),
(158, 'No.158', 1, 'Volunteer', '../../image_upload/profilPicture/', '', '   ', 'BHAJANI DEVI THARUNI', '2002-01-01', '1945-04-13', '79', 'Nepal', 'Literate ', 'HOUSEWIFE', '', 'n-a', '', 'Bhojpuri', '1100', '2065-09-29', 'parsa', 1, 51, '2024-02-03 06:42:27'),
(159, 'No.159', 1, 'Volunteer', '../../image_upload/profilPicture/', '', '    ', 'KUMARI DEVI  THARUNI', '2025-12-16', '1969-03-29', '55', 'Nepal', 'Literate ', 'HOUSEWIFE', '', 'n-a', '', 'Bhojpuri', '183-84931261', '2045-01-01', 'parsa', 1, 51, '2024-02-03 06:49:15'),
(160, 'No.160', 1, 'Volunteer', '../../image_upload/profilPicture/', '', '    ', 'RAJPATI DEVI  THARUNI', '2016-01-01', '1959-04-14', '65', 'Nepal', 'Literate ', 'agriculture', '', 'n-a', '', 'Bhojpuri', '3644', '2046-03-12', 'parsa', 1, 51, '2024-02-03 06:53:57'),
(161, 'No.161', 1, 'Volunteer', '../../image_upload/profilPicture/', '', '    ', 'MITI DEVI  THARUNI', '2031-02-05', '1974-05-18', '50', 'Nepal', 'Literate ', 'HOUSEWIFE', '', 'n-a', '', 'Bhojpuri', '84931553', '2061-02-17', 'parsa', 1, 51, '2024-02-03 07:00:29'),
(162, 'No.162', 1, 'Volunteer', '../../image_upload/profilPicture/', '', '  ', 'TETALI THARUNI', '2007-01-01', '1950-04-13', '74', 'Nepal', 'Literate ', 'agriculture', '', 'n-a', '', 'Bhojpuri', '57290654', '2034-12-24', 'parsa', 1, 51, '2024-02-03 07:05:48'),
(163, 'No.163', 1, 'Volunteer', '../../image_upload/profilPicture/', '', '    ', 'GAURI SHANKAR RAAUT THAARU', '2017-01-01', '1960-04-13', '64', 'Nepal', 'Literate ', 'agriculture', '', 'n-a', '', 'Bhojpuri', '84930968', '2039-01-01', 'parsa', 1, 51, '2024-02-03 07:13:06'),
(164, 'No.164', 1, 'Volunteer', '../../image_upload/profilPicture/', '', '   ', 'RAJKAPUR BHANDARI THAARU', '2028-12-05', '1972-03-18', '52', 'Nepal', 'Below SEE ', 'agriculture', '', 'n-a', '', 'Bhojpuri', '84931316', '2045-12-05', 'parsa', 1, 51, '2024-02-03 07:20:33'),
(165, 'No.165', 1, 'Volunteer', '../../image_upload/profilPicture/', '', '   ', 'DHIBAR PATWARII THAARU', '1992-01-02', '1942-04-14', '82', 'Nepal', 'Literate ', 'agriculture', '', 'n-a', '', 'Bhojpuri', '57290776', '2034-12-01', 'parsa', 1, 51, '2024-02-03 07:28:58'),
(166, 'No.166', 1, 'Volunteer', '../../image_upload/profilPicture/', '', '    ', 'MAHADEV DAS THAARU ', '2016-12-21', '1960-04-03', '64', 'Nepal', 'Literate ', 'agriculture', '', 'n-a', '', 'Bhojpuri', '84930029', '2044-12-02', 'parsa', 1, 51, '2024-02-03 09:01:02'),
(167, 'No.167', 1, 'Volunteer', '../../image_upload/profilPicture/', '', '   ', 'HARINDRA SAH RAUNIYAR', '2019-05-25', '1962-09-10', '62', 'Nepal', 'Literate ', 'business', '', 'n-a', '', 'Bhojpuri', '052313202', '2028-12-03', 'parsa', 1, 51, '2024-02-03 09:05:46'),
(168, 'No.168', 1, 'Volunteer', '../../image_upload/profilPicture/', '', '    ', 'PREM SAGAR GIRI ATITH', '2025-12-01', '1969-03-14', '55', 'Nepal', 'Literate ', 'business', '', 'n-a', '', 'Bhojpuri', '05232134', '2046-02-21', 'parsa', 1, 51, '2024-02-03 09:10:43'),
(169, 'No.169', 1, 'Volunteer', '../../image_upload/profilPicture/', '', '   ', 'LAL MUNI DEVI', '2010-01-01', '1953-04-13', '71', 'Nepal', 'Literate ', 'HOUSEWIFE', '', 'n-a', '', 'Bhojpuri', '90630634', '2044-11-02', 'parsa', 1, 51, '2024-02-03 09:15:03');
INSERT INTO `introductiondetails` (`id`, `rUser_Id`, `active_state`, `rRole`, `imagepath`, `image`, `rName`, `rNameCapital`, `rDOB`, `eDate`, `rAge`, `rNational`, `rEducation`, `rProfession`, `rGender`, `rSpecialAbility`, `rMarital`, `rMotherToungue`, `rCitizenshipNo`, `rIssuedDate`, `rIssuedLocation`, `active_status`, `login_user`, `dt`) VALUES
(170, 'No.170', 1, 'Volunteer', '../../image_upload/profilPicture/', '', '  ', 'GANESH PRASAD CHAUDHARY', '2020-01-20', '1963-05-03', '61', 'Nepal', 'Literate ', 'Teacher', '', '', '', 'Tharu', '2911', '2053-09-12', 'chitwan', 1, 51, '2024-02-03 10:17:56'),
(171, 'No.171', 1, 'Volunteer', '../../image_upload/profilPicture/', '', ' ', 'SUMINA CHAUDHARY', '2030-04-09', '1973-07-24', '51', 'Nepal', 'OtherEd', 'agriculture', '', '', '', 'Tharu', '35637', '2063-12-20', 'chitwan', 1, 51, '2024-02-03 10:31:01'),
(172, 'No.172', 1, 'Volunteer', '../../image_upload/profilPicture/', '', '  ', 'BIGIYA DEVI CHAUDHARY', '2025-04-08', '1968-07-23', '56', 'Nepal', 'OtherEd', 'agriculture', '', '', '', 'Tharu', '468', '2046-03-16', 'chitwan', 1, 51, '2024-02-03 10:36:34'),
(173, 'No.173', 1, 'Volunteer', '../../image_upload/profilPicture/', '', ' ', 'PUJA GHIMIRE', '2053-07-01', '1996-10-17', '28', 'Nepal', 'Literate ', 'Tailor', '', '', '', 'Nepali', '1006-1385', '2069-12-18', 'chitwan', 1, 51, '2024-02-07 06:22:31'),
(174, 'No.174', 1, 'Volunteer', '../../image_upload/profilPicture/', '', ' ', 'PARBATI SILWAL', '2032-08-22', '1975-12-08', '49', 'Nepal', 'Literate ', 'agriculture', '', '', '', 'Nepali', '27581', '2055-08-09', 'dhading', 1, 51, '2024-02-07 06:32:51'),
(175, 'No.175', 1, 'Volunteer', '../../image_upload/profilPicture/', '', ' ', 'LAXMI PANDEY', '2041-11-28', '1985-03-11', '39', 'Nepal', 'SEE ...', 'business', '', '', '', 'Nepali', '1006-280', '2070-02-13', 'chitwan', 1, 51, '2024-02-07 06:38:38'),
(176, 'No.176', 1, 'Volunteer', '../../image_upload/profilPicture/', '', '  ', 'DEWAKI KUMARI CHATKULI', '2027-07-07', '1970-10-23', '54', 'Nepal', 'Literate ', 'agriculture', '', '', '', 'Nepali', '856', '2045-08-23', 'chitwan', 1, 51, '2024-02-07 06:44:54'),
(177, 'No.177', 1, 'Volunteer', '../../image_upload/profilPicture/', '', '   ', 'ARJUN KUMAR RAUNIYAR', '2039-05-15', '1982-08-31', '42', 'Nepal', 'Below SEE ', 'business', '', 'n-a', '', 'Bhojpuri', '343047-112', '2063-12-21', 'parsa', 1, 51, '2024-02-17 04:50:04'),
(178, 'No.178', 1, 'Volunteer', '../../image_upload/profilPicture/', '', '  ', 'SABITA DEVI', '2040-10-17', '1984-01-31', '40', 'Nepal', 'Below SEE ', 'housewife', '', 'n-a', '', 'Bhojpuri', '341078-356', '2066-12-26', 'parsa', 1, 51, '2024-02-17 04:55:46'),
(179, 'No.179', 1, 'Volunteer', '../../image_upload/profilPicture/', '', '  ', 'USHA DEVI', '2020-05-13', '1963-08-29', '61', 'Nepal', 'Below SEE ', 'agriculture', '', 'n-a', '', 'Bhojpuri', '343078-51', '2063-12-23', 'parsa', 1, 51, '2024-02-17 05:02:10'),
(180, 'No.180', 1, 'Volunteer', '../../image_upload/profilPicture/', 'OMS-FB.png', 'testing name', 'TESTING NAME', '2039-12-10', '1983-03-24', '41', 'Nepal', 'Graduate ', 'software engineer', '', 'CSIT', '', 'Nepali', '46354654654', '2070-12-13', 'malangwa', 1, 51, '2024-03-20 06:02:03'),
(181, 'No.181', 1, 'Volunteer', '../../image_upload/profilPicture/', '', ' ', 'SHIKSHYA LAMA', '2055-12-03', '1999-03-17', '25', 'Nepal', '10+2 or PCL      ', 'agriculture', '', '', '', 'Nepali', '1006-146100', '2062-12-24', 'chitwan', 0, 51, '2024-03-20 11:23:17'),
(182, 'No.182', 1, 'Volunteer', '../../image_upload/profilPicture/', '', ' ', 'GITA SEDAI', '2039-06-20', '1982-10-06', '42', 'Nepal', 'Literate ', 'agriculture', '', '', '', 'Nepali', '35301-411', '2063-10-20', 'chitwan', 1, 51, '2024-03-20 11:29:37'),
(183, 'No.183', 1, 'Volunteer', '../../image_upload/profilPicture/', '', ' ', 'PUJA POKHAREL', '2042-02-15', '1985-05-28', '39', 'Nepal', 'Literate ', 'agriculture', '', '', '', 'Nepali', '1006-186', '2070-02-13', 'chitwan', 1, 51, '2024-03-20 11:38:34'),
(184, 'No.182', 1, 'Volunteer', '../../image_upload/profilPicture/', '', ' ', 'LAXMI DEVI ', '2045-01-01', '1988-04-13', '36', 'Nepal', 'Literate ', 'house wife', '', 'n-a', '', 'Nepali', '3078-24', '2080-02-20', 'parsa', 1, 51, '2024-03-20 11:40:53'),
(186, 'No.184', 1, 'Volunteer', '../../image_upload/profilPicture/', '', ' ', 'DEWAKI CHATKULI', '2040-03-19', '1983-07-03', '41', 'Nepal', 'Literate ', 'agriculture', '', '', '', 'Nepali', '4271-062', '2062-03-17', 'chitwan', 1, 51, '2024-03-20 11:42:12'),
(187, 'No.187', 1, 'Volunteer', '../../image_upload/profilPicture/', '', '   ', 'CHANDRIKA RAUT KURMI', '2015-03-15', '1958-06-29', '66', 'Nepal', 'OtherEd', 'farmer', '', '', '', 'Nepali', '80630580', '2044-11-01', 'parsa', 1, 51, '2024-03-21 05:38:40'),
(188, 'No.188', 1, 'Volunteer', '../../image_upload/profilPicture/', '', ' ', 'KANTI DEVI', '2004-10-27', '1948-02-09', '76', 'Nepal', 'Literate ', 'house wife', '', '', '', 'Bhojpuri', '80630015', '2044-10-27', 'parsa', 1, 51, '2024-03-21 05:52:55'),
(189, 'No.189', 1, 'Volunteer', '../../image_upload/profilPicture/', '', ' ', 'SABITRA SILWAL', '2047-03-21', '1990-07-05', '34', 'Nepal', '10+2 or PCL      ', 'agriculture', '', '', '', 'Nepali', '35306-127', '2063-10-19', 'chitwan', 1, 51, '2024-03-21 11:19:26'),
(190, 'No.190', 1, 'Volunteer', '../../image_upload/profilPicture/', '', ' ', 'SHUV RAJ PANDEY', '2028-04-01', '1971-07-17', '53', 'Nepal', 'Literate ', 'agriculture', '', '', '', 'Nepali', '1127', '2045-02-18', 'chitwan', 1, 51, '2024-03-21 11:30:04'),
(191, 'No.191', 1, 'Volunteer', '../../image_upload/profilPicture/', '', '  ', 'LAXMI PRASAD CHAUDHARY', '2044-07-13', '1987-10-30', '37', 'Nepal', 'Postgraduate ', 'student', '', '', '', 'Tharu', '12-044', '2061-08-02', 'chitwan', 1, 51, '2024-03-21 11:34:23'),
(192, 'No.192', 1, 'Volunteer', '../../image_upload/profilPicture/', '', ' ', 'RITA CHAUDHARY', '2037-11-01', '1981-02-12', '43', 'Nepal', 'Literate ', 'agriculture', '', '', '', 'Tharu', '35665', '2063-12-21', 'chitwan', 1, 51, '2024-03-22 07:21:11'),
(193, 'No.193', 1, 'Volunteer', '../../image_upload/profilPicture/', '', ' ', 'PAHUNA MAHATO', '2028-11-10', '1972-02-22', '52', 'Nepal', 'Literate ', 'carpenter', '', '', '', 'Tharu', '0117353', '2045-02-14', 'chitwan', 1, 51, '2024-03-22 07:27:08'),
(194, 'No.194', 1, 'Volunteer', '../../image_upload/profilPicture/', '', ' ', 'PARADESHANI MAHATO', '2030-08-06', '1973-11-21', '51', 'Nepal', 'Literate ', 'agriculture', '', '', '', 'Tharu', '263-034', '2061-04-31', 'chitwan', 1, 51, '2024-03-22 10:00:45'),
(195, 'No.195', 1, 'Volunteer', '../../image_upload/profilPicture/', '', '  ', 'BINA KUMARI CHAUDHARY', '2031-07-11', '1974-10-27', '50', 'Nepal', 'SEE ...', 'agriculture', '', '', '', 'Tharu', '2231-402', '2048-05-21', 'chitwan', 1, 51, '2024-03-22 10:04:34'),
(196, 'No.196', 1, 'Volunteer', '../../image_upload/profilPicture/', '', ' ', 'SUJITA MAHATO', '2040-07-13', '1983-10-30', '41', 'Nepal', 'Below SEE ', 'agriculture', '', '', '', 'Tharu', '5533-063', '2063-05-01', 'chitwan', 1, 51, '2024-03-22 10:08:01'),
(197, 'No.197', 1, 'Volunteer', '../../image_upload/profilPicture/', '', ' ', 'SARASWOTI DUWADI', '2015-12-11', '1959-03-24', '65', 'Nepal', 'Literate ', 'agriculture', '', '', '', 'Nepali', '1571', '2035-12-07', 'gorkha', 1, 51, '2024-03-22 10:11:46'),
(198, 'No.198', 1, 'Volunteer', '../../image_upload/profilPicture/', '', ' ', 'JANUKA BHUJEL', '2038-02-26', '1981-06-08', '43', 'Nepal', 'SEE ...', 'housewife', '', '', '', 'Nepali', '1762-044', '2059-08-04', 'chitwan', 1, 51, '2024-03-22 10:15:36'),
(199, 'No.199', 1, 'Volunteer', '../../image_upload/profilPicture/', '', '  ', 'BENI BAHADUR BHUJEL', '2033-01-15', '1976-04-27', '48', 'Nepal', 'SEE ...', 'ex army', '', '', '', 'Nepali', '1822', '2051-02-01', 'chitwan', 1, 51, '2024-03-22 10:19:14'),
(200, 'No.200', 1, 'Volunteer', '../../image_upload/profilPicture/', '', '  ', 'DEEPAL PRASAD BASTOLA', '2030-01-01', '1973-04-13', '51', 'Nepal', 'Graduate ', 'employee', '', 'Certified Management Accountant (CMA)', '', 'Nepali', '1034-044-045', '2052-12-18', 'chitwan', 1, 51, '2024-03-22 10:51:51'),
(201, 'No.201', 1, 'Volunteer', '../../image_upload/profilPicture/', '', '  ', 'RAM CHANDRA TIWARI', '2021-01-04', '1964-04-16', '60', 'Nepal', 'Literate ', 'agriculture', '', '', '', 'Nepali', '138', '2046-02-30', 'chitwan', 1, 51, '2024-03-22 11:03:46'),
(202, 'No.202', 1, 'Volunteer', '../../image_upload/profilPicture/', '', ' ', 'SABITRI DHAKAL', '2031-07-10', '1974-10-26', '50', 'Nepal', 'Literate ', 'agriculture', '', '', '', 'Nepali', '035-28186', '2062-11-02', 'chitwan', 1, 51, '2024-03-22 11:09:22'),
(203, 'No.203', 1, 'Volunteer', '../../image_upload/profilPicture/', '', ' ', 'KAMALA BASTOLA', '2011-11-10', '1955-02-21', '69', 'Nepal', 'Literate ', 'agriculture', '', '', '', 'Nepali', '905', '2044-11-06', 'chitwan', 1, 51, '2024-03-22 11:17:14'),
(204, 'No.204', 1, 'Volunteer', '../../image_upload/profilPicture/', '', '  ', 'OM KUMARI SHRESTHA', '2027-09-13', '1970-12-28', '54', 'Nepal', 'Literate ', 'housewife', '', '', '', 'Nepali', '1102-062', '2062-07-09', 'chitwan', 1, 51, '2024-03-22 11:34:33'),
(205, 'No.205', 1, 'Volunteer', '../../image_upload/profilPicture/', '', ' ', 'CHHANUEE THARUNI', '2016-01-01', '1959-04-14', '65', 'Nepal', 'OtherEd', 'agriculture', '', '', '', 'Tharu', '2281-9166', '2037-11-05', 'chitwan', 1, 51, '2024-03-25 06:18:52'),
(206, 'No.206', 1, 'Volunteer', '../../image_upload/profilPicture/', '', ' ', 'SURENDRA CHAUDHARY', '2037-10-20', '1981-02-02', '43', 'Nepal', '10+2 or PCL      ', 'agriculture', '', '', '', 'Tharu', '104-044', '2057-03-22', 'chitwan', 1, 51, '2024-03-25 06:25:33'),
(207, 'No.207', 1, 'Volunteer', '../../image_upload/profilPicture/', '', ' ', 'MAHESH CHAUDHARY', '2038-12-13', '1982-03-26', '42', 'Nepal', 'Postgraduate ', 'business', '', '', '', 'Tharu', '10-044', '2069-05-25', 'chitwan', 1, 51, '2024-03-25 06:31:06'),
(208, 'No.208', 1, 'Volunteer', '../../image_upload/profilPicture/', '', ' ', 'SURESH CHAUDHARY', '2040-02-10', '1983-05-24', '41', 'Nepal', 'Postgraduate ', 'student', '', '', '', 'Tharu', '11-044', '2060-03-30', 'chitwan', 1, 51, '2024-03-25 06:35:29'),
(209, 'No.209', 1, 'Volunteer', '../../image_upload/profilPicture/', '', ' ', 'SUNITA CHAUDHARY', '2035-06-05', '1978-09-21', '46', 'Nepal', 'Literate ', 'agriculture', '', '', '', 'Tharu', '2277-044', '2055-02-12', 'chitwan', 1, 51, '2024-03-25 06:39:08'),
(210, 'No.210', 1, 'Volunteer', '../../image_upload/profilPicture/', '', ' ', 'MAYA CHAUDHARY', '2046-04-03', '1989-07-18', '35', 'Nepal', '10+2 or PCL      ', 'student', '', '', '', 'Tharu', '351001-531', '2068-08-09', 'chitwan', 1, 51, '2024-03-25 06:43:53'),
(211, 'No.211', 1, 'Volunteer', '../../image_upload/profilPicture/', '', '  ', 'BUDHANI DEVI CHAUDHARY', '2022-10-01', '1966-01-14', '58', 'Nepal', 'Literate ', 'agriculture', '', '', '', 'Tharu', '655-045-46', '2046-01-25', 'chitwan', 1, 51, '2024-03-25 06:48:25'),
(212, 'No.212', 1, 'Volunteer', '../../image_upload/profilPicture/', '', ' ', 'RABITA CHAUDHARY', '2040-04-02', '1983-07-18', '41', 'Nepal', 'Literate ', 'agriculture, SUCHIKAR', '', '', '', 'Tharu', '2063-044', '2061-11-13', 'chitwan', 1, 51, '2024-03-25 06:52:59'),
(213, 'No.213', 1, 'Volunteer', '../../image_upload/profilPicture/', '', '  ', 'TARA KUMARI CHAUDHARY', '2035-12-05', '1979-03-18', '45', 'Nepal', 'Literate ', 'agriculture', '', '', '', 'Tharu', '35304-201', '2063-10-18', 'chitwan', 1, 51, '2024-03-25 06:56:08'),
(214, 'No.214', 1, 'Volunteer', '../../image_upload/profilPicture/', '', ' ', 'FULMATI MAHATO', '2032-05-02', '1975-08-18', '49', 'Nepal', 'Literate ', 'agriculture', '', '', '', 'Tharu', '548-034', '2058-09-12', 'chitwan', 1, 51, '2024-03-25 06:59:55'),
(215, 'No.215', 1, 'Volunteer', '../../image_upload/profilPicture/', '', '  ', 'PREM KUMAR CHAUDHARY', '2032-02-09', '1975-05-23', '49', 'Nepal', 'SEE ...', 'business', '', '', '', 'Tharu', '2116-035', '2049-06-09', 'chitwan', 1, 51, '2024-03-25 07:05:20'),
(216, 'No.216', 1, 'Volunteer', '../../image_upload/profilPicture/', '', ' ', 'DIPENDRA CHAUDHARY', '2037-01-04', '1980-04-16', '44', 'Nepal', 'Literate ', 'agriculture', '', '', '', 'Tharu', '66-044', '2057-01-19', 'chitwan', 1, 51, '2024-03-25 07:09:03'),
(217, 'No.217', 1, 'Volunteer', '../../image_upload/profilPicture/', '', ' ', 'KHORIYA THARUNI', '2015-01-01', '1958-04-13', '66', 'Nepal', 'OtherEd', 'agriculture', '', '', '', 'Tharu', '2289', '2037-11-06', 'chitwan', 1, 51, '2024-03-25 07:13:36'),
(218, 'No.218', 1, 'Volunteer', '../../image_upload/profilPicture/', '', ' ', 'HEMA CHAUDHARY', '2048-10-02', '1992-01-16', '32', 'Nepal', '10+2 or PCL      ', 'housewife', '', '', '', 'Tharu', '40489', '2065-02-13', 'chitwan', 1, 51, '2024-03-25 07:32:52'),
(219, 'No.219', 1, 'Volunteer', '../../image_upload/profilPicture/', '', '  ', 'BAL KUMARI CHAUDHARY', '2037-07-01', '1980-10-17', '44', 'Nepal', 'Literate ', 'agriculture', '', '', '', 'Tharu', '1442-044', '2055-04-05', 'chitwan', 1, 51, '2024-03-25 07:37:02'),
(220, 'No.220', 1, 'Volunteer', '../../image_upload/profilPicture/', '', ' ', 'INDIRA CHAUDHARY', '2050-05-29', '1993-09-14', '31', 'Nepal', 'Graduate ', 'student', '', '', '', 'Tharu', '351001-876', '2069-06-16', 'chitwan', 1, 51, '2024-03-25 07:41:25'),
(221, 'No.221', 1, 'Volunteer', '../../image_upload/profilPicture/', '', '  ()', 'GANGIYA MAHATO THARUNE', '2022-04-03', '1965-07-18', '59', 'Nepal', 'Literate ', 'agriculture', '', '', '', 'Tharu', '417', '2045-01-27', 'chitwan', 1, 51, '2024-03-25 07:46:30'),
(222, 'No.222', 1, 'Volunteer', '../../image_upload/profilPicture/', '', ' ', 'CHAMPA CHAUDHARY', '2033-07-10', '1976-10-26', '48', 'Nepal', 'Literate ', 'agriculture', '', '', '', 'Tharu', '36022', '2033-07-10', 'chitwan', 1, 51, '2024-03-25 10:19:19'),
(223, 'No.223', 1, 'Volunteer', '../../image_upload/profilPicture/', '', ' ', 'RUPA CHAUDHARY', '2037-07-10', '1980-10-26', '44', 'Nepal', 'Literate ', 'agriculture', '', '', '', 'Tharu', '35301', '2063-10-19', 'chitwan', 1, 51, '2024-03-25 10:25:03'),
(224, 'No.224', 1, 'Volunteer', '../../image_upload/profilPicture/', '', ' ', 'RAJENDRA RAUT', '2036-04-20', '1979-08-05', '45', 'Nepal', 'Literate ', 'agriculture', '', '', '', 'Nepali', '1461', '2052-09-02', 'chitwan', 1, 51, '2024-03-25 10:29:17'),
(225, 'No.225', 1, 'Volunteer', '../../image_upload/profilPicture/', '', ' ', 'KUSMA CHAUDHARY', '2052-05-10', '1995-08-26', '29', 'Nepal', 'Graduate ', 'Teaching', '', '', '', 'Tharu', '351001-948', '2069-09-19', 'chitwan', 1, 51, '2024-03-25 10:34:45'),
(226, 'No.226', 1, 'Volunteer', '../../image_upload/profilPicture/', '', ' ', 'MANGAL CHAUDHARY', '2034-02-04', '1977-05-17', '47', 'Nepal', 'Literate ', 'agriculture', '', '', '', 'Tharu', '1739-044', '2056-05-24', 'chitwan', 1, 51, '2024-03-25 10:47:03'),
(227, 'No.227', 1, 'Volunteer', '../../image_upload/profilPicture/', '', ' ', 'SOMALI MAHATO', '2017-10-08', '1961-01-21', '63', 'Nepal', 'Literate ', 'agriculture', '', '', '', 'Tharu', '35301-217', '2063-10-19', 'chitwan', 1, 51, '2024-03-25 10:50:43'),
(228, 'No.228', 1, 'Volunteer', '../../image_upload/profilPicture/', '', '  ', 'JENI CHAUDHARY', '2029-04-20', '1972-08-04', '52', 'Nepal', 'OtherEd', 'agriculture', '', '', '', 'Tharu', '35301-189', '2063-10-10', 'chitwan', 1, 51, '2024-03-26 05:23:38'),
(229, 'No.229', 1, 'Volunteer', '../../image_upload/profilPicture/', '', ' ', 'MONIKA CHAUDHARY', '2054-04-07', '1997-07-22', '27', 'Nepal', '10+2 or PCL      ', 'student', '', '', '', 'Tharu', '35-01-72-08363', '2072-08-23', 'chitwan', 1, 51, '2024-03-26 05:27:14'),
(230, 'No.230', 1, 'Volunteer', '../../image_upload/profilPicture/', '', ' ', 'AMBIKA CHAUDHARY', '2043-11-15', '1987-02-27', '37', 'Nepal', 'Graduate ', 'student', '', '', '', 'Tharu', '35301-614', '2063-10-21', 'chitwan', 1, 51, '2024-03-26 05:31:07'),
(231, 'No.231', 1, 'Volunteer', '../../image_upload/profilPicture/', '', ' ', 'ARATI CHAUDHARY', '2029-08-10', '1972-11-25', '52', 'Nepal', 'SEE ...', 'Teaching', '', '', '', 'Tharu', '4117-054', '2054-03-09', 'chitwan', 1, 51, '2024-03-26 05:57:54'),
(232, 'No.232', 1, 'Volunteer', '../../image_upload/profilPicture/', '', '  ', 'JYOTI RAM CHAUDHARY', '2040-04-10', '1983-07-26', '41', 'Nepal', '10+2 or PCL      ', 'employee', '', '', '', 'Tharu', '7585-060', '2070-04-29', 'chitwan', 1, 51, '2024-03-26 07:26:14'),
(233, 'No.233', 1, 'Volunteer', '../../image_upload/profilPicture/', '', '   ', 'TUL KUMARI THARUNI', '2017-12-01', '1961-03-14', '63', 'Nepal', 'Literate ', 'agriculture', '', '', '', 'Tharu', '2410', '2043-01-03', 'chitwan', 1, 51, '2024-03-26 07:30:45'),
(234, 'No.234', 1, 'Volunteer', '../../image_upload/profilPicture/', '', ' ', 'BAGADI THARUNI', '2019-02-09', '1962-05-22', '62', 'Nepal', 'OtherEd', 'agriculture', '', '', '', 'Tharu', '593', '2045-02-16', 'chitwan', 1, 51, '2024-03-28 07:06:45'),
(235, 'No.235', 1, 'Volunteer', '../../image_upload/profilPicture/', '', ' ', 'SITA CHAUDHARY', '2039-09-22', '1983-01-06', '41', 'Nepal', 'Literate ', 'agriculture', '', '', '', 'Tharu', '044065', '2066-01-06', 'chitwan', 1, 51, '2024-03-28 07:14:12'),
(236, 'No.236', 1, 'Volunteer', '../../image_upload/profilPicture/', '', ' ', 'GAURI MAHATO', '2027-12-02', '1971-03-15', '53', 'Nepal', 'Literate ', 'agriculture', '', '', '', 'Nepali', '248-044-45', '2046-02-18', 'chitwan', 1, 51, '2024-03-28 07:17:59'),
(237, 'No.237', 1, 'Volunteer', '../../image_upload/profilPicture/', '', ' ', 'HATHANI CHAUDHARY', '2009-11-25', '1953-03-08', '71', 'Nepal', 'Literate ', 'agriculture', '', '', '', 'Tharu', '1868-034', '2062-11-21', 'chitwan', 1, 51, '2024-03-28 07:22:54'),
(238, 'No.238', 1, 'Volunteer', '../../image_upload/profilPicture/', '', ' ', 'PABITARI MAHATO', '2029-01-15', '1972-04-27', '52', 'Nepal', 'Literate ', 'agriculture', '', '', '', 'Tharu', '801', '2045-02-07', 'chitwan', 1, 51, '2024-03-28 07:26:04'),
(239, 'No.239', 1, 'Volunteer', '../../image_upload/profilPicture/', '', '  ', 'SITA KUMARI GHARTI', '2027-06-03', '1970-09-19', '54', 'Nepal', 'Literate ', 'housewife', '', '', '', 'Nepali', '840', '2064-04-24', 'chitwan', 1, 51, '2024-03-28 07:30:33'),
(240, 'No.240', 1, 'Volunteer', '../../image_upload/profilPicture/', '', ' ', 'RUNA CHAUDHARY', '2049-04-17', '1992-08-01', '32', 'Nepal', 'Literate ', 'agriculture', '', '', '', 'Tharu', '351001', '2075-01-23', 'chitwan', 1, 51, '2024-03-28 07:33:25'),
(241, 'No.241', 1, 'Volunteer', '../../image_upload/profilPicture/', '', ' ', 'SAROJ CHAUDHARY', '2040-04-05', '1983-07-21', '41', 'Nepal', 'Postgraduate ', 'employee', '', '', '', 'Tharu', '6632-061', '2061-11-17', 'chitwan', 1, 51, '2024-03-28 07:36:35'),
(242, 'No.242', 1, 'Volunteer', '../../image_upload/profilPicture/', '', '  ', 'BHOJ BAHADUR NEPAL', '2017-10-10', '1961-01-23', '63', 'Nepal', 'Literate ', 'agriculture', '', '', '', 'Nepali', '2088', '2043-10-15', 'dhading', 1, 51, '2024-03-28 07:41:01'),
(243, 'No.243', 1, 'Volunteer', '../../image_upload/profilPicture/', '', '  ', 'HEMA KUMARI OLI', '2012-10-13', '1956-01-27', '68', 'Nepal', 'Literate ', 'housewife', '', '', '', 'Nepali', '60570913', '2032-08-07', 'chitwan', 1, 51, '2024-03-28 07:44:42'),
(244, 'No.244', 1, 'Volunteer', '../../image_upload/profilPicture/', '', '  ', 'KRISHNA KUAMRI SAMARI', '2031-06-08', '1974-09-24', '50', 'Nepal', 'Literate ', 'housewife', '', '', '', 'Nepali', '2389', '2050-02-19', 'dhading', 1, 51, '2024-03-28 07:49:47'),
(245, 'No.245', 1, 'Volunteer', '../../image_upload/profilPicture/', '', ' ', 'MANJU SAMARI', '2052-12-28', '1996-04-10', '28', 'Nepal', '10+2 or PCL      ', 'student, HA', '', '', '', 'Nepali', '1020-3401', '2066-05-20', 'chitwan', 1, 51, '2024-03-28 08:38:09'),
(246, 'No.246', 1, 'Volunteer', '../../image_upload/profilPicture/', '', ' ', 'SHRISTI BASYAL', '2054-12-19', '1998-04-01', '26', 'Nepal', '10+2 or PCL      ', 'Staff Nurse', '', '', '', 'Nepali', '35-01-75-03280', '2071-03-19', 'chitwan', 1, 51, '2024-03-28 08:43:08'),
(247, 'No.247', 1, 'Volunteer', '../../image_upload/profilPicture/', '', ' ', 'RASHMI BASEL', '2034-06-05', '1977-09-21', '47', 'Nepal', 'Literate ', 'business', '', '', '', 'Nepali', '7601-052', '2052-11-10', 'chitwan', 1, 51, '2024-03-28 08:47:27'),
(248, 'No.248', 1, 'Volunteer', '../../image_upload/profilPicture/', '', '  ', 'BHOJ BAHADUR SHRESTHA', '2022-11-04', '1966-02-15', '58', 'Nepal', 'Literate ', 'business', '', '', '', 'Nepali', '4931', '2044-07-15', 'chitwan', 1, 51, '2024-03-28 09:33:37'),
(249, 'No.249', 1, 'Volunteer', '../../image_upload/profilPicture/', '', '  ', 'KRISHNA KUAMRI SHRESTHA', '2029-06-07', '1972-09-23', '52', 'Nepal', 'Literate ', 'housewife', '', '', '', 'Nepali', '54', '2046-02-10', 'chitwan', 1, 51, '2024-03-28 09:41:04'),
(250, 'No.250', 1, 'Volunteer', '../../image_upload/profilPicture/', '', ' ', 'OSHIN SHRESTHA', '2049-12-16', '1993-03-29', '31', 'Nepal', 'Graduate ', 'housewife', '', '', '', 'Nepali', '049157', '2066-12-05', 'chitwan', 1, 51, '2024-03-28 09:52:59'),
(251, 'No.251', 1, 'Volunteer', '../../image_upload/profilPicture/', '', '  ', 'DURGA KUMARAI BOHORA', '2013-07-16', '1956-11-01', '68', 'Nepal', 'Literate ', 'housewife', '', '', '', 'Nepali', '21744', '2045-01-14', 'dhading', 1, 51, '2024-03-28 09:58:08'),
(252, 'No.252', 1, 'Volunteer', '../../image_upload/profilPicture/', '', ' ', 'SUDAN SHRESTHA', '2049-05-24', '1992-09-09', '32', 'Nepal', '10+2 or PCL      ', 'business', '', '', '', 'Nepali', '043998', '2066-01-02', 'chitwan', 1, 51, '2024-03-28 10:11:35'),
(253, 'No.253', 1, 'Volunteer', '../../image_upload/profilPicture/', '', ' ', 'SARASWOTI KHATIWODA', '2012-01-09', '1955-04-22', '69', 'Nepal', 'Literate ', 'agriculture', '', '', '', 'Nepali', '4-988', '2045-08-26', 'chitwan', 1, 51, '2024-03-28 10:17:46'),
(254, 'No.254', 1, 'Volunteer', '../../image_upload/profilPicture/', '', '  ', 'SITA DEVI BHANDARI', '2014-06-12', '1957-09-28', '67', 'Nepal', 'OtherEd', 'housewife', '', '', '', 'Nepali', '2635', '2048-03-03', 'dhading', 1, 51, '2024-03-28 10:44:16'),
(255, 'No.255', 1, 'Volunteer', '../../image_upload/profilPicture/', '', ' ', 'LILA REGMI', '2034-02-04', '1977-05-17', '47', 'Nepal', 'Below SEE ', 'agriculture', '', '', '', 'Nepali', '87547', '2062-10-19', 'tanahu', 1, 51, '2024-03-29 06:23:20'),
(256, 'No.256', 1, 'Volunteer', '../../image_upload/profilPicture/', '', ' ', 'SANGITA SUBEDI', '2058-02-28', '2001-06-10', '23', 'Nepal', 'Graduate ', 'student', '', '', '', 'Nepali', '36-02-74-06308', '2074-06-30', 'Nawalparasi', 1, 51, '2024-03-29 06:28:16'),
(257, 'No.257', 1, 'Volunteer', '../../image_upload/profilPicture/', '', ' ', 'MINA GAIRE', '2010-01-03', '1953-04-15', '71', 'Nepal', 'OtherEd', 'housewife', '', '', '', 'Nepali', '09', '2030-01-15', 'Nawalparasi', 1, 51, '2024-03-29 06:33:53'),
(258, 'No.258', 1, 'Volunteer', '../../image_upload/profilPicture/', '', ' ', 'CHUN MAYA CHAPAGAIN', '2024-08-18', '1967-12-04', '57', 'Nepal', 'Literate ', 'housewife', '', '', '', 'Nepali', '1556', '2046-02-27', 'Nawalparasi', 1, 51, '2024-03-29 06:38:08'),
(259, 'No.259', 1, 'Volunteer', '../../image_upload/profilPicture/', '', '  ', 'NANDA KALA JAISI', '2015-01-03', '1958-04-15', '66', 'Nepal', 'Literate ', 'agriculture', '', '', '', 'Nepali', '5-4239', '2044-02-25', 'Nawalparasi', 1, 51, '2024-03-29 06:42:34'),
(260, 'No.260', 1, 'Volunteer', '../../image_upload/profilPicture/', '', ' ', 'SARASWATI BHANDARI', '2046-01-24', '1989-05-06', '35', 'Nepal', '10+2 or PCL      ', 'business', '', '', '', 'Nepali', '362018-4824', '2069-12-06', 'Nawalparasi', 1, 51, '2024-03-29 06:48:03'),
(261, 'No.261', 1, 'Volunteer', '../../image_upload/profilPicture/', '', ' ', 'ISHOR SILWAL', '2046-01-10', '1989-04-22', '35', 'Nepal', 'SEE ...', 'agriculture', '', '', '', 'Nepali', '363025-245', '2063-10-05', 'Nawalparasi', 1, 51, '2024-03-29 06:52:10'),
(262, 'No.262', 1, 'Volunteer', '../../image_upload/profilPicture/', '', ' ', 'LAXMI PANTA', '2026-03-18', '1969-07-02', '55', 'Nepal', 'OtherEd', 'agriculture', '', '', '', 'Nepali', '363028-401', '2063-11-08', 'Nawalparasi', 1, 51, '2024-03-29 06:59:27'),
(263, 'No.263', 1, 'Volunteer', '../../image_upload/profilPicture/', '', '  ', 'DHANA DEVI KHATRI CHETRI', '2013-03-15', '1956-06-28', '68', 'Nepal', 'OtherEd', 'agriculture', '', '', '', 'Nepali', '12-28612', '2046-01-12', 'Nawalparasi', 1, 51, '2024-03-29 07:04:11'),
(264, 'No.264', 1, 'Volunteer', '../../image_upload/profilPicture/', '', ' ', 'KHUSIMAYA GURUNG', '2034-12-18', '1978-03-31', '46', 'Nepal', 'OtherEd', 'agriculture', '', '', '', 'Nepali', '69668', '2061-01-21', 'lamjung', 1, 51, '2024-03-29 07:07:52'),
(265, 'No.265', 1, 'Volunteer', '../../image_upload/profilPicture/', '', ' ', 'SHANTI WAGLE', '2044-04-28', '1987-08-13', '37', 'Nepal', 'SEE ...', 'business', '', '', '', 'Nepali', '92012', '2063-04-21', 'tanahu', 1, 51, '2024-03-29 07:11:15'),
(266, 'No.266', 1, 'Volunteer', '../../image_upload/profilPicture/', '', ' ', 'BHAGAWATI SUBEDI', '2039-01-30', '1982-05-13', '42', 'Nepal', 'SEE ...', 'business', '', '', '', 'Nepali', '50536', '2062-10-28', 'Nawalparasi', 1, 51, '2024-03-29 07:14:42'),
(267, 'No.267', 1, 'Volunteer', '../../image_upload/profilPicture/', '', ' ', 'JANUKA GAIRE', '2018-11-15', '1962-02-26', '62', 'Nepal', 'OtherEd', 'n/a', '', '', '', 'Nepali', '37455', '2056-04-23', 'tanahu', 1, 51, '2024-03-29 09:03:23'),
(268, 'No.268', 1, 'Volunteer', '../../image_upload/profilPicture/', '', '  ', 'RAJAN PRASAD THAPALIYA', '2033-09-10', '1976-12-24', '48', 'Nepal', '10+2 or PCL      ', 'business', '', '', '', 'Nepali', '13494', '2052-12-29', 'dhading', 1, 51, '2024-03-29 09:08:00'),
(269, 'No.269', 1, 'Volunteer', '../../image_upload/profilPicture/', '', ' ', 'GANGADEVI KHATRI', '2013-01-13', '1956-04-25', '68', 'Nepal', 'OtherEd', 'n/a', '', '', '', 'Nepali', '7-3341', '2044-12-13', 'Nawalparasi', 1, 51, '2024-03-29 09:12:03'),
(270, 'No.270', 1, 'Volunteer', '../../image_upload/profilPicture/', '', ' ', 'RADHIKA CHAUDHARY', '2036-08-12', '1979-11-28', '45', 'Nepal', 'OtherEd', 'housewife', '', '', '', 'Tharu', '35301-223', '2063-10-19', 'chitwan', 1, 51, '2024-03-29 09:34:06'),
(271, 'No.271', 1, 'Volunteer', '../../image_upload/profilPicture/', '', ' ', 'SUBHAGIYA THARUNI', '2021-04-07', '1964-07-22', '60', 'Nepal', 'OtherEd', 'agriculture', '', '', '', 'Tharu', '2126', '2044-12-01', 'chitwan', 1, 51, '2024-03-29 09:39:08'),
(272, 'No.272', 1, 'Volunteer', '../../image_upload/profilPicture/', '', ' ', 'KANTI CHAUDHARY', '2030-08-05', '1973-11-20', '51', 'Nepal', 'OtherEd', 'agriculture', '', '', '', 'Tharu', '35301-222', '2063-10-19', 'chitwan', 1, 51, '2024-03-29 09:44:14'),
(273, 'No.273', 1, 'Volunteer', '../../image_upload/profilPicture/', '', ' ', 'SUNKISHI MAHATO', '2026-04-01', '1969-07-16', '55', 'Nepal', 'SEE ...', 'agriculture', '', '', '', 'Tharu', '2128', '2044-12-26', 'chitwan', 1, 51, '2024-03-30 06:45:22'),
(274, 'No.274', 1, 'Volunteer', '../../image_upload/profilPicture/', '', ' ', 'SANGITA CHAUDHARY', '2047-12-10', '1991-03-24', '33', 'Nepal', '10+2 or PCL      ', 'housewife', '', '', '', 'Tharu', '1001-947', '2067-01-15', 'chitwan', 1, 51, '2024-03-30 06:52:29'),
(275, 'No.275', 1, 'Volunteer', '../../image_upload/profilPicture/', '', '  ', 'BIKA LAMA CHAUDHARY', '2025-08-22', '1968-12-07', '56', 'Nepal', '10+2 or PCL      ', 'agriculture', '', '', '', 'Tharu', '4265', '2043-09-26', 'chitwan', 1, 51, '2024-03-30 07:13:42'),
(276, 'No.276', 1, 'Volunteer', '../../image_upload/profilPicture/', '', ' ', 'RIMA CHAUDHARY', '2041-04-09', '1984-07-24', '40', 'Nepal', 'SEE ...', 'housewife', '', '', '', 'Tharu', '35301-221', '2063-10-19', 'Chitwan', 1, 51, '2024-03-30 07:25:05'),
(277, 'No.277', 1, 'Volunteer', '../../image_upload/profilPicture/', '', ' ', 'LALMANI CHAUDHARY', '2039-04-09', '1982-07-24', '42', 'Nepal', 'OtherEd', 'agriculture', '', '', '', 'Tharu', '6505-060', '2060-10-11', 'Chitwan', 1, 51, '2024-03-30 07:31:03'),
(278, 'No.278', 1, 'Volunteer', '../../image_upload/profilPicture/', '', ' ', 'HIRAMANI CHAUDHARY', '2027-05-25', '1970-09-10', '54', 'Nepal', '10+2 or PCL      ', 'agriculture', '', '', '', 'Tharu', '2145', '2044-12-09', 'Chitwan', 1, 51, '2024-03-30 07:43:12'),
(279, 'No.279', 1, 'Volunteer', '../../image_upload/profilPicture/', '', ' ', 'INDIRA KHATIWODA', '2036-05-09', '1979-08-25', '45', 'Nepal', 'SEE ...', 'business', '', '', '', 'Nepali', '8340-061', '2061-11-26', 'Chitwan', 1, 51, '2024-03-30 09:27:34'),
(280, 'No.280', 1, 'Volunteer', '../../image_upload/profilPicture/', '', ' ', 'SITA BHATTA', '2040-01-09', '1983-04-22', '41', 'Nepal', 'Literate ', 'housewife', '', '', '', 'Nepali', '26-189', '2062-09-08', 'dhading', 1, 51, '2024-03-30 09:31:31'),
(281, 'No.281', 1, 'Volunteer', '../../image_upload/profilPicture/', '', '  ', 'MAN KUMARI GURUNG', '2018-12-10', '1962-03-23', '62', 'Nepal', 'OtherEd', 'n/a', '', '', '', 'Nepali', '924-046-47', '2046-10-26', 'Chitwan', 1, 51, '2024-03-30 09:37:02'),
(282, 'No.282', 1, 'Volunteer', '../../image_upload/profilPicture/', '', '  ', 'MAHA LAXMI GURUNG', '2010-10-12', '1954-01-25', '70', 'Nepal', 'OtherEd', 'n/a', '', '', '', 'Nepali', '15', '2046-01-22', 'Chitwan', 1, 51, '2024-03-30 09:48:58'),
(283, 'No.283', 1, 'Volunteer', '../../image_upload/profilPicture/', '', ' ', 'BINU GURUNG', '2038-04-18', '2024-03-30', '43', 'Nepal', '    SEE ...', 'n/a', '', '', '', 'Nepali', '1779', '2062-02-11', 'kathmandu', 1, 51, '2024-03-30 09:56:17'),
(284, 'No.284', 1, 'Volunteer', '../../image_upload/profilPicture/', '', ' ', 'PASHUPATI GURUNG', '2027-09-10', '1970-12-25', '54', 'Nepal', 'Literate ', 'agriculture', '', '', '', 'Nepali', '228', '2046-01-28', 'Chitwan', 1, 51, '2024-03-30 10:29:52'),
(285, 'No.285', 1, 'Volunteer', '../../image_upload/profilPicture/', '', '  ', 'LAXMI NIDI GURUNG', '2015-12-21', '1959-04-03', '65', 'Nepal', 'Literate ', 'agriculture', '', '', '', 'Nepali', '58', '2054-06-21', 'Chitwan', 1, 51, '2024-03-31 05:03:03'),
(286, 'No.286', 1, 'Volunteer', '../../image_upload/profilPicture/', '', '  ', 'DIL MAYA GURUNG', '1980-05-14', '1942-08-30', '82', 'Nepal', 'OtherEd', 'n/a', '', '', '', 'Nepali', '861', '2080-01-01', 'Chitwan', 1, 51, '2024-03-31 05:08:47'),
(287, 'No.287', 1, 'Volunteer', '../../image_upload/profilPicture/', '', ' ', 'SHILA GURUNG', '2042-12-29', '1986-04-11', '38', 'Nepal', '10+2 or PCL      ', 'n/a', '', '', '', 'Nepali', '3793-059', '2059-11-16', 'Chitwan', 1, 51, '2024-03-31 05:12:24'),
(288, 'No.288', 1, 'Volunteer', '../../image_upload/profilPicture/', '', '  ', 'BISHNU MAYA BHATTARAI', '2025-11-03', '1969-02-14', '55', 'Nepal', 'OtherEd', 'n/a', '', '', '', 'Nepali', '74', '2046-11-07', 'Chitwan', 1, 51, '2024-03-31 05:16:41'),
(289, 'No.289', 1, 'Volunteer', '../../image_upload/profilPicture/', '', '  ', 'DADHI PRASAD ADHIKARI', '2002-07-05', '1945-10-21', '79', 'Nepal', 'OtherEd', 'n/a', '', '', '', 'Nepali', '6566', '2039-08-27', 'makwanpur', 1, 51, '2024-03-31 05:56:23'),
(290, 'No.290', 1, 'Volunteer', '../../image_upload/profilPicture/', '', '  ', 'PHUWA KUMARI ADHIKARI', '2010-01-02', '1953-04-14', '71', 'Nepal', 'OtherEd', 'n/a', '', '', '', 'Nepali', '1001', '2045-02-30', 'makwanpur', 1, 51, '2024-03-31 06:00:22'),
(291, 'No.291', 1, 'Volunteer', '../../image_upload/profilPicture/', '', '  ', 'JEEVAN KUMAR KHADKA', '2028-04-22', '1971-08-07', '53', 'Nepal', 'SEE ...', 'n/a', '', '', '', 'Nepali', '319', '2047-03-01', 'Kaski', 1, 51, '2024-03-31 06:03:48'),
(292, 'No.292', 1, 'Volunteer', '../../image_upload/profilPicture/', '', ' ', 'ANJU GURUNG', '2043-07-08', '1986-10-25', '38', 'Nepal', 'Below SEE ', 'n/a', '', '', '', 'Nepali', '441043-24', '2064-03-12', 'gorkha', 1, 51, '2024-03-31 06:15:42'),
(293, 'No.293', 1, 'Volunteer', '../../image_upload/profilPicture/', '', '  ', 'DAMBAR KUMARI GURUNG', '2008-04-12', '1951-07-27', '73', 'Nepal', 'OtherEd', 'n/a', '', '', '', 'Nepali', '10650', '2043-09-28', 'gorkha', 1, 51, '2024-03-31 06:20:07'),
(294, 'No.294', 1, 'Volunteer', '../../image_upload/profilPicture/', '', ' ', 'PASHUPATI GURUNG', '2040-08-18', '1983-12-04', '41', 'Nepal', 'SEE ...', 'n/a', '', '', '', 'Nepali', '81492', '2056-12-06', 'gorkha', 1, 51, '2024-03-31 06:23:08'),
(295, 'No.295', 1, 'Volunteer', '../../image_upload/profilPicture/', '', ' ', 'RENUKA GURUNG', '2040-05-05', '1983-08-21', '41', 'Nepal', 'SEE ...', 'employee', '', '', '', 'Nepali', '91026', '2049-03-24', 'gorkha', 1, 51, '2024-03-31 06:31:34'),
(296, 'No.296', 1, 'Volunteer', '../../image_upload/profilPicture/', '', '  ', 'BISHNU BAHADUR GURUNG', '2013-11-05', '1957-02-16', '67', 'Nepal', 'OtherEd', 'agriculture', '', '', '', 'Nepali', '1595-1626', '2037-01-16', 'kathmandu', 1, 51, '2024-03-31 06:48:01'),
(297, 'No.297', 1, 'Volunteer', '../../image_upload/profilPicture/', '', '  ', 'PADAM BAHADUR MAHAT', '2023-05-09', '1966-08-25', '58', 'Nepal', 'Literate ', 'driving', '', '', '', 'Nepali', '5279-127', '2060-10-20', 'Kavre', 1, 51, '2024-03-31 07:16:28'),
(298, 'No.298', 1, 'Volunteer', '../../image_upload/profilPicture/', '', ' ', 'MAILI PURI', '2021-11-25', '1965-03-08', '59', 'Nepal', 'OtherEd', 'n/a', '', '', '', 'Nepali', '3-1049', '2044-10-23', 'dhading', 1, 51, '2024-03-31 07:26:08'),
(299, 'No.299', 1, 'Volunteer', '../../image_upload/profilPicture/', '', ' ', 'SAILI MAHAT', '2020-04-03', '1963-07-18', '61', 'Nepal', 'OtherEd', 'n/a', '', '', '', 'Nepali', '5814-343', '2045-01-24', 'Kavre', 1, 51, '2024-03-31 07:30:36'),
(300, 'No.300', 1, 'Volunteer', '../../image_upload/profilPicture/', '', ' ', 'BISHNU GURUNG', '2044-07-29', '1987-11-15', '37', 'Nepal', 'Below SEE ', 'n/a', '', '', '', 'Nepali', '044515', '2071-02-07', 'Chitwan', 1, 51, '2024-03-31 07:33:47'),
(301, 'No.301', 1, 'Volunteer', '../../image_upload/profilPicture/', '', ' ', 'SRIJANA GURUNG', '2050-09-27', '1994-01-11', '30', 'Nepal', 'SEE ...', 'agriculture', '', '', '', 'Nepali', '951031-1679', '2070-01-13', 'Chitwan', 1, 51, '2024-03-31 07:38:30'),
(302, 'No.302', 1, 'Volunteer', '../../image_upload/profilPicture/', '', ' ', 'YOGESH GURUNG', '2048-02-15', '1991-05-29', '33', 'Nepal', '10+2 or PCL      ', 'accountant', '', '', '', 'Nepali', '351031-96', '2068-01-15', 'Chitwan', 1, 51, '2024-03-31 07:45:47'),
(303, 'No.303', 1, 'Volunteer', '../../image_upload/profilPicture/', '', ' ', 'MAHENDRA CHAUDHARY', '2032-04-16', '1975-08-01', '49', 'Nepal', 'SEE ...', 'agriculture', '', '', '', 'Nepali', '884', '2052-04-24', 'Chitwan', 1, 51, '2024-03-31 08:54:05'),
(304, 'No.304', 1, 'Volunteer', '../../image_upload/profilPicture/', '', '  ', 'KRISHNA BAHADUR SHRESTHA', '2025-01-01', '1968-04-13', '56', 'Nepal', 'Literate ', 'agriculture', '', '', '', 'Nepali', '107-105', '2039-01-16', 'Chitwan', 1, 51, '2024-03-31 08:58:26'),
(305, 'No.305', 1, 'Volunteer', '../../image_upload/profilPicture/', '', ' ', 'SITA SHRESTHA', '2016-06-15', '1959-10-01', '65', 'Nepal', 'Literate ', 'agriculture', '', '', '', 'Nepali', '371-044', '2048-12-25', 'Chitwan', 1, 51, '2024-03-31 09:02:15'),
(306, 'No.306', 1, 'Volunteer', '../../image_upload/profilPicture/', '', '  ', 'HIT KUMARI CHAUDHARY', '2045-09-11', '1988-12-25', '36', 'Nepal', 'Below SEE ', 'agriculture', '', '', '', 'Nepali', '35305-278', '2063-11-09', 'Chitwan', 1, 51, '2024-03-31 09:07:33'),
(307, 'No.307', 1, 'Volunteer', '../../image_upload/profilPicture/', '', ' ', ' THAGAI MAHATO', '2039-09-15', '1982-12-30', '42', 'Nepal', 'Literate ', 'agriculture', '', '', '', 'Nepali', '1990-044', '2055-12-09', 'Chitwan', 1, 51, '2024-03-31 09:10:56'),
(308, 'No.308', 1, 'Volunteer', '../../image_upload/profilPicture/', '', '  ', 'TIKA BAHADUR TAMANG', '2034-06-13', '1977-09-29', '47', 'Nepal', 'Literate ', 'agriculture', '', '', '', 'Nepali', '1522-034', '2055-04-26', 'Chitwan', 1, 51, '2024-03-31 09:24:58'),
(309, 'No.309', 1, 'Volunteer', '../../image_upload/profilPicture/', '', '   ', 'INDRA BILASH UPADHYAYE KOIRALA', '2018-06-28', '1961-10-14', '63', 'Nepal', 'SEE ...', 'agriculture', '', '', '', 'Nepali', '2460', '2046-11-01', 'Bardiya', 1, 51, '2024-03-31 09:30:37'),
(310, 'No.310', 1, 'Volunteer', '../../image_upload/profilPicture/', '', '  ', 'NANDA LAL SANYASI', '2014-10-05', '1958-01-18', '66', 'Nepal', 'Literate ', 'employee', '', '', '', 'Nepali', '2262', '2040-02-03', 'Parbat', 1, 51, '2024-03-31 09:34:49'),
(311, 'No.311', 1, 'Volunteer', '../../image_upload/profilPicture/', '', ' ', 'RATUE CHAUDHARY', '2032-03-03', '1975-06-17', '49', 'Nepal', 'Literate ', 'agriculture', '', '', '', 'Tharu', '128-034', '2053-02-05', 'Chitwan', 1, 51, '2024-03-31 09:40:13'),
(312, 'No.312', 1, 'Volunteer', '../../image_upload/profilPicture/', '', '  ', 'SITA DEVI DHITAL', '2011-04-01', '1954-07-16', '70', 'Nepal', 'OtherEd', 'agriculture', '', '', '', 'Nepali', '3526', '2036-12-04', 'Chitwan', 1, 51, '2024-04-04 07:04:22'),
(313, 'No.313', 1, 'Volunteer', '../../image_upload/profilPicture/', '', '  ', 'SAHODARIYA THARUNI MAHATO', '2014-03-10', '1957-06-23', '67', 'Nepal', 'Literate ', 'agriculture', '', '', '', 'Tharu', '849', '2052-09-12', 'Chitwan', 1, 51, '2024-04-04 10:17:13'),
(314, 'No.314', 1, 'Volunteer', '../../image_upload/profilPicture/', '', '  ', 'CHANDRA MAYA SHRESTHA', '2014-01-01', '1957-04-13', '67', 'Nepal', 'Literate ', 'agriculture', '', '', '', 'Nepali', '1690', '2045-01-08', 'Chitwan', 1, 51, '2024-04-05 04:24:11'),
(315, 'No.315', 1, 'Volunteer', '../../image_upload/profilPicture/', '', '  ', 'BISHNU KUMARI PAUDEL', '2036-07-24', '1979-11-10', '45', 'Nepal', 'Literate ', 'agriculture', '', '', '', 'Nepali', '530-059', '2059-06-23', 'Chitwan', 1, 51, '2024-04-05 04:28:40'),
(316, 'No.316', 1, 'Volunteer', '../../image_upload/profilPicture/', '', ' ', 'SURENDRA MAHATO', '2045-01-03', '1988-04-15', '36', 'Nepal', 'Literate ', 'agriculture', '', '', '', 'Tharu', '34831', '2063-10-26', 'Chitwan', 1, 51, '2024-04-05 05:13:03'),
(317, 'No.317', 1, 'Volunteer', '../../image_upload/profilPicture/', '', ' ', 'MEGIYA MAHATO', '2030-04-08', '1973-07-23', '51', 'Nepal', 'Literate ', 'agriculture', '', '', '', 'Tharu', '847-034', '2050-01-15', 'Chitwan', 1, 51, '2024-04-05 05:16:28'),
(318, 'No.318', 1, 'Volunteer', '../../image_upload/profilPicture/', '', '  ', 'JENI THARUNI CHAUDHARY', '2020-08-10', '1963-11-26', '61', 'Nepal', 'OtherEd', 'agriculture', '', '', '', 'Tharu', '1063-046-047', '2046-08-27', 'Chitwan', 1, 51, '2024-04-05 05:20:25'),
(319, 'No.319', 1, 'Volunteer', '../../image_upload/profilPicture/', '', '  ', 'GITA CHAUDHARY MAHATO', '2037-05-13', '1980-08-29', '44', 'Nepal', 'Literate ', 'agriculture', '', '', '', 'Tharu', '5660-058', '2058-09-18', 'Chitwan', 1, 51, '2024-04-05 05:24:26'),
(320, 'No.320', 1, 'Volunteer', '../../image_upload/profilPicture/', '', '  ', 'CHHALI DEBI BHATTARAI', '2018-07-15', '1961-10-31', '63', 'Nepal', 'Literate ', 'agriculture', '', '', '', 'Nepali', '20150', '2045-07-18', 'gorkha', 1, 51, '2024-04-05 05:28:17'),
(321, 'No.321', 1, 'Volunteer', '../../image_upload/profilPicture/', '', '  ', 'HIRA BAHADUR BOKTI', '2034-01-02', '1977-04-14', '47', 'Nepal', 'SEE ...', 'agriculture', '', '', '', 'Nepali', '1484-044', '2055-11-30', 'Chitwan', 1, 51, '2024-04-05 05:31:50'),
(322, 'No.322', 1, 'Volunteer', '../../image_upload/profilPicture/', '', '  ', 'INDRENI KHADKA BOKTI', '2042-07-25', '1985-11-10', '39', 'Nepal', 'SEE ...', 'agriculture', '', '', '', 'Nepali', '1005-370', '2038-01-26', 'Chitwan', 1, 51, '2024-04-05 06:33:19'),
(323, 'No.323', 1, 'Volunteer', '../../image_upload/profilPicture/', '', '   ', 'DUK KUMARI ADDHIKARI CHHETRI', '2021-06-16', '1964-10-01', '60', 'Nepal', 'Literate ', 'agriculture', '', '', '', 'Nepali', '18806', '2053-12-08', 'dhading', 1, 51, '2024-04-05 06:48:11'),
(324, 'No.324', 1, 'Volunteer', '../../image_upload/profilPicture/', '', '  ', 'MAN KUMARI MAHATO', '2035-01-01', '1978-04-14', '46', 'Nepal', 'Literate ', 'agriculture', '', '', '', 'Tharu', '1005-1016', '2070-02-21', 'Chitwan', 1, 51, '2024-04-05 06:54:57'),
(325, 'No.325', 1, 'Volunteer', '../../image_upload/profilPicture/', '', ' ', 'BAGADI MAHATO', '2026-04-15', '1969-07-30', '55', 'Nepal', 'Literate ', 'agriculture', '', '', '', 'Tharu', '353-231', '2070-02-16', 'Chitwan', 1, 51, '2024-04-05 06:59:52'),
(326, 'No.326', 1, 'Volunteer', '../../image_upload/profilPicture/', '', ' ', 'CHANVHI THARUNI', '2019-01-01', '1962-04-13', '62', 'Nepal', 'OtherEd', 'agriculture', '', '', '', 'Tharu', '1094', '2045-01-23', 'Chitwan', 1, 51, '2024-04-05 07:03:56'),
(327, 'No.327', 1, 'Volunteer', '../../image_upload/profilPicture/', '', ' ', 'PHULMATI MAHATO', '2032-08-29', '1975-12-15', '49', 'Nepal', 'Literate ', 'agriculture', '', '', '', 'Tharu', '1005-681', '2059-06-14', 'Chitwan', 1, 51, '2024-04-05 07:10:38'),
(328, 'No.328', 1, 'Volunteer', '../../image_upload/profilPicture/', '', ' ', 'THAGAI CHAUDHARY', '2044-11-01', '1988-02-13', '36', 'Nepal', 'Literate ', 'business', '', '', '', 'Tharu', '35305', '2063-11-08', 'Chitwan', 1, 51, '2024-04-05 07:14:40'),
(329, 'No.329', 1, 'Volunteer', '../../image_upload/profilPicture/', '', '  ', 'BAL DEV MAHATO', '2023-05-10', '1966-08-26', '58', 'Nepal', 'Literate ', 'business', '', '', '', 'Tharu', '733', '2045-09-08', 'Chitwan', 1, 51, '2024-04-05 07:17:49'),
(330, 'No.330', 1, 'Volunteer', '../../image_upload/profilPicture/', '', ' ', 'HARIMAYA CHAUDHARY', '2054-01-03', '1997-04-15', '27', 'Nepal', 'Literate ', 'agriculture', '', '', '', 'Tharu', '3501-071-00767', '2071-01-25', 'Chitwan', 1, 51, '2024-04-05 07:21:25'),
(331, 'No.331', 1, 'Volunteer', '../../image_upload/profilPicture/', '', ' ', 'RITA NEUPANE', '2022-09-20', '1966-01-04', '58', 'Nepal', 'SEE ...', 'housewife', '', '', '', 'Nepali', '35158', '2063-09-28', 'Bhaktapur', 1, 51, '2024-04-05 09:43:27'),
(332, 'No.332', 1, 'Volunteer', '../../image_upload/profilPicture/', '', '  ', 'SHARADA KUMARI KHATRI', '2026-01-14', '1969-04-26', '55', 'Nepal', 'SEE ...', 'housewife', '', '', '', 'Nepali', '40776', '2048-08-22', 'Kavre', 1, 51, '2024-04-05 09:47:32'),
(333, 'No.333', 1, 'Volunteer', '../../image_upload/profilPicture/', '', ' ', 'SARITA BHANDARI', '2037-03-12', '1980-06-25', '44', 'Nepal', '10+2 or PCL      ', 'employee', '', '', '', 'Nepali', '89531', '2056-12-01', 'Kavre', 1, 51, '2024-04-05 10:14:49'),
(334, 'No.334', 1, 'Volunteer', '../../image_upload/profilPicture/', '', ' ', 'SURAJ SHRESTHA', '2029-07-29', '1972-11-14', '52', 'Nepal', 'Graduate ', 'business', '', 'B.Com', '', 'Nepali', '0196', '2046-02-29', 'kathmandu', 1, 51, '2024-04-05 10:21:38'),
(335, 'No.335', 1, 'Volunteer', '../../image_upload/profilPicture/', '', ' ', 'SABITRI KHANAL', '2009-01-01', '1952-04-13', '72', 'Nepal', 'Literate ', 'housewife', '', '', '', 'Nepali', '5813', '2034-12-03', 'kathmandu', 1, 51, '2024-04-05 10:28:04'),
(336, 'No.336', 1, 'Volunteer', '../../image_upload/profilPicture/', '', ' ', 'MANISH KARKI', '2046-01-20', '1989-05-02', '35', 'Nepal', 'Graduate ', 'business', '', '', '', 'Nepali', '09018873', '2015-07-24', 'kathmandu', 1, 51, '2024-04-05 10:32:52'),
(337, 'No.337', 1, 'Volunteer', '../../image_upload/profilPicture/', '', '  ', 'BAL KUMARI THAPALIYA', '2020-04-20', '1963-08-04', '61', 'Nepal', 'Literate ', 'housewife', '', '', '', 'Nepali', '3227', '2053-05-31', 'kathmandu', 1, 51, '2024-04-05 10:39:35'),
(338, 'No.338', 1, 'Volunteer', '../../image_upload/profilPicture/', '', ' ', 'SITA KHATIWADA', '2034-08-20', '1977-12-05', '47', 'Nepal', 'Literate ', 'housewife', '', '', '', 'Nepali', '263041-55', '2063-10-21', 'dhading', 1, 51, '2024-04-05 10:43:14'),
(339, 'No.339', 1, 'Volunteer', '../../image_upload/profilPicture/', '', ' ', 'MIRA PUDASAINI', '2022-08-14', '1965-11-29', '59', 'Nepal', 'Literate ', 'housewife', '', '', '', 'Nepali', '9280', '2048-01-09', 'kathmandu', 1, 51, '2024-04-06 06:40:13'),
(340, 'No.340', 1, 'Volunteer', '../../image_upload/profilPicture/', '', ' ', 'PARBATI TIRAUTI', '2023-02-20', '1966-06-02', '58', 'Nepal', 'OtherEd', 'n/a', '', '', '', 'Nepali', '11174', '2041-10-17', 'kathmandu', 1, 51, '2024-04-06 06:43:24'),
(341, 'No.341', 1, 'Volunteer', '../../image_upload/profilPicture/', '', '  ', 'BIMALA KUMARI BASNET', '2028-10-04', '1972-01-18', '52', 'Nepal', 'Literate ', 'housewife', '', '', '', 'Nepali', '52242980', '2046-02-08', 'Janakpur', 1, 51, '2024-04-06 06:47:00'),
(342, 'No.342', 1, 'Volunteer', '../../image_upload/profilPicture/', '', '  ', 'LAXMI DEVI RIMAL', '2021-01-15', '1964-04-27', '60', 'Nepal', 'Literate ', 'n/a', '', '', '', 'Nepali', '6735', '2047-10-09', 'kathmandu', 1, 51, '2024-04-06 06:50:25'),
(343, 'No.343', 1, 'Volunteer', '../../image_upload/profilPicture/', '', ' ', 'MANDHARI SHRESTHA', '2008-09-02', '1951-12-17', '73', 'Nepal', 'Literate ', 'housewife', '', '', '', 'Nepali', '5982-28399', '2030-10-02', 'Sindhupalchowk', 1, 51, '2024-04-06 06:53:38');
INSERT INTO `introductiondetails` (`id`, `rUser_Id`, `active_state`, `rRole`, `imagepath`, `image`, `rName`, `rNameCapital`, `rDOB`, `eDate`, `rAge`, `rNational`, `rEducation`, `rProfession`, `rGender`, `rSpecialAbility`, `rMarital`, `rMotherToungue`, `rCitizenshipNo`, `rIssuedDate`, `rIssuedLocation`, `active_status`, `login_user`, `dt`) VALUES
(344, 'No.344', 1, 'Volunteer', '../../image_upload/profilPicture/', '', ' ', 'RANJAN GHIMIRE', '2034-12-26', '1978-04-08', '46', 'Nepal', 'SEE ...', 'business', '', '', '', 'Nepali', '4041', '2053-07-20', 'kathmandu', 1, 51, '2024-04-06 06:57:23'),
(345, 'No.345', 1, 'Volunteer', '../../image_upload/profilPicture/', '', ' ', 'ROCHANA SHRESTHA', '2030-03-16', '1973-06-30', '51', 'Nepal', '10+2 or PCL      ', '', '', '', '', 'Nepali', '108383-4462', '2046-04-26', 'Khotang', 1, 51, '2024-04-07 06:59:38'),
(346, 'No.346', 1, 'Volunteer', '../../image_upload/profilPicture/', '', ' ', 'PRITAM SAH', '2047-10-12', '1991-01-26', '33', 'Nepal', 'Postgraduate ', 'student', '', '', '', 'Bhojpuri', '341035-120', '2065-10-12', 'parsa', 1, 51, '2024-04-07 08:43:01'),
(347, 'No.347', 1, 'Volunteer', '../../image_upload/profilPicture/', '', '  ( )', 'GYANU MAHAT ( DHAKAL)', '2046-08-16', '1989-12-01', '35', 'Nepal', 'Below SEE ', 'business', '', '', '', 'Nepali', '271060-35383', '2065-12-03', 'Kathmandu', 1, 51, '2024-04-07 08:55:02'),
(348, 'No.348', 1, 'Volunteer', '../../image_upload/profilPicture/', '', ' ', 'KOPIL;A KARKI', '2055-03-09', '1998-06-23', '26', 'Nepal', 'SEE ...', 'NA', '', '', '', 'Nepali', '31-01-73-13464', '2073-12-17', 'Makwanpur', 1, 51, '2024-04-07 09:05:06'),
(349, 'No.349', 1, 'Volunteer', '../../image_upload/profilPicture/', '', '  ', 'BIMALA DEVI SAPKOTA', '2026-08-03', '1969-11-18', '55', 'Nepal', 'Below SEE ', 'housewife', '', '', '', 'Nepali', '1157-180', '2046-02-14', 'Kavre', 1, 51, '2024-04-07 09:16:40'),
(350, 'No.350', 1, 'Volunteer', '../../image_upload/profilPicture/', '', ' ', 'UMA GIRI', '2034-11-15', '1978-02-26', '46', 'Nepal', 'SEE ...', 'business', '', '', '', 'Nepali', '329', '2055-05-07', 'Rautahat', 1, 51, '2024-04-07 09:23:37'),
(351, 'No.351', 1, 'Volunteer', '../../image_upload/profilPicture/', '', '  ', 'SHIVA KUMAR SHRESTHA', '2022-09-12', '1965-12-27', '59', 'Nepal', '10+2 or PCL      ', 'Teacher', '', '', '', 'Nepali', '13457-24', '2041-12-27', 'Sindhupalchok', 1, 51, '2024-04-07 09:35:39'),
(352, 'No.352', 1, 'Volunteer', '../../image_upload/profilPicture/', '', ' ', 'ANISH KHATRI', '2057-06-27', '2000-10-13', '24', 'Nepal', '10+2 or PCL      ', 'Student', '', '', '', 'Nepali', '26-01-75-08911', '2075-10-14', 'DHADING', 1, 51, '2024-04-07 09:42:59'),
(353, 'No.353', 1, 'Volunteer', '../../image_upload/profilPicture/', '', '  ', 'BAGIYA DEVI THARUNI', '2011-04-09', '2024-04-09', '69', 'Nepal', 'OtherEd', 'farmer', '', 'n-a', '', 'Bhojpuri', '90600210', '20361122', 'parsa', 1, 51, '2024-04-09 09:40:32'),
(354, 'No.354', 1, 'Volunteer', '../../image_upload/profilPicture/', '', '    ', 'KISHOR PRASAD RAUT THARU ', '2035-11-15', '2024-04-09', '45', 'Nepal', 'OtherEd', 'SHOPKEPPER', '', 'n-a', '', 'Bhojpuri', '90600942', '0481426', 'parsa', 1, 51, '2024-04-09 09:50:44'),
(355, 'No.355', 1, 'Volunteer', '../../image_upload/profilPicture/', '', '     ', 'PURNA RAJYA LAXMI DEVI RANA', '2016-12-20', '1960-04-02', '64', 'Nepal', 'Literate ', 'ghirhani', '', 'n-a', '', 'Nepali', '34210828', '30132036', 'parsa', 1, 51, '2024-04-09 10:48:53');


CREATE TABLE `languagedetails` (
  `id` bigint NOT NULL,
  `intro_id` bigint DEFAULT NULL,
  `rFirstLanguage` varchar(200) NOT NULL,
  `rSecondLanguage` varchar(200) NOT NULL,
  `rThirdLanguage` varchar(200) NOT NULL,
  `rForthLanguage` varchar(255) NOT NULL
);

INSERT INTO `languagedetails` (`id`, `intro_id`, `rFirstLanguage`, `rSecondLanguage`, `rThirdLanguage`, `rForthLanguage`) VALUES
(300, 1, 'Nepali', '', '', ''),
(301, 2, 'english ', '', '', ''),
(302, 3, 'english ', 'Nepali', '', ''),
(303, 4, 'nepali', 'hindi', '', ''),
(305, 5, 'Nepali ', 'English', 'Hindi', ''),
(306, 6, 'Nepali ', 'English', 'Hindi', 'Maithali'),
(307, 7, 'nepali', '', '', ''),
(308, 8, 'nepali', 'english', 'hindi', 'japanese'),
(309, 9, 'Nepali ', 'English', 'Hindi ', 'Madarasi'),
(310, 10, 'Nepali', '', '', ''),
(311, 11, '', '', '', ''),
(312, 12, '', '', '', ''),
(313, 13, '', '', '', ''),
(314, 14, 'Nepali', '', '', ''),
(315, 15, 'Nepali', '', '', ''),
(316, 16, 'Nepali', '', '', ''),
(317, 17, 'Nepali', '', '', ''),
(318, 18, 'Nepali', '', '', ''),
(319, 19, 'nepali', '', '', ''),
(320, 20, 'nepali', 'english', 'hindi', ''),
(321, 21, 'nepali', 'hindi', 'english', ''),
(322, 22, 'Nepali', '', '', ''),
(323, 23, 'nepali', 'hindi', '', ''),
(324, 24, 'nepali', 'hindi', '', ''),
(325, 25, 'nepali', '', '', ''),
(326, 26, 'nepali', '', '', ''),
(327, 27, 'nepali', 'hindi', '', ''),
(328, 28, 'nepali', 'hindi', '', ''),
(329, 29, 'nepali', '', '', ''),
(330, 30, 'nepali', '', '', ''),
(331, 31, 'nepali', '', '', ''),
(332, 32, 'nepali', '', '', ''),
(333, 33, 'nepali', 'hindi', 'english', ''),
(334, 34, 'nepali', 'hindi', 'english', ''),
(335, 35, 'nepali', 'hindi', 'english', ''),
(336, 36, 'nepali', 'hindi', 'english', ''),
(337, 37, 'nepali', '', '', ''),
(338, 38, 'nepali', '', '', ''),
(339, 39, 'nepali', 'hindi', '', ''),
(340, 40, 'nepali', 'hindi', '', ''),
(341, 41, 'nepali', 'hindi', '', ''),
(342, 42, 'nepali', 'hindi', '', ''),
(343, 43, 'nepali', 'hindi', '', ''),
(344, 44, 'nepali', 'hindi', '', ''),
(345, 45, 'nepali', '', '', ''),
(346, 46, 'nepali', '', '', ''),
(347, 47, 'nepali', '', '', ''),
(348, 48, 'nepali', '', '', ''),
(349, 49, 'nepali', 'hindi', '', ''),
(350, 50, 'nepali', '', '', ''),
(351, 51, 'nepali', '', '', ''),
(352, 52, 'nepali', '', '', ''),
(353, 53, 'nepali', '', '', ''),
(354, 54, 'nepali', '', '', ''),
(355, 55, 'nepali', 'english', '', ''),
(356, 56, 'nepali', '', '', ''),
(478, 57, 'nepali', '', '', ''),
(479, 58, 'nepali', '', '', ''),
(480, 59, 'nepali', 'hindi', 'english', ''),
(481, 60, 'nepali', '', '', ''),
(482, 61, 'nepali', '', '', ''),
(483, 62, 'nepali', '', '', ''),
(484, 63, 'nepali', '', '', ''),
(485, 64, 'nepali', '', '', ''),
(486, 65, 'nepali', 'hindi', 'english', ''),
(487, 66, 'nepali', 'hindi', '', ''),
(488, 67, 'nepali', '', '', ''),
(489, 68, 'nepali', 'hindi', '', ''),
(490, 69, 'nepali', 'hindi', 'english', ''),
(491, 70, 'nepali', 'hindi', 'english', ''),
(492, 71, 'nepali', '', '', ''),
(493, 72, 'nepali', '', '', ''),
(494, 73, 'nepali', '', '', ''),
(495, 74, 'NE', '', '', ''),
(496, 75, 'nepali', 'hindi', '', ''),
(497, 76, 'nepali', '', '', ''),
(498, 77, 'nepali', '', '', ''),
(499, 78, 'hindi', 'bhojpuri', '', ''),
(500, 79, 'nepali', '', '', ''),
(501, 80, 'hindi', 'bhojpuri', 'nepali', ''),
(502, 81, 'nepali', 'hindi', 'bhojpuri', ''),
(503, 82, 'maithali', 'bhojpuri', 'hindi', 'nepali'),
(504, 83, 'nepali', 'bhojpuri', 'hindi', ''),
(505, 84, 'nepali', 'hindi', 'bhojpuri', ''),
(506, 85, 'BHOJPURI', 'hindi', '', ''),
(507, 86, 'nepali', 'hindi', 'bhojpuri', ''),
(508, 87, 'nepali', 'hindi', 'bhojpuri', ''),
(509, 88, 'nepali', 'bhojpuri', '', ''),
(510, 89, 'hindi', 'nepali', 'bhojpuri', ''),
(511, 90, 'nepali', 'hindi', 'bhojpuri', ''),
(512, 91, 'nepali', '', '', ''),
(513, 92, 'nepali', 'hindi', 'bhojpuri', ''),
(514, 93, 'nepali', '', '', ''),
(515, 94, 'nepali', 'bhojpuri', '', ''),
(516, 95, 'nepali', 'hindi', 'bhojpuri', ''),
(517, 96, 'nepali', 'bhojpuri', '', ''),
(518, 97, 'nepali', 'hindi', 'english', 'bhojpuri'),
(519, 98, 'hindi', 'bhojpuri', 'nepali', ''),
(520, 99, 'hindi', 'bhojpuri', 'nepali', 'english'),
(521, 100, 'hindi', 'nepali', 'bhojpuri', ''),
(522, 101, 'nepali', '', '', ''),
(523, 102, 'nepali', '', '', ''),
(524, 103, 'nepali', 'hindi', 'bhojpuri', ''),
(525, 104, 'nepali', '', '', ''),
(526, 105, 'nepali', 'bhojpuri', 'hindi', ''),
(527, 106, 'nepali', '', '', ''),
(528, 107, 'nepali', '', '', ''),
(529, 108, 'nepali', 'hindi', '', ''),
(530, 109, 'nepali', '', '', ''),
(531, 110, 'nepali', '', '', ''),
(532, 111, 'nepali', 'hindi', '', ''),
(533, 112, 'nepali', 'english', 'hindi', ''),
(534, 113, 'nepali', 'hindi', 'english', 'bhojpuri'),
(535, 114, 'nepali', '', '', ''),
(536, 115, 'nepali', 'hindi', 'bhojpuri', 'english'),
(537, 116, 'nepali', 'hindi', 'english', 'bhojpuri'),
(538, 117, 'nepali', 'bhojpuri', 'english', 'hindi'),
(539, 118, 'nepali', 'hindi', 'bhojpuri', 'english'),
(540, 119, 'nepali', 'hindi', 'bhojpuri', ''),
(541, 120, 'nepali', 'bhojpuri', '', ''),
(542, 121, 'nepali', 'hindi', 'english', 'bhojpuri'),
(543, 122, 'nepali', 'hindi', 'bhojpuri', 'english'),
(544, 123, 'nepali', 'hindi', 'bhojpuri', 'english'),
(545, 124, 'nepali', 'hindi', 'bhojpuri', ''),
(546, 125, 'nepali', 'hindi', 'bhojpuri', 'english'),
(547, 126, 'nepali', 'hindi', 'bhojpuri', 'english'),
(548, 127, 'nepali', 'hindi', 'bhojpuri', 'english'),
(549, 128, 'nepali', 'hindi', 'bhojpuri', 'english'),
(550, 129, 'nepali', 'bhojpuri', 'hindi', ''),
(551, 130, 'nepali', 'hindi', 'bhojpuri', 'english'),
(552, 131, 'nepali', 'hindi', 'bhojpuri', 'english'),
(553, 132, 'nepali', 'hindi', 'bhojpuri', 'english'),
(554, 133, 'nepali', 'hindi', 'bhojpuri', 'english'),
(555, 134, 'nepali', 'hindi', 'bhojpuri', 'english'),
(556, 135, 'nepali', 'hindi', 'bhojpuri', ''),
(557, 136, 'nepali', 'hindi', '', ''),
(558, 137, 'nepali', '', '', ''),
(559, 138, 'nepali', '', '', ''),
(560, 139, 'nepali', '', '', ''),
(561, 140, 'nepali', 'hindi', '', ''),
(562, 141, 'nepali', '', '', ''),
(563, 142, 'BHOJPURI', 'nepali', 'english', 'hindi'),
(564, 143, 'BHOJPURI', 'hindi', 'nepali', ''),
(565, 144, 'hindi', 'nepali', '', ''),
(566, 145, 'BHOJPURI', 'nepali', 'hindi', 'english'),
(567, 146, 'BHOJPURI', 'nepali', 'hindi', 'english'),
(568, 147, 'BHOJPURI', 'nepali', 'hindi', ''),
(569, 148, 'BHOJPURI', 'nepali', 'hindi', 'english'),
(570, 149, 'BHOJPURI', 'hindi', 'nepali', ''),
(571, 150, 'BHOJPURI', 'hindi', 'nepali', ''),
(572, 151, 'BHOJPURI', 'nepali', 'hindi', ''),
(573, 152, 'BHOJPURI', 'hindi', 'nepali', ''),
(574, 153, 'nepali', '', '', ''),
(575, 154, 'nepali', 'hindi', '', ''),
(576, 155, 'nepali', '', '', ''),
(577, 156, 'nepali', 'hindi', '', ''),
(578, 157, 'nepali', '', '', ''),
(579, 158, 'BHOJPURI', '', '', ''),
(580, 159, 'nepali', 'hindi', 'bhojpuri', ''),
(581, 160, 'BHOJPURI', '', '', ''),
(582, 161, 'nepali', 'bhojpuri', 'hindi', ''),
(583, 162, 'BHOJPURI', '', '', ''),
(584, 163, 'nepali', 'bhojpuri', 'hindi', ''),
(585, 164, 'nepali', 'hindi', 'bhojpuri', ''),
(586, 165, 'BHOJPURI', '', '', ''),
(587, 166, 'nepali', 'hindi', 'bhojpuri', ''),
(588, 167, 'nepali', 'bhojpuri', 'hindi', ''),
(589, 168, 'nepali', 'bhojpuri', '', ''),
(590, 169, 'nepali', 'hindi', '', ''),
(591, 170, 'nepali', 'hindi', '', ''),
(592, 171, 'nepali', 'hindi', '', ''),
(593, 172, 'nepali', '', '', ''),
(594, 173, 'nepali', 'hindi', '', ''),
(595, 174, 'nepali', '', '', ''),
(596, 175, 'nepali', 'hindi', '', ''),
(597, 176, 'nepali', '', '', ''),
(598, 177, 'nepali', 'hindi', 'bhojpuri', ''),
(599, 178, 'BHOJPURI', 'hindi', '', ''),
(600, 179, 'nepali', 'hindi', 'bhojpuri', ''),
(602, 181, 'nepali', '', '', ''),
(603, 182, 'nepali', 'hindi', '', ''),
(604, 183, 'nepali', '', '', ''),
(605, 184, 'Bhojpuri', 'nepali', 'hindi', ''),
(607, 186, 'nepali', '', '', ''),
(608, 187, 'Bhojpuri', 'nepali', 'hindi', ''),
(609, 188, 'Bhojpuri', 'nepali', 'hindi', ''),
(610, 189, 'nepali', 'hindi', 'english', ''),
(611, 190, 'nepali', 'hindi', '', ''),
(612, 191, 'nepali', 'english', '', ''),
(613, 192, 'nepali', 'hindi', '', ''),
(614, 193, 'nepali', 'hindi', '', ''),
(615, 194, 'nepali', '', '', ''),
(616, 195, 'nepali', 'hindi', '', ''),
(617, 196, 'nepali', 'hindi', '', ''),
(618, 197, 'nepali', '', '', ''),
(619, 198, 'nepali', 'hindi', '', ''),
(620, 199, 'nepali', 'english', '', ''),
(621, 200, 'nepali', 'hindi', 'english', ''),
(622, 201, 'nepali', '', '', ''),
(623, 202, 'nepali', 'hindi', '', ''),
(624, 203, 'nepali', 'hindi', '', ''),
(625, 204, 'nepali', 'hindi', '', ''),
(626, 205, 'nepali', '', '', ''),
(627, 206, 'nepali', 'hindi', '', ''),
(628, 207, 'nepali', 'hindi', '', ''),
(629, 208, 'nepali', 'hindi', '', ''),
(630, 209, 'nepali', '', '', ''),
(631, 210, 'nepali', '', '', ''),
(632, 211, 'nepali', '', '', ''),
(633, 212, 'nepali', 'hindi', '', ''),
(634, 213, 'nepali', '', '', ''),
(635, 214, 'nepali', '', '', ''),
(636, 215, 'nepali', 'hindi', '', ''),
(637, 216, 'nepali', 'hindi', '', ''),
(638, 217, 'nepali', '', '', ''),
(639, 218, 'nepali', 'hindi', '', ''),
(640, 219, 'nepali', 'hindi', '', ''),
(641, 220, 'nepali', 'hindi', 'english', 'bhojpuri'),
(642, 221, 'nepali', 'hindi', '', ''),
(643, 222, 'nepali', 'hindi', '', ''),
(644, 223, 'nepali', 'hindi', '', ''),
(645, 224, 'nepali', 'hindi', '', ''),
(646, 225, 'nepali', 'hindi', 'english', 'bhojpuri'),
(647, 226, 'nepali', 'hindi', '', ''),
(648, 227, 'nepali', '', '', ''),
(649, 228, 'nepali', '', '', ''),
(650, 229, 'nepali', 'hindi', 'english', ''),
(651, 230, 'nepali', 'hindi', 'english', ''),
(652, 231, 'nepali', '', '', ''),
(653, 232, 'nepali', 'hindi', '', ''),
(654, 233, 'nepali', '', '', ''),
(655, 234, 'nepali', 'hindi', '', ''),
(656, 235, 'nepali', 'hindi', '', ''),
(657, 236, 'nepali', '', '', ''),
(658, 237, 'nepali', '', '', ''),
(659, 238, 'nepali', 'hindi', '', ''),
(660, 239, 'nepali', 'hindi', '', ''),
(661, 240, 'nepali', 'hindi', '', ''),
(662, 241, 'nepali', 'hindi', 'english', ''),
(663, 242, 'nepali', 'hindi', '', ''),
(664, 243, 'nepali', 'hindi', '', ''),
(665, 244, 'nepali', 'hindi', '', ''),
(666, 245, 'nepali', 'hindi', 'english', ''),
(667, 246, 'nepali', 'hindi', 'english', ''),
(668, 247, 'nepali', 'hindi', '', ''),
(669, 248, 'nepali', 'hindi', '', ''),
(670, 249, 'nepali', 'hindi', '', ''),
(671, 250, 'nepali', 'hindi', 'english', ''),
(672, 251, 'nepali', 'hindi', '', ''),
(673, 252, 'nepali', 'hindi', 'english', ''),
(674, 253, 'nepali', '', '', ''),
(675, 254, 'nepali', '', '', ''),
(676, 255, 'nepali', '', '', ''),
(677, 256, 'nepali', 'hindi', 'english', ''),
(678, 257, 'nepali', '', '', ''),
(679, 258, 'nepali', 'hindi', '', ''),
(680, 259, 'nepali', '', '', ''),
(681, 260, 'nepali', 'hindi', 'english', ''),
(682, 261, 'nepali', 'hindi', 'english', ''),
(683, 262, 'nepali', '', '', ''),
(684, 263, 'nepali', '', '', ''),
(685, 264, 'nepali', '', '', ''),
(686, 265, 'nepali', '', '', ''),
(687, 266, 'nepali', 'hindi', '', ''),
(688, 267, 'nepali', '', '', ''),
(689, 268, 'nepali', 'hindi', '', ''),
(690, 269, 'nepali', 'hindi', '', ''),
(691, 270, 'nepali', '', '', ''),
(692, 271, 'nepali', '', '', ''),
(693, 272, 'nepali', '', '', ''),
(694, 273, 'nepali', '', '', ''),
(695, 274, 'nepali', '', '', ''),
(696, 275, 'nepali', 'hindi', '', ''),
(697, 276, 'nepali', '', '', ''),
(698, 277, 'nepali', 'hindi', '', ''),
(699, 278, 'nepali', 'hindi', '', ''),
(700, 279, 'nepali', '', '', ''),
(701, 280, 'nepali', 'hindi', '', ''),
(702, 281, 'nepali', '', '', ''),
(703, 282, 'nepali', '', '', ''),
(704, 283, 'nepali', '', '', ''),
(705, 284, 'nepali', '', '', ''),
(706, 285, 'nepali', '', '', ''),
(707, 286, 'nepali', '', '', ''),
(708, 287, 'nepali', '', '', ''),
(709, 288, 'nepali', '', '', ''),
(710, 289, 'nepali', '', '', ''),
(711, 290, 'nepali', '', '', ''),
(712, 291, 'nepali', '', '', ''),
(713, 292, 'nepali', '', '', ''),
(714, 293, 'nepali', '', '', ''),
(715, 294, 'nepali', 'hindi', '', ''),
(716, 295, 'nepali', '', '', ''),
(717, 296, 'nepali', '', '', ''),
(718, 297, 'nepali', '', '', ''),
(719, 298, 'nepali', '', '', ''),
(720, 299, 'nepali', '', '', ''),
(721, 300, 'nepali', 'hindi', '', ''),
(722, 301, 'nepali', '', '', ''),
(723, 302, 'nepali', 'hindi', 'Gurung', 'english'),
(724, 303, 'nepali', 'hindi', '', ''),
(725, 304, 'nepali', 'hindi', '', ''),
(726, 305, 'nepali', '', '', ''),
(727, 306, 'nepali', 'hindi', '', ''),
(728, 307, 'nepali', 'hindi', '', ''),
(729, 308, 'nepali', 'hindi', '', ''),
(730, 309, 'nepali', 'hindi', '', ''),
(731, 310, 'nepali', '', '', ''),
(732, 311, 'nepali', 'hindi', '', ''),
(733, 312, 'nepali', '', '', ''),
(734, 313, 'nepali', '', '', ''),
(735, 314, 'nepali', '', '', ''),
(736, 315, 'nepali', '', '', ''),
(737, 316, 'nepali', 'hindi', '', ''),
(738, 317, 'nepali', 'hindi', '', ''),
(739, 318, 'nepali', 'hindi', '', ''),
(740, 319, 'nepali', 'hindi', '', ''),
(741, 320, 'nepali', 'hindi', '', ''),
(742, 321, 'nepali', 'hindi', '', ''),
(743, 322, 'nepali', 'hindi', '', ''),
(744, 323, 'nepali', '', '', ''),
(745, 324, 'nepali', 'hindi', '', ''),
(746, 325, 'nepali', 'hindi', '', ''),
(747, 326, 'nepali', 'hindi', 'tharu', ''),
(748, 327, 'nepali', 'hindi', '', ''),
(749, 328, 'nepali', 'hindi', '', ''),
(750, 329, 'nepali', 'hindi', '', ''),
(751, 330, 'nepali', 'hindi', '', ''),
(752, 331, 'nepali', 'hindi', '', ''),
(753, 332, 'nepali', 'hindi', '', ''),
(754, 333, 'nepali', 'english', 'hindi', ''),
(755, 334, 'nepali', 'newari', 'hindi', 'english'),
(756, 335, 'nepali', '', '', ''),
(757, 336, 'nepali', 'hindi', 'english', 'Maithali'),
(758, 337, 'nepali', '', '', ''),
(759, 338, 'nepali', '', '', ''),
(760, 339, 'nepali', 'hindi', '', ''),
(761, 340, 'nepali', '', '', ''),
(762, 341, 'nepali', 'hindi', '', ''),
(763, 342, 'nepali', 'hindi', '', ''),
(764, 343, 'nepali', 'newari', '', ''),
(765, 344, 'nepali', 'hindi', '', ''),
(766, 345, 'NEPALI', 'English', 'Japanese', 'Hindi'),
(767, 346, 'nepali', 'english', 'bhojpuri', 'hindi'),
(768, 347, 'NEPALI', '', '', ''),
(769, 348, 'NEPALI', '', '', ''),
(770, 349, 'NEPALI', '', '', ''),
(771, 350, 'NEPALI', 'HINDI', '', ''),
(772, 351, 'NEPALI', 'Newari', '', ''),
(773, 352, 'NEPALI', 'English', 'hindi', ''),
(774, 353, 'Bhojpuri', '', '', ''),
(775, 354, 'Bhojpuri', '', '', ''),
(776, 355, 'NEPALI', 'HINDI', 'BHOJPURI', 'ENGLISH');

CREATE TABLE `languages_spoken_in_nepal` (
  `COL 1` varchar(20) DEFAULT NULL
);

INSERT INTO `languages_spoken_in_nepal` (`COL 1`) VALUES
('Nepali'),
('Maithili'),
('Bhojpuri'),
('Tharu'),
('Tamang'),
('Nepal Bhasa (Newar)'),
('Bajjika'),
('Magar'),
('Dotyali/Doteli'),
('Urdu'),
('Awadhi'),
('Limbu'),
('Gurung'),
('Baitadeli'),
('Rai (Kiranti)'),
('Aachami'),
('Bantawa (Rai)'),
('Rajbanshi'),
('Sherpa'),
('Hindi'),
('Chamling (Rai)'),
('Bajhangi'),
('Santhali'),
('Chepang'),
('Danuwar'),
('Sunuwar'),
('Magahi'),
('Uranw/Kurux'),
('Kulung (Rai)'),
('Kham (Magar)'),
('Rajasthani'),
('Majhi'),
('Thami'),
('Bhujel'),
('Bengali'),
('Thulung (Rai)'),
('Yakkha'),
('Dhimal'),
('Tajpuriya'),
('Angika'),
('Sampang (Rai)'),
('Khaling (Rai)'),
('Wambule (Rai)'),
('Kumal'),
('Darai'),
('Bahing (Rai)'),
('Bajureli'),
('Hyolmo'),
('Nachiring (Rai)'),
('Yamphu (Rai)'),
('Bote'),
('Ghale'),
('Dumi (Rai)'),
('Lepcha'),
('Puma (Rai)'),
('Dungmali (Rai)'),
('Darchuleli'),
('Aathpariya (Rai)'),
('Thakali'),
('Jirel'),
('Mewahang (Rai)'),
('Sign Language'),
('Tibetan'),
('Meche'),
('Chhantyal'),
('Raji'),
('Lohorung (Rai)'),
('Chhintang (Rai)'),
('Gangai'),
('Pahari'),
('Dailekhi'),
('Lhopa'),
('Dura'),
('Koch'),
('Chiling (Rai)'),
('English'),
('Jerung (Rai)'),
('Khas'),
('Sanskrit'),
('Dolpali'),
('Hayu'),
('Tilung (Rai)'),
('Koi (Rai)'),
('Kisan'),
('Waling (Rai)'),
('Musalban'),
('Hariyani/Haryanvi'),
('Jumli'),
('Lhomi'),
('Punjabi'),
('Belhare (Rai)'),
('Odia'),
('Sonaha'),
('Sindhi'),
('Dadeldhuri'),
('Byangshi'),
('Assamese'),
('Raute'),
('Saam (Rai)'),
('Manange'),
('Dhuleli'),
('Phangduali (Rai)'),
('Surel'),
('Malpande'),
('Chinese'),
('Khariya'),
('Kurmali'),
('Baram'),
('Lingkhim (Rai)'),
('Sadhani'),
('Kagate'),
('Dzongkha'),
('Bankariya'),
('Kaike'),
('Garhwali (Gadhawali)'),
('French'),
('Mizo'),
('Kuki'),
('Kusunda'),
('Russian'),
('Spanish'),
('Nagamese'),
('Arabic'),
('Rana Tharu'),
('Nar Phu'),
('Chum (Syaar)'),
('Nubri (Larke)'),
('Poike'),
('Serake (Seke)');


CREATE TABLE `login_det` (
  `id` bigint NOT NULL,
  `username` varchar(255) NOT NULL,
  `user_email` varchar(255) NOT NULL,
  `user_mobile_no` varchar(255) NOT NULL,
  `password` varchar(255) NOT NULL,
  `active_status` tinyint NOT NULL DEFAULT '0',
  `verified` bigint NOT NULL DEFAULT '0'
);

INSERT INTO `login_det` (`id`, `username`, `user_email`, `user_mobile_no`, `password`, `active_status`, `verified`) VALUES
(51, 'oms', 'dos1@gmail.com', '9856231452', 'd2b11ddef74564e83909c1436ca41205', 1, 1),
(60, 'DOS', 'dos.agps@gmail.com', '9851131519', 'e9a328c6151a131b6750c0814b88ef9f', 1, 1),
(66, 'wmltudab', 'wmltu2oo@catcasinostyle.ru', '82872247596', '28c895fd8bf50b5a0d09a1d15c8f0a82', 1, 1),
(67, 'Michaelamist', 'nickbergeer@hotmail.com', '83977724683', 'c0e5be22d320423128e923da1f841b81', 0, 0),
(68, 'PinUz241dab', 'wpinuo2o@catcasinostyle.ru', '82684634983', '28c895fd8bf50b5a0d09a1d15c8f0a82', 0, 0),
(69, 'medikadab', 'medikaMa@1winstyle.ru', '87339296236', '35464281c72912737de49d45745b27bc', 0, 0);


CREATE TABLE `notification` (
  `id` bigint NOT NULL,
  `notification_rTitle` varchar(200) NOT NULL,
  `notification_rDescription` varchar(200) NOT NULL,
  `pdf_rName` varchar(255) NOT NULL,
  `active_status` tinyint(1) DEFAULT '1'
);

INSERT INTO `notification` (`id`, `notification_rTitle`, `notification_rDescription`, `pdf_rName`, `active_status`) VALUES
(1, 'only for testing ', 'This message only for testing purpose !!!', 'Entry Report.pdf', 1),
(2, 'This message only for testing purpose !!!', 'This message only for testing purpose !!!', '', 0),
(3, 'welcome program notice', 'Welcome to our department of sewa to join us!', 'My Resume.pdf', 1),
(4, 'fdsfs', 'fdsf', '', 0),
(5, 'Testing notification ', 'testing for pdf  is saved or not ', '', 0),
(6, 'fsdf', 'fdsaf', '', 0);



CREATE TABLE `otp` (
  `id` bigint NOT NULL,
  `tokenNumber` varchar(255) NOT NULL,
  `fromSender` varchar(255) NOT NULL,
  `api` varchar(255) NOT NULL
);

INSERT INTO `otp` (`id`, `tokenNumber`, `fromSender`, `api`) VALUES
(1, 'XETThgfPLuJs3jwkuQrdtt', 'infoSMS', 'http://api.sparrowsms.com/v2/sms/');


CREATE TABLE `permanentaddress` (
  `id` bigint NOT NULL,
  `intro_id` bigint DEFAULT NULL,
  `rWard` varchar(200) NOT NULL,
  `rMunici` varchar(200) NOT NULL,
  `rProvince` varchar(200) NOT NULL,
  `rDistrict` varchar(255) NOT NULL,
  `rTelephoneNo` varchar(200) NOT NULL,
  `rMobileNo` varchar(200) NOT NULL,
  `rEmail` varchar(200) NOT NULL
);

INSERT INTO `permanentaddress` (`id`, `intro_id`, `rWard`, `rMunici`, `rProvince`, `rDistrict`, `rTelephoneNo`, `rMobileNo`, `rEmail`) VALUES
(318, 1, '4         ', 'HARIPURWA MUNICIPALITY', 'Madhesh', 'SARLAHI', '464-48645', '98562232328', 'bikeshgupta1@gmail.com'),
(319, 2, '4', 'SIDDHALEK RURAL MUNICIPALITY', 'Bagmati', 'DHADING', '456456', '98562232324', 'arjunkumargupta01@gmail.com'),
(320, 3, '4                       ', 'THASANG RURAL MUNICIPALITY', 'Gandaki', 'MUSTANG', '464-48644', '98652314', 'sunamkc77@gmail.com'),
(321, 4, '12   ', 'BHARATPUR METROPOLITIAN CITY', 'Bagmati', 'CHITAWAN', '', '9845166640', 'tiwarihari443@gmail.com'),
(323, 5, '4       ', 'SAMSI RURAL MUNICIPALITY', 'Madhesh', 'MAHOTTARI', '', '9865527793', 'ranjitsir2341@gmail.com'),
(324, 6, '4  ', 'SHANKHARAPUR MUNICIPALITY', 'Bagmati', 'KATHMANDU', '54353', '9851131519', 'department1@gmail.com'),
(325, 7, '12  ', 'RATNANAGAR MUNICIPALITY', 'Bagmati', 'CHITAWAN', '', '9845693014', ''),
(326, 8, '15', 'RATNANAGAR MUNICIPALITY', 'Bagmati', 'CHITAWAN', '', '9863931700', 'anubhujel58@gmail.com'),
(327, 9, '5                ', 'MADHYAPUR THIMI MUNICIPALITY', 'Bagmati', 'BHAKTAPUR', '', '9865527793', 'guptabikesh24332@gmail.com'),
(328, 10, '', 'PANAUTI MUNICIPALITY', 'Bagmati', 'KAVREPALANCHOK', '', '9865527793', ''),
(329, 11, '', '', '', '', '', '', ''),
(330, 12, '', '', '', '', '', '', ''),
(331, 13, '', '', '', '', '', '', ''),
(332, 14, '5', 'PHETA RURAL MUNICIPALITY', 'Madhesh', 'BARA', '', '9865527793', ''),
(333, 15, '5', 'PHETA RURAL MUNICIPALITY', 'Madhesh', 'BARA', '', '9865527793', ''),
(334, 16, '5', 'MADI MUNICIPALITY', 'Bagmati', 'CHITAWAN', '', '9856231478', ''),
(335, 17, '5', 'MADHUWAN MUNICIPALITY', 'Lumbini', 'BARDIYA', '', '9865527793', ''),
(336, 18, '5', 'TALKOT RURAL MUNICIPALITY', 'Sudurpaschim', 'BAJHANG', '', '9865527797', ''),
(337, 19, '4', 'KHAIRAHANI MUNICIPALITY', 'Bagmati', 'CHITAWAN', '', '9860019579', ''),
(338, 20, '4', 'RAPTI MUNICIPALITY', 'Bagmati', 'CHITAWAN', '9824292260', '9845939392', 'shikshaupreti8@gmail.com'),
(339, 21, '16', 'RATNANAGAR MUNICIPALITY', 'Bagmati', 'CHITAWAN', '9811298379', '9860325917', 'tsunita753@gmail.com'),
(340, 22, '5 ', 'PANAUTI MUNICIPALITY', 'Bagmati', 'KAVREPALANCHOK', '', '4512789645', ''),
(341, 23, '3', 'KAWASOTI MUNICIPALITY', 'Gandaki', 'NAWALPARASI EAST', '', '984300544', ''),
(342, 24, '3', 'KAWASOTI MUNICIPALITY', 'Gandaki', 'NAWALPARASI EAST', '', '984300544', ''),
(343, 25, '8', 'KAWASOTI MUNICIPALITY', 'Gandaki', 'NAWALPARASI EAST', '', '9846415023', ''),
(344, 26, '8', 'KAWASOTI MUNICIPALITY', 'Gandaki', 'NAWALPARASI EAST', '', '9867927370', ''),
(345, 27, '13', 'RATNANAGAR MUNICIPALITY', 'Bagmati', 'CHITAWAN', '', '9845711814', ''),
(346, 28, '13', 'RATNANAGAR MUNICIPALITY', 'Bagmati', 'CHITAWAN', '', '9845661771', ''),
(347, 29, '2', 'RATNANAGAR MUNICIPALITY', 'Bagmati', 'CHITAWAN', '', '9845146255', ''),
(348, 30, '3', 'BHARATPUR METROPOLITIAN CITY', 'Bagmati', 'CHITAWAN', '', '9865209443', ''),
(349, 31, '3', 'BHARATPUR METROPOLITIAN CITY', 'Bagmati', 'CHITAWAN', '', '9865209443', ''),
(350, 32, '19', 'BHARATPUR METROPOLITIAN CITY', 'Bagmati', 'CHITAWAN', '', '9821802770', ''),
(351, 33, '19', 'BHARATPUR METROPOLITIAN CITY', 'Bagmati', 'CHITAWAN', '', '9803036474', ''),
(352, 34, '19', 'BHARATPUR METROPOLITIAN CITY', 'Bagmati', 'CHITAWAN', '', '9803036474', ''),
(353, 35, '19', 'BHARATPUR METROPOLITIAN CITY', 'Bagmati', 'CHITAWAN', '', '9803036474', ''),
(354, 36, '19', 'BHARATPUR METROPOLITIAN CITY', 'Bagmati', 'CHITAWAN', '', '9803036474', ''),
(355, 37, '19', 'BHARATPUR METROPOLITIAN CITY', 'Bagmati', 'CHITAWAN', '', '9811232738', ''),
(356, 38, '19', 'BHARATPUR METROPOLITIAN CITY', 'Bagmati', 'CHITAWAN', '', '98', ''),
(357, 39, '19', 'BHARATPUR METROPOLITIAN CITY', 'Bagmati', 'CHITAWAN', '', '9815206281', ''),
(358, 40, '19', 'BHARATPUR METROPOLITIAN CITY', 'Bagmati', 'CHITAWAN', '', '9860943086', ''),
(359, 41, '19', 'BHARATPUR METROPOLITIAN CITY', 'Bagmati', 'CHITAWAN', '', '9860943086', ''),
(360, 42, '19', 'BHARATPUR METROPOLITIAN CITY', 'Bagmati', 'CHITAWAN', '', '9845925175', ''),
(361, 43, '19', 'BHARATPUR METROPOLITIAN CITY', 'Bagmati', 'CHITAWAN', '', '9817273424', ''),
(362, 44, '19', 'BHARATPUR METROPOLITIAN CITY', 'Bagmati', 'CHITAWAN', '', '9804249008', ''),
(363, 45, '20', 'BHARATPUR METROPOLITIAN CITY', 'Bagmati', 'CHITAWAN', '', '9811187111', ''),
(364, 46, '19', 'BHARATPUR METROPOLITIAN CITY', 'Bagmati', 'CHITAWAN', '', '9813994006', ''),
(365, 47, '17', 'BHARATPUR METROPOLITIAN CITY', 'Bagmati', 'CHITAWAN', '', '9823422572', ''),
(366, 48, '19', 'BHARATPUR METROPOLITIAN CITY', 'Bagmati', 'CHITAWAN', '', '9809145159', ''),
(367, 49, '19', 'BHARATPUR METROPOLITIAN CITY', 'Bagmati', 'CHITAWAN', '', '9845045894', ''),
(368, 50, '19', 'BHARATPUR METROPOLITIAN CITY', 'Bagmati', 'CHITAWAN', '', '9845045437', ''),
(369, 51, '19', 'BHARATPUR METROPOLITIAN CITY', 'Bagmati', 'CHITAWAN', '', '9845045437', ''),
(370, 52, '19', 'BHARATPUR METROPOLITIAN CITY', 'Bagmati', 'CHITAWAN', '', '9845045437', ''),
(371, 53, '19', 'BHARATPUR METROPOLITIAN CITY', 'Bagmati', 'CHITAWAN', '', '9845045437', ''),
(372, 54, '19', 'BHARATPUR METROPOLITIAN CITY', 'Bagmati', 'CHITAWAN', '', '9845561928', ''),
(373, 55, '19', 'BHARATPUR METROPOLITIAN CITY', 'Bagmati', 'CHITAWAN', '', '9811926322', ''),
(374, 56, '19', 'BHARATPUR METROPOLITIAN CITY', 'Bagmati', 'CHITAWAN', '', '9845176701', ''),
(496, 57, '19', 'BHARATPUR METROPOLITIAN CITY', 'Bagmati', 'CHITWAN', '', '9806675733', ''),
(497, 58, '19', 'BHARATPUR METROPOLITIAN CITY', 'Bagmati', 'CHITWAN', '', '9845073618', ''),
(498, 59, '19', 'BHARATPUR METROPOLITIAN CITY', 'Bagmati', 'CHITWAN', '', '9842605955', ''),
(499, 60, '19', 'BHARATPUR METROPOLITIAN CITY', 'Bagmati', 'CHITWAN', '', '9845049617', ''),
(500, 61, '19', 'BHARATPUR METROPOLITIAN CITY', 'Bagmati', 'CHITWAN', '', '9845083339', ''),
(501, 62, '19', 'BHARATPUR METROPOLITIAN CITY', 'Bagmati', 'CHITWAN', '', '9865424475', ''),
(502, 63, '19', 'BHARATPUR METROPOLITIAN CITY', 'Bagmati', 'CHITWAN', '', '9818823337', ''),
(503, 64, '19', 'BHARATPUR METROPOLITIAN CITY', 'Bagmati', 'CHITWAN', '', '9845102595', ''),
(504, 65, '19', 'BHARATPUR METROPOLITIAN CITY', 'Bagmati', 'CHITWAN', '', '9862784596', 'bidhyagurung19@gmail.com'),
(505, 66, '19', 'BHARATPUR METROPOLITIAN CITY', 'Bagmati', 'CHITWAN', '', '9845175974', ''),
(506, 67, '17', 'BHARATPUR METROPOLITIAN CITY', 'Bagmati', 'CHITWAN', '', '0000000000', ''),
(507, 68, '6', 'KALIKA MUNICIPALITY', 'Bagmati', 'CHITWAN', '', '9845053338', ''),
(508, 69, '08', 'KHAIRAHANI MUNICIPALITY', 'Bagmati', 'CHITWAN', '', '9869776588', ''),
(509, 70, '14', 'RATNANAGAR MUNICIPALITY', 'Bagmati', 'CHITWAN', '', '9845049605', ''),
(510, 71, '4', 'KHAIRAHANI MUNICIPALITY', 'Bagmati', 'CHITWAN', '', '9860304995', ''),
(511, 72, '4', 'KHAIRAHANI MUNICIPALITY', 'Bagmati', 'CHITWAN', '', '9865094333', ''),
(512, 73, '4', 'RATNANAGAR MUNICIPALITY', 'Bagmati', 'CHITWAN', '', '9864280173', ''),
(513, 74, '4', 'KHAIRAHANI MUNICIPALITY', 'Bagmati', 'CHITWAN', '', '9862093225', ''),
(514, 75, '4', 'KHAIRAHANI MUNICIPALITY', 'Bagmati', 'CHITWAN', '', '00', ''),
(515, 76, '4', 'KHAIRAHANI MUNICIPALITY', 'Bagmati', 'CHITWAN', '', '9845976554', ''),
(516, 77, '4', 'KHAIRAHANI MUNICIPALITY', 'Bagmati', 'CHITWAN', '', '9845160364', ''),
(517, 78, '25', 'BIRGUNJ METROPOLITIAN CITY', 'Madhesh', 'PARSA', '', '9815210486', ''),
(518, 79, '4', 'KHAIRAHANI MUNICIPALITY', 'Bagmati', 'CHITWAN', '', '9845509000', ''),
(519, 80, '25       ', 'BIRGUNJ METROPOLITIAN CITY', 'Madhesh', 'PARSA', '', '9814275749', ''),
(520, 81, '03', 'BIRGUNJ METROPOLITIAN CITY', 'Madhesh', 'PARSA', '', '9811841939', ''),
(521, 82, '02', 'BIRGUNJ METROPOLITIAN CITY', 'Madhesh', 'PARSA', '', '9827208180', ''),
(522, 83, '15', 'BIRGUNJ METROPOLITIAN CITY', 'Madhesh', 'PARSA', '', '9807271769', ''),
(523, 84, '4', 'KALAIYA SUB-METROPOLITIAN CITY', 'Madhesh', 'BARA', '', '9845667895', ''),
(524, 85, '5', 'BISHRAMPUR RURAL MUNICIPALITY', 'Madhesh', 'BARA', '', '9819223575', ''),
(525, 86, '5', 'JITPUR SIMARA SUB-METROPOLITIAN CITY', 'Madhesh', 'BARA', '', '9811160949', ''),
(526, 87, '18', 'KALAIYA SUB-METROPOLITIAN CITY', 'Madhesh', 'BARA', '', '9804229761', ''),
(527, 88, '6', 'BIRGUNJ METROPOLITIAN CITY', 'Madhesh', 'PARSA', '', '9855024540', ''),
(528, 89, '6', 'JAGARNATHPUR RURAL MUNICIPALITY', 'Madhesh', 'PARSA', '', '9811237815', ''),
(529, 90, '02', 'SAKHUWAPRASAUNI RURAL MUNICIPALITY', 'Madhesh', 'PARSA', '', '9807261879', ''),
(530, 91, '2', 'KHAIRAHANI MUNICIPALITY', 'Bagmati', 'CHITWAN', '', '9816213792', ''),
(531, 92, '6', 'JAGARNATHPUR RURAL MUNICIPALITY', 'Madhesh', 'PARSA', '', '9845788941', ''),
(532, 93, '4', 'KHAIRAHANI MUNICIPALITY', 'Bagmati', 'CHITWAN', '', '0', ''),
(533, 94, '13', 'BIRGUNJ METROPOLITIAN CITY', 'Madhesh', 'PARSA', '', '9806840925', ''),
(534, 95, '11', 'BIRGUNJ METROPOLITIAN CITY', 'Madhesh', 'PARSA', '', '9745007434', ''),
(535, 96, '26', 'BIRGUNJ METROPOLITIAN CITY', 'Madhesh', 'PARSA', '', '9845192145', ''),
(536, 97, '2', 'BIRGUNJ METROPOLITIAN CITY', 'Madhesh', 'PARSA', '', '9809138499', ''),
(537, 98, '31', 'BIRGUNJ METROPOLITIAN CITY', 'Madhesh', 'PARSA', '', '9845257155', ''),
(538, 99, '31', 'BIRGUNJ METROPOLITIAN CITY', 'Madhesh', 'PARSA', '', '9860226814', 'ghanshyamcd@gmail.com'),
(539, 100, '8', 'PRASAUNI RURAL MUNICIPALITY', 'Madhesh', 'BARA', '', '9845259029', 'dev984529029@gmail.com'),
(540, 101, '8', 'KHAIRAHANI MUNICIPALITY', 'Bagmati', 'CHITWAN', '', '9842396068', ''),
(541, 102, '8', 'KHAIRAHANI MUNICIPALITY', 'Bagmati', 'CHITWAN', '', '984511320', ''),
(542, 103, '15', 'BIRGUNJ METROPOLITIAN CITY', 'Madhesh', 'PARSA', '', '9845424802', ''),
(543, 104, '4', 'KHAIRAHANI MUNICIPALITY', 'Bagmati', 'CHITWAN', '', '9865178444', ''),
(544, 105, '2', 'BINDABASINI RURAL MUNICIPALITY', 'Madhesh', 'PARSA', '', '9807252058', ''),
(545, 106, '8', 'KHAIRAHANI MUNICIPALITY', 'Bagmati', 'CHITWAN', '056-582265', '9845182483', ''),
(546, 107, '11', 'KHAIRAHANI MUNICIPALITY', 'Bagmati', 'CHITWAN', '', '9845347271', ''),
(547, 108, '4', 'RAPTI MUNICIPALITY', 'Bagmati', 'CHITWAN', '', '9845246489', ''),
(548, 109, '8', 'KHAIRAHANI MUNICIPALITY', 'Bagmati', 'CHITWAN', '', '9845110328', ''),
(549, 110, '8', 'KHAIRAHANI MUNICIPALITY', 'Bagmati', 'CHITWAN', '', '9845082528', ''),
(550, 111, '4', 'RAPTI MUNICIPALITY', 'Bagmati', 'CHITWAN', '', '9849818080', ''),
(551, 112, '3    ', 'URALABARI MUNICIPALITY', 'Province 1', 'MORANG', '9819363040', '9819363040', 'happyraj1024@gmail.com'),
(552, 113, '7', 'BIRGUNJ METROPOLITIAN CITY', 'Madhesh', 'PARSA', '', '98111840263', ''),
(553, 114, '13', 'BIRGUNJ METROPOLITIAN CITY', 'Madhesh', 'PARSA', '', '9865360662', ''),
(554, 115, '2', 'KALIKAMAI RURAL MUNICIPALITY', 'Madhesh', 'PARSA', '', '9807233544', ''),
(555, 116, '11', 'BIRGUNJ METROPOLITIAN CITY', 'Madhesh', 'PARSA', '', '9812212400', ''),
(556, 117, '25', 'BIRGUNJ METROPOLITIAN CITY', 'Madhesh', 'PARSA', '', '9815269699', 'prajapatidipesh368@gmail.com'),
(557, 118, '2', 'BIRGUNJ METROPOLITIAN CITY', 'Madhesh', 'PARSA', '', '9845552715', ''),
(558, 119, '7', 'BIRGUNJ METROPOLITIAN CITY', 'Madhesh', 'PARSA', '', '9804267994', ''),
(559, 120, '14', 'BIRGUNJ METROPOLITIAN CITY', 'Madhesh', 'PARSA', '', '9806839857', ''),
(560, 121, '5', 'PARWANIPUR RURAL MUNICIPALITY', 'Madhesh', 'BARA', '', '9807137820', ''),
(561, 122, '13', 'BIRGUNJ METROPOLITIAN CITY', 'Madhesh', 'PARSA', '', '9811219383', 'harisah4@gmail.com'),
(562, 123, '28', 'BIRGUNJ METROPOLITIAN CITY', 'Madhesh', 'PARSA', '051527857', '9816250145', 'prabhishekap@gmail.com'),
(563, 124, '28', 'BIRGUNJ METROPOLITIAN CITY', 'Madhesh', 'PARSA', '', '9806829429', ''),
(564, 125, '11', 'BIRGUNJ METROPOLITIAN CITY', 'Madhesh', 'PARSA', '', '9845057889', ''),
(565, 126, '6', 'JAGARNATHPUR RURAL MUNICIPALITY', 'Madhesh', 'PARSA', '', '9811271871', 'prajapatisubash982@gmail.com'),
(566, 127, '14', 'BIRGUNJ METROPOLITIAN CITY', 'Madhesh', 'PARSA', '', '9809201811', ''),
(567, 128, '3', 'PATERWASUGAULI RURAL MUNICIPALITY', 'Madhesh', 'PARSA', '', '9821884200', ''),
(568, 129, '16', 'BIRGUNJ METROPOLITIAN CITY', 'Madhesh', 'PARSA', '', '9809290341', 'dk4867801@gmail.com'),
(569, 130, '25', 'BIRGUNJ METROPOLITIAN CITY', 'Madhesh', 'PARSA', '', '9816217195', 'shubprajati95@gmail.com'),
(570, 131, '1', 'PRASAUNI RURAL MUNICIPALITY', 'Madhesh', 'BARA', '', '9814276966', 'pujakumaripatel1991@gmail.com'),
(571, 132, '11', 'BIRGUNJ METROPOLITIAN CITY', 'Madhesh', 'PARSA', '', '9814214500', ''),
(572, 133, '11', 'BIRGUNJ METROPOLITIAN CITY', 'Madhesh', 'PARSA', '', '9811872556', 'baliramsarraf47@gmail.com'),
(573, 134, '11', 'BIRGUNJ METROPOLITIAN CITY', 'Madhesh', 'PARSA', '', '9817278282', ''),
(574, 135, '25', 'BIRGUNJ METROPOLITIAN CITY', 'Madhesh', 'PARSA', '', '0000000001', ''),
(575, 136, '4   ', 'RAPTI MUNICIPALITY', 'Bagmati', 'CHITWAN', '', '9845167395', ''),
(576, 137, '4', 'RAPTI MUNICIPALITY', 'Bagmati', 'CHITWAN', '', '9845065412', ''),
(577, 138, '6', 'RAPTI MUNICIPALITY', 'Bagmati', 'CHITWAN', '', '9845343250', ''),
(578, 139, '6', 'RAPTI MUNICIPALITY', 'Bagmati', 'CHITWAN', '', '9823555584', ''),
(579, 140, '6', 'RAPTI MUNICIPALITY', 'Bagmati', 'CHITWAN', '', '9845090871', ''),
(580, 141, '5', 'RAPTI MUNICIPALITY', 'Bagmati', 'CHITWAN', '', '9869246988', ''),
(581, 142, '13', 'BIRGUNJ METROPOLITIAN CITY', 'Madhesh', 'PARSA', '', '9801123668', ''),
(582, 143, '5', 'BIRGUNJ METROPOLITIAN CITY', 'Madhesh', 'PARSA', '', '9807176964', ''),
(583, 144, '11', 'BIRGUNJ METROPOLITIAN CITY', 'Madhesh', 'PARSA', '', '9821215631', ''),
(584, 145, '7', 'BIRGUNJ METROPOLITIAN CITY', 'Madhesh', 'PARSA', '', '9880706676', ''),
(585, 146, '2', 'BIRGUNJ METROPOLITIAN CITY', 'Madhesh', 'PARSA', '', '9819298366', ''),
(586, 147, '1', 'BAHUDARAMAI MUNICIPALITY', 'Madhesh', 'PARSA', '', '9845229151', ''),
(587, 148, '3', 'JIRABHAWANI RURAL MUNICIPALITY', 'Madhesh', 'PARSA', '', '9825223338', ''),
(588, 149, '10', 'BIRGUNJ METROPOLITIAN CITY', 'Madhesh', 'PARSA', '', '9845022663', ''),
(589, 150, '10', 'BIRGUNJ METROPOLITIAN CITY', 'Madhesh', 'PARSA', '', '9815299221', ''),
(590, 151, '4', 'KALIKAMAI RURAL MUNICIPALITY', 'Madhesh', 'PARSA', '', '9811875769', ''),
(591, 152, '4', 'KALIKAMAI RURAL MUNICIPALITY', 'Madhesh', 'PARSA', '', '9811188590', ''),
(592, 153, '6', 'RAPTI MUNICIPALITY', 'Bagmati', 'CHITWAN', '', '9845925131', ''),
(593, 154, '6', 'RAPTI MUNICIPALITY', 'Bagmati', 'CHITWAN', '', '9845592868', ''),
(594, 155, '6', 'RAPTI MUNICIPALITY', 'Bagmati', 'CHITWAN', '', '9817254713', ''),
(595, 156, '6', 'RAPTI MUNICIPALITY', 'Bagmati', 'CHITWAN', '', '9845142751', ''),
(596, 157, '6', 'RATNANAGAR MUNICIPALITY', 'Bagmati', 'CHITWAN', '056-550509', '9845003892', ''),
(597, 158, '1', 'JIRABHAWANI RURAL MUNICIPALITY', 'Madhesh', 'PARSA', '', '9845917450', ''),
(598, 159, '5', 'JIRABHAWANI RURAL MUNICIPALITY', 'Madhesh', 'PARSA', '', '9814226257', ''),
(599, 160, '4', 'BIRGUNJ METROPOLITIAN CITY', 'Madhesh', 'PARSA', '', '9804226484', ''),
(600, 161, '5', 'JIRABHAWANI RURAL MUNICIPALITY', 'Madhesh', 'PARSA', '', '9814270774', ''),
(601, 162, '3', 'BIRGUNJ METROPOLITIAN CITY', 'Madhesh', 'PARSA', '', '0000000002', ''),
(602, 163, '5', 'BIRGUNJ METROPOLITIAN CITY', 'Madhesh', 'PARSA', '', '9819241848', ''),
(603, 164, '5', 'JIRABHAWANI RURAL MUNICIPALITY', 'Madhesh', 'PARSA', '', '0000000004', ''),
(604, 165, '1', 'JIRABHAWANI RURAL MUNICIPALITY', 'Madhesh', 'PARSA', '', '9804226485', ''),
(605, 166, '5', 'JIRABHAWANI RURAL MUNICIPALITY', 'Madhesh', 'PARSA', '', '9811280309', ''),
(606, 167, '1', 'BIRGUNJ METROPOLITIAN CITY', 'Madhesh', 'PARSA', '', '9807224674', ''),
(607, 168, '2', 'BIRGUNJ METROPOLITIAN CITY', 'Madhesh', 'PARSA', '', '9811188268', ''),
(608, 169, '26', 'BIRGUNJ METROPOLITIAN CITY', 'Madhesh', 'PARSA', '', '9809237796', ''),
(609, 170, '6', 'RAPTI MUNICIPALITY', 'Bagmati', 'CHITWAN', '', '9865519874', ''),
(610, 171, '6', 'RAPTI MUNICIPALITY', 'Bagmati', 'CHITWAN', '', '9809298850', ''),
(611, 172, '6', 'RAPTI MUNICIPALITY', 'Bagmati', 'CHITWAN', '', '111', ''),
(612, 173, '2', 'RAPTI MUNICIPALITY', 'Bagmati', 'CHITWAN', '', '9863436796', ''),
(613, 174, '2', 'RAPTI MUNICIPALITY', 'Bagmati', 'CHITWAN', '', '9818340101', ''),
(614, 175, '2', 'RAPTI MUNICIPALITY', 'Bagmati', 'CHITWAN', '', '9845483999', ''),
(615, 176, '2', 'RAPTI MUNICIPALITY', 'Bagmati', 'CHITWAN', '', '9860288648', ''),
(616, 177, '4', 'MYAGDE RURAL MUNICIPALITY', 'Gandaki', 'TANAHU', '', '9819217846', ''),
(617, 178, '26', 'BIRGUNJ METROPOLITIAN CITY', 'Madhesh', 'PARSA', '', '9815237336', ''),
(618, 179, '26', 'BIRGUNJ METROPOLITIAN CITY', 'Madhesh', 'PARSA', '', '9811130884', ''),
(620, 181, '19', 'KHAIRAHANI MUNICIPALITY', 'Bagmati', 'CHITWAN', '', '9843540691', ''),
(621, 182, '2', 'RAPTI MUNICIPALITY', 'Bagmati', 'CHITWAN', '', '9845091989', ''),
(622, 183, '2', 'RAPTI MUNICIPALITY', 'Bagmati', 'CHITWAN', '', '0000', ''),
(623, 184, '26', 'SAKHUWAPRASAUNI RURAL MUNICIPALITY', 'Madhesh', 'PARSA', '', '9811885387', ''),
(625, 186, '2', 'RAPTI MUNICIPALITY', 'Bagmati', 'CHITWAN', '', '9845548473', ''),
(626, 187, '26', 'BIRGUNJ METROPOLITIAN CITY', 'Madhesh', 'PARSA', '', '11111111111', ''),
(627, 188, '26', 'BIRGUNJ METROPOLITIAN CITY', 'Madhesh', 'PARSA', '', '9812274311', ''),
(628, 189, '1', 'RAPTI MUNICIPALITY', 'Bagmati', 'CHITWAN', '', '9869752804', ''),
(629, 190, '2', 'RAPTI MUNICIPALITY', 'Bagmati', 'CHITWAN', '', '9855052229', ''),
(630, 191, '10', 'RAPTI MUNICIPALITY', 'Bagmati', 'CHITWAN', '', '9855066560', ''),
(631, 192, '6', 'RAPTI MUNICIPALITY', 'Bagmati', 'CHITWAN', '', '9845372104', ''),
(632, 193, '8', 'RAPTI MUNICIPALITY', 'Bagmati', 'CHITWAN', '', '9807806288', ''),
(633, 194, '6', 'KHAIRAHANI MUNICIPALITY', 'Bagmati', 'CHITWAN', '', '9845089316', ''),
(634, 195, '10', 'KHAIRAHANI MUNICIPALITY', 'Bagmati', 'CHITWAN', '', '9865009316', ''),
(635, 196, '10', 'KHAIRAHANI MUNICIPALITY', 'Bagmati', 'CHITWAN', '', '9821204588', ''),
(636, 197, '14', 'RATNANAGAR MUNICIPALITY', 'Bagmati', 'CHITWAN', '', '9845139733', ''),
(637, 198, '15', 'RATNANAGAR MUNICIPALITY', 'Bagmati', 'CHITWAN', '', '9845145390', ''),
(638, 199, '15', 'RATNANAGAR MUNICIPALITY', 'Bagmati', 'CHITWAN', '', '9849189990', 'benibhujel@gmail.com'),
(639, 200, '13', 'RATNANAGAR MUNICIPALITY', 'Bagmati', 'CHITWAN', '', '9865010905', 'bunubastola59@gmail.com'),
(640, 201, '14', 'RATNANAGAR MUNICIPALITY', 'Bagmati', 'CHITWAN', '', '9865353872', ''),
(641, 202, '15', 'RATNANAGAR MUNICIPALITY', 'Bagmati', 'CHITWAN', '', '9865354835', ''),
(642, 203, '13', 'RATNANAGAR MUNICIPALITY', 'Bagmati', 'CHITWAN', '', '9845318218', ''),
(643, 204, '14', 'RATNANAGAR MUNICIPALITY', 'Bagmati', 'CHITWAN', '', '9826205249', ''),
(644, 205, '6', 'KHAIRAHANI MUNICIPALITY', 'Bagmati', 'CHITWAN', '', '88', ''),
(645, 206, '10', 'KHAIRAHANI MUNICIPALITY', 'Bagmati', 'CHITWAN', '', '9818317834', ''),
(646, 207, '10', 'KHAIRAHANI MUNICIPALITY', 'Bagmati', 'CHITWAN', '', '9845091020', ''),
(647, 208, '10', 'KHAIRAHANI MUNICIPALITY', 'Bagmati', 'CHITWAN', '', '9845291144', ''),
(648, 209, '6', 'KHAIRAHANI MUNICIPALITY', 'Bagmati', 'CHITWAN', '', '9845151159', ''),
(649, 210, '10', 'KHAIRAHANI MUNICIPALITY', 'Bagmati', 'CHITWAN', '', '9814251336', ''),
(650, 211, '6', 'KHAIRAHANI MUNICIPALITY', 'Bagmati', 'CHITWAN', '', '9811266296', ''),
(651, 212, '6', 'KHAIRAHANI MUNICIPALITY', 'Bagmati', 'CHITWAN', '', '9845172081', ''),
(652, 213, '6', 'KHAIRAHANI MUNICIPALITY', 'Bagmati', 'CHITWAN', '', '9865238119', ''),
(653, 214, '6', 'KHAIRAHANI MUNICIPALITY', 'Bagmati', 'CHITWAN', '', '984423057', ''),
(654, 215, '10', 'KHAIRAHANI MUNICIPALITY', 'Bagmati', 'CHITWAN', '056-583704', '9845062774', ''),
(655, 216, '10', 'KHAIRAHANI MUNICIPALITY', 'Bagmati', 'CHITWAN', '', '9804294025', ''),
(656, 217, '6', 'KHAIRAHANI MUNICIPALITY', 'Bagmati', 'CHITWAN', '', '9845068258', ''),
(657, 218, '6', 'KHAIRAHANI MUNICIPALITY', 'Bagmati', 'CHITWAN', '', '9806820175', ''),
(658, 219, '10', 'KHAIRAHANI MUNICIPALITY', 'Bagmati', 'CHITWAN', '', '9845197218', ''),
(659, 220, '10', 'KHAIRAHANI MUNICIPALITY', 'Bagmati', 'CHITWAN', '', '9807175430', ''),
(660, 221, '10', 'KHAIRAHANI MUNICIPALITY', 'Bagmati', 'CHITWAN', '', '9842396546', ''),
(661, 222, '10', 'KHAIRAHANI MUNICIPALITY', 'Bagmati', 'CHITWAN', '', '9845183211', ''),
(662, 223, '10', 'KHAIRAHANI MUNICIPALITY', 'Bagmati', 'CHITWAN', '', '9816223942', ''),
(663, 224, '5', 'KHAIRAHANI MUNICIPALITY', 'Bagmati', 'CHITWAN', '', '9845249979', ''),
(664, 225, '10', 'KHAIRAHANI MUNICIPALITY', 'Bagmati', 'CHITWAN', '', '9845819685', ''),
(665, 226, '6', 'KHAIRAHANI MUNICIPALITY', 'Bagmati', 'CHITWAN', '', '999', ''),
(666, 227, '10', 'KHAIRAHANI MUNICIPALITY', 'Bagmati', 'CHITWAN', '', '8', ''),
(667, 228, '10', 'KHAIRAHANI MUNICIPALITY', 'Bagmati', 'CHITWAN', '', '9817292852', ''),
(668, 229, '10', 'KHAIRAHANI MUNICIPALITY', 'Bagmati', 'CHITWAN', '', '9811818808', ''),
(669, 230, '10', 'KHAIRAHANI MUNICIPALITY', 'Bagmati', 'CHITWAN', '', '9845272854', ''),
(670, 231, '12', 'KHAIRAHANI MUNICIPALITY', 'Bagmati', 'CHITWAN', '', '9845391261', ''),
(671, 232, '6', 'KHAIRAHANI MUNICIPALITY', 'Bagmati', 'CHITWAN', '', '9845200053', ''),
(672, 233, '12', 'KHAIRAHANI MUNICIPALITY', 'Bagmati', 'CHITWAN', '', '9809141041', ''),
(673, 234, '12', 'KHAIRAHANI MUNICIPALITY', 'Bagmati', 'CHITWAN', '', '9806812153', ''),
(674, 235, '12', 'KHAIRAHANI MUNICIPALITY', 'Bagmati', 'CHITWAN', '', '9865259681', ''),
(675, 236, '12', 'KHAIRAHANI MUNICIPALITY', 'Bagmati', 'CHITWAN', '', '9842081815', ''),
(676, 237, '12', 'KHAIRAHANI MUNICIPALITY', 'Bagmati', 'CHITWAN', '', '9826267577', ''),
(677, 238, '10', 'KHAIRAHANI MUNICIPALITY', 'Bagmati', 'CHITWAN', '', '9869698246', ''),
(678, 239, '12', 'KHAIRAHANI MUNICIPALITY', 'Bagmati', 'CHITWAN', '', '9845217527', ''),
(679, 240, '10', 'KHAIRAHANI MUNICIPALITY', 'Bagmati', 'CHITWAN', '', '9829286305', ''),
(680, 241, '10', 'KHAIRAHANI MUNICIPALITY', 'Bagmati', 'CHITWAN', '', '9810164873', ''),
(681, 242, '13', 'RATNANAGAR MUNICIPALITY', 'Bagmati', 'CHITWAN', '', '9845272704', ''),
(682, 243, '4', 'RATNANAGAR MUNICIPALITY', 'Bagmati', 'CHITWAN', '', '9818671382', ''),
(683, 244, '2', 'RATNANAGAR MUNICIPALITY', 'Bagmati', 'CHITWAN', '', '9845172643', ''),
(684, 245, '2', 'RATNANAGAR MUNICIPALITY', 'Bagmati', 'CHITWAN', '', '9845691976', ''),
(685, 246, '14', 'RATNANAGAR MUNICIPALITY', 'Bagmati', 'CHITWAN', '', '9865187750', ''),
(686, 247, '14', 'RATNANAGAR MUNICIPALITY', 'Bagmati', 'CHITWAN', '', '9845066600', ''),
(687, 248, '14', 'RATNANAGAR MUNICIPALITY', 'Bagmati', 'CHITWAN', '', '9855063066', ''),
(688, 249, '14', 'RATNANAGAR MUNICIPALITY', 'Bagmati', 'CHITWAN', '', '9845043066', ''),
(689, 250, '14', 'RATNANAGAR MUNICIPALITY', 'Bagmati', 'CHITWAN', '', '9845467577', ''),
(690, 251, '16', 'RATNANAGAR MUNICIPALITY', 'Bagmati', 'CHITWAN', '', '9845959394', ''),
(691, 252, '14', 'RATNANAGAR MUNICIPALITY', 'Bagmati', 'CHITWAN', '', '9855057066', ''),
(692, 253, '8', 'RATNANAGAR MUNICIPALITY', 'Bagmati', 'CHITWAN', '', '9845683095', ''),
(693, 254, '14', 'RATNANAGAR MUNICIPALITY', 'Bagmati', 'CHITWAN', '', '9815219588', ''),
(694, 255, '4', 'KHAIRAHANI MUNICIPALITY', 'Bagmati', 'CHITWAN', '', '9845693902', ''),
(695, 256, '14', 'KAWASOTI MUNICIPALITY', 'Gandaki', 'NAWALPARASI EAST', '', '9817477417', ''),
(696, 257, '1', 'BINAYEE TRIBENI RURAL MUNICIPALITY', 'Gandaki', 'NAWALPARASI EAST', '', '9847136035', ''),
(697, 258, '8', 'KAWASOTI MUNICIPALITY', 'Gandaki', 'NAWALPARASI EAST', '', '9847096533', ''),
(698, 259, '7', 'DEVCHULI MUNICIPALITY', 'Gandaki', 'NAWALPARASI EAST', '', '9811166947', ''),
(699, 260, '3', 'KAWASOTI MUNICIPALITY', 'Gandaki', 'NAWALPARASI EAST', '', '9864494931', ''),
(700, 261, '15', 'KAWASOTI MUNICIPALITY', 'Gandaki', 'NAWALPARASI EAST', '', '9860485803', ''),
(701, 262, '8', 'KAWASOTI MUNICIPALITY', 'Gandaki', 'NAWALPARASI EAST', '9867927370', '45', ''),
(702, 263, '1', 'KAWASOTI MUNICIPALITY', 'Gandaki', 'NAWALPARASI EAST', '', '9821967350', ''),
(703, 264, '8', 'KAWASOTI MUNICIPALITY', 'Gandaki', 'NAWALPARASI EAST', '', '9821421837', ''),
(704, 265, '3', 'KAWASOTI MUNICIPALITY', 'Gandaki', 'NAWALPARASI EAST', '', '9844776464', ''),
(705, 266, '3', 'KAWASOTI MUNICIPALITY', 'Gandaki', 'NAWALPARASI EAST', '', '9847241916', ''),
(706, 267, '3', 'KAWASOTI MUNICIPALITY', 'Gandaki', 'NAWALPARASI EAST', '', '9846195507', ''),
(707, 268, '12', 'BHARATPUR METROPOLITIAN CITY', 'Bagmati', 'CHITWAN', '', '9855065665', ''),
(708, 269, '9', 'KAWASOTI MUNICIPALITY', 'Gandaki', 'NAWALPARASI EAST', '', '6', ''),
(709, 270, '10', 'KHAIRAHANI MUNICIPALITY', 'Bagmati', 'CHITWAN', '', '9845024039', ''),
(710, 271, '10', 'KHAIRAHANI MUNICIPALITY', 'Bagmati', 'CHITWAN', '', '001', ''),
(711, 272, '10', 'KHAIRAHANI MUNICIPALITY', 'Bagmati', 'CHITWAN', '', '002', ''),
(712, 273, '10', 'KHAIRAHANI MUNICIPALITY', 'Bagmati', 'CHITWAN', '', '9865381676', ''),
(713, 274, '10', 'KHAIRAHANI MUNICIPALITY', 'Bagmati', 'CHITWAN', '', '008', ''),
(714, 275, '10', 'KHAIRAHANI MUNICIPALITY', 'Bagmati', 'CHITWAN', '', '9845082462', ''),
(715, 276, '10', 'KHAIRAHANI MUNICIPALITY', 'Bagmati', 'CHITWAN', '', '9803186576', ''),
(716, 277, '10', 'KHAIRAHANI MUNICIPALITY', 'Bagmati', 'CHITWAN', '', '005', ''),
(717, 278, '10', 'KHAIRAHANI MUNICIPALITY', 'Bagmati', 'CHITWAN', '', '9845174663', ''),
(718, 279, '8', 'KHAIRAHANI MUNICIPALITY', 'Bagmati', 'CHITWAN', '', '9845591093', ''),
(719, 280, '14', 'KHAIRAHANI MUNICIPALITY', 'Bagmati', 'CHITWAN', '', '9849916959', ''),
(720, 281, '19', 'BHARATPUR METROPOLITIAN CITY', 'Bagmati', 'CHITWAN', '', '9845052842', ''),
(721, 282, '17', 'BHARATPUR METROPOLITIAN CITY', 'Bagmati', 'CHITWAN', '', '9845651928', ''),
(722, 283, '17    ', 'BHARATPUR METROPOLITIAN CITY', 'Bagmati', 'CHITWAN', '', '9841308719', ''),
(723, 284, '18', 'BHARATPUR METROPOLITIAN CITY', 'Bagmati', 'CHITWAN', '', '9844247803', ''),
(724, 285, '18', 'BHARATPUR METROPOLITIAN CITY', 'Bagmati', 'CHITWAN', '', '78', ''),
(725, 286, '19', 'BHARATPUR METROPOLITIAN CITY', 'Bagmati', 'CHITWAN', '', '9812231186', ''),
(726, 287, '19', 'BHARATPUR METROPOLITIAN CITY', 'Bagmati', 'CHITWAN', '', '9845205377', ''),
(727, 288, '23', 'BHARATPUR METROPOLITIAN CITY', 'Bagmati', 'CHITWAN', '', '9845671984', ''),
(728, 289, '23', 'BHARATPUR METROPOLITIAN CITY', 'Bagmati', 'CHITWAN', '', '9845295033', ''),
(729, 290, '23', 'BHARATPUR METROPOLITIAN CITY', 'Bagmati', 'CHITWAN', '', '54', ''),
(730, 291, '21', 'BHARATPUR METROPOLITIAN CITY', 'Bagmati', 'CHITWAN', '', '9821856203', ''),
(731, 292, '19', 'BHARATPUR METROPOLITIAN CITY', 'Bagmati', 'CHITWAN', '', '9841045276', ''),
(732, 293, '19', 'BHARATPUR METROPOLITIAN CITY', 'Bagmati', 'CHITWAN', '', '655', ''),
(733, 294, '17', 'BHARATPUR METROPOLITIAN CITY', 'Bagmati', 'CHITWAN', '', '9807215193', ''),
(734, 295, '19', 'BHARATPUR METROPOLITIAN CITY', 'Bagmati', 'CHITWAN', '', '9845206316', ''),
(735, 296, '24', 'BHARATPUR METROPOLITIAN CITY', 'Bagmati', 'CHITWAN', '', '9808773606', ''),
(736, 297, '23', 'BHARATPUR METROPOLITIAN CITY', 'Bagmati', 'CHITWAN', '', '9849073272', ''),
(737, 298, '24', 'BHARATPUR METROPOLITIAN CITY', 'Bagmati', 'CHITWAN', '', '3232', ''),
(738, 299, '23', 'BHARATPUR METROPOLITIAN CITY', 'Bagmati', 'CHITWAN', '', '565', ''),
(739, 300, '20', 'BHARATPUR METROPOLITIAN CITY', 'Bagmati', 'CHITWAN', '', '9821177402', ''),
(740, 301, '20', 'BHARATPUR METROPOLITIAN CITY', 'Bagmati', 'CHITWAN', '', '4548', ''),
(741, 302, '20', 'BHARATPUR METROPOLITIAN CITY', 'Bagmati', 'CHITWAN', '', '9807162682', ''),
(742, 303, '4', 'KALIKA MUNICIPALITY', 'Bagmati', 'CHITWAN', '', '9845114715', ''),
(743, 304, '4', 'KALIKA MUNICIPALITY', 'Bagmati', 'CHITWAN', '', '9862253136', ''),
(744, 305, '7', 'KALIKA MUNICIPALITY', 'Bagmati', 'CHITWAN', '', '9842131840', ''),
(745, 306, '4', 'KALIKA MUNICIPALITY', 'Bagmati', 'CHITWAN', '', '9845436016', ''),
(746, 307, '9', 'KALIKA MUNICIPALITY', 'Bagmati', 'CHITWAN', '', '9845324602', ''),
(747, 308, '5', 'KALIKA MUNICIPALITY', 'Bagmati', 'CHITWAN', '', '9845346632', ''),
(748, 309, '3', 'KALIKA MUNICIPALITY', 'Bagmati', 'CHITWAN', '', '9860136468', ''),
(749, 310, '5', 'KALIKA MUNICIPALITY', 'Bagmati', 'CHITWAN', '', '9861322863', ''),
(750, 311, '4', 'BHARATPUR METROPOLITIAN CITY', 'Bagmati', 'CHITWAN', '', '9845240304', ''),
(751, 312, '4', 'KALIKA MUNICIPALITY', 'Bagmati', 'CHITWAN', '', '9836049448', ''),
(752, 313, '4', 'KALIKA MUNICIPALITY', 'Bagmati', 'CHITWAN', '', '9845140710', ''),
(753, 314, '4', 'KALIKA MUNICIPALITY', 'Bagmati', 'CHITWAN', '', '9845173656', ''),
(754, 315, '2', 'KALIKA MUNICIPALITY', 'Bagmati', 'CHITWAN', '', '9842131853', ''),
(755, 316, '4', 'KALIKA MUNICIPALITY', 'Bagmati', 'CHITWAN', '', '9843874983', ''),
(756, 317, '4', 'KALIKA MUNICIPALITY', 'Bagmati', 'CHITWAN', '', '164', ''),
(757, 318, '4', 'KALIKA MUNICIPALITY', 'Bagmati', 'CHITWAN', '', '9815217750', ''),
(758, 319, '2', 'KALIKA MUNICIPALITY', 'Bagmati', 'CHITWAN', '', '9845273137', ''),
(759, 320, '5', 'KALIKA MUNICIPALITY', 'Bagmati', 'CHITWAN', '', '9861914526', ''),
(760, 321, '5', 'KALIKA MUNICIPALITY', 'Bagmati', 'CHITWAN', '', '9845044499', ''),
(761, 322, '5', 'KALIKA MUNICIPALITY', 'Bagmati', 'CHITWAN', '', '9842017689', ''),
(762, 323, '5', 'KALIKA MUNICIPALITY', 'Bagmati', 'CHITWAN', '', '9860796457', ''),
(763, 324, '4', 'KALIKA MUNICIPALITY', 'Bagmati', 'CHITWAN', '', '9845819417', ''),
(764, 325, '4', 'KALIKA MUNICIPALITY', 'Bagmati', 'CHITWAN', '', '9845112221', ''),
(765, 326, '4', 'KALIKA MUNICIPALITY', 'Bagmati', 'CHITWAN', '', '9861322866', ''),
(766, 327, '4', 'KALIKA MUNICIPALITY', 'Bagmati', 'CHITWAN', '', '9861193508', ''),
(767, 328, '4', 'KALIKA MUNICIPALITY', 'Bagmati', 'CHITWAN', '', '9845840381', ''),
(768, 329, '4', 'KALIKA MUNICIPALITY', 'Bagmati', 'CHITWAN', '', '598', ''),
(769, 330, '4', 'KALIKA MUNICIPALITY', 'Bagmati', 'CHITWAN', '', '9826274101', ''),
(770, 331, '8', 'KATHMANDU METROPOLITIAN CITY', 'Bagmati', 'KATHMANDU', '', '9860455707', ''),
(771, 332, '7', 'KATHMANDU METROPOLITIAN CITY', 'Bagmati', 'KATHMANDU', '', '9869598247', ''),
(772, 333, '7', 'KATHMANDU METROPOLITIAN CITY', 'Bagmati', 'KATHMANDU', '', '9841873429', ''),
(773, 334, '7', 'KATHMANDU METROPOLITIAN CITY', 'Bagmati', 'KATHMANDU', '', '9849891404', ''),
(774, 335, '7', 'KATHMANDU METROPOLITIAN CITY', 'Bagmati', 'KATHMANDU', '', '9866049893', ''),
(775, 336, '4', 'KATHMANDU METROPOLITIAN CITY', 'Bagmati', 'KATHMANDU', '', '984451300', ''),
(776, 337, '7', 'KATHMANDU METROPOLITIAN CITY', 'Bagmati', 'KATHMANDU', '', '796856', ''),
(777, 338, '7', 'KATHMANDU METROPOLITIAN CITY', 'Bagmati', 'KATHMANDU', '', '9823129324', ''),
(778, 339, '8', 'KATHMANDU METROPOLITIAN CITY', 'Bagmati', 'KATHMANDU', '', '9841860539', ''),
(779, 340, '7', 'KATHMANDU METROPOLITIAN CITY', 'Bagmati', 'KATHMANDU', '', '9861137424', ''),
(780, 341, '7', 'KATHMANDU METROPOLITIAN CITY', 'Bagmati', 'KATHMANDU', '', '9849048332', ''),
(781, 342, '7', 'KATHMANDU METROPOLITIAN CITY', 'Bagmati', 'KATHMANDU', '', '9841841550', ''),
(782, 343, '7', 'KATHMANDU METROPOLITIAN CITY', 'Bagmati', 'KATHMANDU', '', '9843391927', ''),
(783, 344, '2', 'KATHMANDU METROPOLITIAN CITY', 'Bagmati', 'KATHMANDU', '', '9840061338', 'ghimireranjan1115@gmail.com'),
(784, 345, '05', 'DIKTEL RUPAKOT MAJHUWAGADHI MUNICIPALITY', 'Province 1', 'KHOTANG', '9843885919', '9861066433', ''),
(785, 346, '19', 'KATHMANDU METROPOLITIAN CITY', 'Bagmati', 'KATHMANDU', '9818685736', '9860558973', ''),
(786, 347, '32', 'KATHMANDU METROPOLITIAN CITY', 'Bagmati', 'KATHMANDU', '', '9803579286', ''),
(787, 348, '2', 'THAHA MUNICIPALITY', 'Bagmati', 'MAKWANPUR', '', '9848905314', ''),
(788, 349, '1', 'ROSHI RURAL MUNICIPALITY', 'Bagmati', 'KAVREPALANCHOK', '9841240645', '9849626419', ''),
(789, 350, '08', 'THAKRE RURAL MUNICIPALITY', 'Bagmati', 'DHADING', '', '9841661414', ''),
(790, 351, '6', 'CHAUTARA SANGACHOKGADHI MUNICIPALITY', 'Bagmati', 'SINDHUPALCHOK', '', '9841271595', ''),
(791, 352, '08', 'THAKRE RURAL MUNICIPALITY', 'Bagmati', 'DHADING', '', '9863688163', ''),
(792, 353, '04', 'JIRABHAWANI RURAL MUNICIPALITY', 'Madhesh', 'PARSA', '', '9814209624', ''),
(793, 354, '04', 'JIRABHAWANI RURAL MUNICIPALITY', 'Madhesh', 'PARSA', '', '9804224352', ''),
(794, 355, '05', 'BIRGUNJ METROPOLITIAN CITY', 'Madhesh', 'PARSA', '', '9823145949', '');


CREATE TABLE `profession` (
  `COL 1` varchar(23) DEFAULT NULL
);

INSERT INTO `profession` (`COL 1`) VALUES
('Accountant'),
('Actor/Actress'),
('Architect'),
('Artist'),
('Banker'),
('Businessman'),
('Bus driver'),
('Carpenter'),
('Chef/Cook'),
('Dancer'),
('Designer'),
('Doctor'),
('Electrician'),
('Engineer'),
('Farmer'),
('Fireman/Fire fighter'),
('Gardener'),
('Govt.'),
('Journalist'),
('Judge'),
('Lawyer'),
('Lecturer'),
('Mechanic'),
('Model'),
('NGO'),
('Newsreader'),
('Nurse'),
('Painter'),
('Pharmacist'),
('Photographer'),
('Pilot'),
('Plumber'),
('Policeman/Policewoman'),
('Scientist'),
('Secretary'),
('Soldier'),
('Study'),
('Tailor'),
('Taxi driver'),
('Teacher'),
('Translator'),
('Veterinary doctor (Vet)');

CREATE TABLE `servicedepartment` (
  `id` bigint NOT NULL,
  `intro_id` bigint NOT NULL,
  `department_name` varchar(255) NOT NULL,
  `experience` tinyint(1) NOT NULL,
  `interest` tinyint(1) NOT NULL
);

INSERT INTO `servicedepartment` (`id`, `intro_id`, `department_name`, `experience`, `interest`) VALUES
(1, 1, '', 0, 1),
(2, 1, '', 0, 1),
(3, 3, '', 1, 1),
(4, 3, '/ ', 1, 1),
(5, 4, '', 0, 1),
(6, 4, '', 1, 1),
(7, 4, ' ', 0, 1),
(8, 4, ' ', 1, 1),
(9, 6, '', 1, 1),
(10, 7, '', 0, 1),
(11, 8, '', 1, 1),
(12, 8, '', 1, 1),
(13, 8, '', 0, 1),
(14, 8, '', 1, 1),
(15, 8, ' ', 0, 1),
(16, 8, '', 1, 1),
(17, 5, '', 0, 1),
(18, 5, '', 0, 1),
(19, 9, '', 1, 1),
(20, 16, '', 0, 1),
(21, 16, ' ', 0, 1),
(22, 18, '', 1, 1),
(23, 19, ' ', 0, 1),
(24, 20, '. .', 0, 1),
(25, 20, '', 1, 1),
(26, 20, '', 1, 0),
(27, 20, ' ', 1, 0),
(28, 20, '', 1, 1),
(29, 21, '', 1, 1),
(30, 21, '. .', 1, 1),
(31, 21, ' ', 1, 1),
(32, 21, ' ', 1, 0),
(33, 21, '', 1, 1),
(34, 21, '  (DoS)', 1, 1),
(35, 21, ' ', 1, 0),
(36, 21, ' ', 1, 0),
(37, 21, ' ', 1, 0),
(38, 21, '', 1, 1),
(39, 23, '', 0, 1),
(40, 24, '', 0, 1),
(41, 25, ' ', 1, 1),
(42, 26, ' ', 0, 1),
(43, 27, '', 1, 1),
(44, 27, ' ', 1, 1),
(45, 27, '', 1, 1),
(46, 27, '', 1, 1),
(47, 28, '', 1, 1),
(48, 28, ' ', 1, 1),
(49, 28, ' ', 1, 1),
(50, 29, '', 1, 1),
(51, 29, '', 1, 1),
(52, 29, ' ', 1, 1),
(53, 29, '', 0, 1),
(54, 29, '', 0, 1),
(55, 30, '', 1, 1),
(56, 30, ' ', 0, 1),
(57, 31, '', 1, 1),
(58, 31, ' ', 0, 1),
(59, 32, '', 0, 1),
(60, 32, ' ', 0, 1),
(61, 33, '', 1, 1),
(62, 33, ' ', 0, 1),
(63, 33, ' ', 1, 1),
(64, 34, '', 1, 1),
(65, 34, ' ', 0, 1),
(66, 34, ' ', 1, 1),
(67, 35, '', 1, 1),
(68, 35, ' ', 0, 1),
(69, 35, ' ', 1, 1),
(70, 36, '', 1, 1),
(71, 36, ' ', 0, 1),
(72, 36, ' ', 1, 1),
(73, 37, '', 1, 1),
(74, 38, ' ', 1, 1),
(75, 39, '', 1, 1),
(76, 39, ' ', 1, 1),
(77, 40, '', 1, 1),
(78, 40, ' ', 0, 1),
(79, 40, ' ', 1, 1),
(80, 41, '', 1, 1),
(81, 41, ' ', 0, 1),
(82, 41, ' ', 1, 1),
(83, 42, '', 1, 1),
(84, 42, ' ', 1, 1),
(85, 43, ' ', 1, 1),
(86, 43, '', 1, 1),
(87, 43, ' ', 1, 1),
(88, 44, '', 0, 1),
(89, 45, ' ', 1, 1),
(90, 46, ' ', 0, 1),
(91, 47, ' ', 0, 1),
(92, 48, ' ', 0, 1),
(93, 49, ' ', 0, 1),
(94, 50, ' ', 0, 1),
(95, 51, ' ', 0, 1),
(96, 52, ' ', 0, 1),
(97, 53, ' ', 0, 1),
(98, 54, ' ', 0, 1),
(99, 55, '', 0, 1),
(100, 56, '', 0, 1),
(101, 56, '', 0, 1),
(102, 57, ' ', 0, 1),
(103, 75, '', 1, 1),
(104, 76, ' ', 1, 1),
(105, 77, ' ', 0, 1),
(106, 78, '', 1, 1),
(107, 78, ' ', 1, 1),
(108, 78, '', 1, 1),
(109, 88, '', 1, 1),
(110, 88, ' ', 1, 1),
(111, 89, '', 1, 1),
(112, 89, '. .', 0, 1),
(113, 89, ' ', 1, 1),
(114, 89, ' ', 1, 1),
(115, 89, '', 1, 1),
(116, 89, '', 1, 1),
(117, 89, '', 0, 1),
(118, 89, '', 0, 1),
(119, 89, ' ', 0, 1),
(120, 80, '', 0, 1),
(121, 80, ' ', 0, 1),
(122, 80, '', 1, 1),
(123, 90, '', 1, 1),
(124, 90, ' ', 1, 1),
(125, 90, ' ', 1, 1),
(126, 90, '', 1, 1),
(127, 90, '', 1, 1),
(128, 90, '', 1, 1),
(129, 90, '  (DoS)', 0, 1),
(130, 90, '', 0, 1),
(131, 90, ' ', 0, 1),
(132, 80, '', 1, 0),
(133, 91, '', 0, 1),
(134, 92, '', 1, 1),
(135, 93, ' ', 1, 1),
(136, 94, ' ', 1, 1),
(137, 94, '', 1, 1),
(138, 94, '', 1, 1),
(139, 95, '', 0, 1),
(140, 95, ' ', 0, 1),
(141, 95, '', 1, 0),
(142, 96, '', 0, 1),
(143, 97, '', 0, 1),
(144, 98, '', 1, 0),
(145, 98, '', 1, 0),
(146, 98, ' ', 1, 0),
(147, 98, ' ', 1, 0),
(148, 98, '', 1, 1),
(149, 98, ' ', 1, 0),
(150, 99, '', 1, 1),
(151, 99, '', 0, 1),
(152, 99, ' ', 0, 1),
(153, 100, '', 1, 1),
(154, 100, '', 1, 1),
(155, 101, '', 1, 1),
(156, 102, ' ', 1, 1),
(157, 103, '', 1, 1),
(158, 103, '. ', 0, 1),
(159, 103, '', 1, 1),
(160, 103, '  (DoS)', 1, 1),
(161, 104, ' ', 0, 1),
(162, 105, '', 1, 0),
(163, 105, '', 1, 1),
(164, 106, '', 1, 1),
(165, 107, ' ', 1, 1),
(166, 108, '', 1, 1),
(167, 109, '', 0, 1),
(168, 110, ' ', 0, 1),
(169, 111, '', 1, 1),
(170, 112, '', 1, 1),
(171, 112, '. .', 1, 1),
(172, 112, '', 1, 1),
(173, 112, '', 1, 1),
(174, 112, '', 1, 1),
(175, 112, ' ', 1, 1),
(176, 112, '  ( )', 1, 1),
(177, 113, ' ', 0, 1),
(178, 113, '', 0, 1),
(179, 114, ' ', 1, 1),
(180, 115, '', 1, 1),
(181, 115, '. .', 0, 1),
(182, 115, ' ', 1, 1),
(183, 115, ' ', 0, 1),
(184, 115, '', 1, 1),
(185, 115, '', 1, 1),
(186, 115, '', 1, 1),
(187, 115, ' ', 0, 1),
(188, 115, '  (DoS)', 1, 1),
(189, 115, ' ', 0, 1),
(190, 115, '  ( )', 1, 1),
(191, 116, '', 0, 1),
(192, 116, ' ', 0, 1),
(193, 116, '', 0, 1),
(194, 116, '', 1, 1),
(195, 116, ' ', 0, 1),
(196, 117, '', 1, 1),
(197, 117, '. .', 1, 1),
(198, 117, ' ', 1, 0),
(199, 117, ' ', 1, 0),
(200, 117, '', 1, 1),
(201, 117, '', 1, 1),
(202, 117, ' ', 1, 1),
(203, 117, '  (DoS)', 1, 1),
(204, 117, '', 1, 1),
(205, 117, '  ( )', 0, 1),
(206, 118, '', 1, 1),
(207, 118, '', 0, 1),
(208, 119, '', 0, 1),
(209, 119, '', 0, 1),
(210, 119, ' ', 0, 1),
(211, 119, '', 0, 1),
(212, 119, '', 0, 1),
(213, 120, '', 1, 1),
(214, 121, '', 1, 1),
(215, 121, '. .', 1, 1),
(216, 121, '', 0, 1),
(217, 121, '  (DoS)', 0, 1),
(218, 121, '', 1, 1),
(219, 121, '', 0, 1),
(220, 121, ' ', 0, 1),
(221, 121, '  ( )', 0, 1),
(222, 122, '', 1, 1),
(223, 122, '. ', 1, 0),
(224, 122, '', 1, 0),
(225, 122, '', 1, 1),
(226, 122, ' ', 1, 1),
(227, 122, '', 1, 0),
(228, 122, '  (DoS)', 1, 0),
(229, 122, '  ( )', 1, 1),
(230, 123, '. .', 0, 1),
(231, 123, '', 1, 1),
(232, 123, '', 1, 1),
(233, 123, ' ', 0, 1),
(234, 123, '', 0, 1),
(235, 123, '  (DoS)', 0, 1),
(236, 123, '  ( )', 0, 1),
(237, 124, '', 1, 1),
(238, 124, '', 0, 1),
(239, 124, '', 0, 1),
(240, 124, ' (/)', 1, 1),
(241, 125, ' ', 0, 1),
(242, 125, '', 1, 0),
(243, 125, '', 0, 1),
(244, 126, '', 0, 1),
(245, 126, '. .', 1, 1),
(246, 126, '', 0, 1),
(247, 126, ' ', 0, 1),
(248, 126, ' ', 0, 1),
(249, 126, '', 1, 1),
(250, 126, '', 0, 1),
(251, 126, '', 0, 1),
(252, 126, '', 0, 1),
(253, 126, '', 1, 1),
(254, 126, ' ', 1, 1),
(255, 127, '', 1, 1),
(256, 128, '', 1, 1),
(257, 128, ' ', 1, 1),
(258, 128, '', 1, 1),
(259, 128, '', 1, 1),
(260, 128, '', 1, 1),
(261, 128, '  (DoS)', 1, 1),
(262, 128, ' ', 1, 1),
(263, 129, '. ', 0, 1),
(264, 129, '', 1, 1),
(265, 129, '/ ', 1, 1),
(266, 130, '. .', 0, 1),
(267, 130, ' ', 0, 1),
(268, 130, '', 1, 0),
(269, 130, '', 1, 0),
(270, 131, '', 1, 1),
(271, 131, '. .', 0, 1),
(272, 131, '', 0, 1),
(273, 131, ' ', 0, 1),
(274, 131, ' ', 1, 1),
(275, 131, '', 0, 1),
(276, 131, '', 1, 1),
(277, 131, '', 1, 1),
(278, 131, '', 0, 1),
(279, 131, '', 1, 1),
(280, 131, ' ', 0, 1),
(281, 131, ' ', 0, 1),
(282, 131, '', 0, 1),
(283, 131, '  (DoS)', 1, 1),
(284, 131, '', 0, 1),
(285, 131, ' ', 1, 1),
(286, 132, '', 0, 1),
(287, 132, ' ', 1, 1),
(288, 132, '', 0, 1),
(289, 132, '', 1, 0),
(290, 133, '', 1, 1),
(291, 134, '', 1, 1),
(292, 134, '', 1, 0),
(293, 134, ' ', 1, 1),
(294, 134, ' ', 1, 0),
(295, 134, '', 1, 0),
(296, 134, '', 0, 1),
(297, 134, '  (DoS)', 0, 1),
(298, 134, ' ', 1, 0),
(299, 135, '', 1, 1),
(300, 135, '. .', 1, 1),
(301, 135, ' ', 1, 1),
(302, 135, ' ', 1, 1),
(303, 135, '', 1, 0),
(304, 135, '', 1, 1),
(305, 135, '', 1, 1),
(306, 135, ' ', 1, 1),
(307, 135, '', 1, 1),
(308, 135, '  ( )', 1, 1),
(309, 136, '', 0, 1),
(310, 137, ' ', 0, 1),
(311, 136, '', 0, 1),
(312, 138, '', 0, 1),
(313, 139, '', 1, 1),
(314, 140, ' ', 1, 1),
(315, 141, ' ', 0, 1),
(316, 142, ' ', 1, 1),
(317, 142, ' ', 0, 1),
(318, 143, '', 1, 1),
(319, 143, '', 1, 1),
(320, 143, ' ', 1, 1),
(321, 144, '', 1, 0),
(322, 144, ' ', 1, 0),
(323, 144, '', 1, 0),
(324, 144, '', 1, 0),
(325, 144, '', 1, 0),
(326, 144, '', 1, 1),
(327, 144, '', 1, 0),
(328, 144, ' ', 1, 0),
(329, 145, '', 1, 0),
(330, 145, '. ', 0, 1),
(331, 145, ' ', 1, 0),
(332, 145, '', 0, 1),
(333, 145, '/ ', 1, 0),
(334, 146, '', 1, 1),
(335, 146, '. .', 1, 1),
(336, 146, ' ', 1, 1),
(337, 146, ' ', 1, 1),
(338, 146, '', 1, 0),
(339, 146, ' ', 1, 0),
(340, 146, '  (DoS)', 0, 1),
(341, 146, '', 1, 1),
(342, 146, ' ', 1, 0),
(343, 146, '  ( )', 1, 1),
(344, 147, '', 1, 1),
(345, 147, '', 0, 1),
(346, 147, ' ', 0, 1),
(347, 147, '', 1, 1),
(348, 147, '', 1, 1),
(349, 147, '', 1, 1),
(350, 147, '', 1, 1),
(351, 147, '', 1, 1),
(352, 147, ' ', 1, 1),
(353, 147, '', 0, 1),
(354, 148, ' ', 1, 1),
(355, 148, '', 1, 1),
(356, 148, '', 0, 1),
(357, 148, '  (DoS)', 0, 1),
(358, 149, '', 1, 1),
(359, 149, ' ', 1, 1),
(360, 149, ' ', 1, 1),
(361, 149, '', 1, 1),
(362, 149, '', 1, 1),
(363, 149, '', 1, 1),
(364, 149, '', 1, 1),
(365, 149, ' ', 1, 1),
(366, 149, '', 0, 1),
(367, 149, ' ', 1, 1),
(368, 150, '', 1, 1),
(369, 150, '. .', 0, 1),
(370, 150, '', 1, 1),
(371, 150, ' ', 0, 1),
(372, 150, ' ', 1, 1),
(373, 150, '', 1, 1),
(374, 150, '', 1, 1),
(375, 150, '', 1, 1),
(376, 150, '', 0, 1),
(377, 150, ' ', 1, 1),
(378, 150, ' ', 1, 1),
(379, 150, ' ', 0, 1),
(380, 151, ' ', 0, 1),
(381, 151, '', 0, 1),
(382, 151, '', 0, 1),
(383, 152, '', 1, 1),
(384, 152, ' ', 1, 1),
(385, 152, '', 1, 1),
(386, 152, '', 1, 1),
(387, 152, ' ', 1, 1),
(388, 153, ' ', 1, 1),
(389, 154, '', 1, 1),
(390, 155, ' ', 1, 1),
(391, 156, ' ', 1, 1),
(392, 157, ' ', 0, 1),
(393, 158, '', 1, 1),
(394, 158, '', 1, 1),
(395, 159, '', 1, 1),
(396, 159, ' ', 1, 0),
(397, 159, ' ', 1, 1),
(398, 159, '', 1, 1),
(399, 159, '', 1, 1),
(400, 159, '', 1, 1),
(401, 159, ' ', 1, 1),
(402, 160, ' ', 0, 1),
(403, 160, '', 0, 1),
(404, 161, '', 1, 1),
(405, 161, ' ', 1, 0),
(406, 161, ' ', 1, 1),
(407, 161, '', 1, 1),
(408, 161, '', 1, 1),
(409, 161, '', 1, 1),
(410, 161, ' ', 1, 1),
(411, 162, ' ', 0, 1),
(412, 162, '', 0, 1),
(413, 162, '', 0, 1),
(414, 163, '', 1, 0),
(415, 163, ' ', 1, 0),
(416, 163, ' ', 0, 1),
(417, 163, '', 0, 1),
(418, 163, '', 0, 1),
(419, 164, '', 1, 0),
(420, 164, '', 1, 0),
(421, 164, ' ', 0, 1),
(422, 164, '', 1, 1),
(423, 165, '', 1, 1),
(424, 165, ' ', 1, 1),
(425, 165, '', 1, 1),
(426, 165, '', 1, 1),
(427, 166, ' ', 1, 1),
(428, 166, '', 1, 1),
(429, 166, ' ', 1, 1),
(430, 167, '', 1, 1),
(431, 167, ' ', 1, 1),
(432, 168, '', 1, 0),
(433, 168, '', 1, 1),
(434, 169, '', 1, 1),
(435, 169, ' ', 1, 1),
(436, 169, '', 1, 0),
(437, 170, '', 1, 1),
(438, 171, ' ', 1, 1),
(439, 172, '', 0, 1),
(440, 173, ' ', 1, 1),
(441, 174, ' ', 0, 1),
(442, 175, '', 1, 1),
(443, 176, '', 0, 1),
(444, 177, '', 1, 1),
(445, 177, ' ', 1, 1),
(446, 177, ' (/)', 1, 1),
(447, 178, '', 1, 1),
(448, 179, '', 1, 1),
(449, 179, '', 1, 1),
(450, 181, '. .', 1, 1),
(451, 182, '', 0, 1),
(452, 183, '', 0, 1),
(453, 184, ' ', 1, 1),
(454, 184, '', 1, 1),
(455, 184, ' ', 1, 1),
(456, 186, '', 0, 1),
(457, 187, '', 1, 1),
(458, 187, ' ', 1, 1),
(459, 188, '', 1, 1),
(460, 188, '', 1, 1),
(461, 188, '', 0, 1),
(462, 189, '', 0, 1),
(463, 190, '', 1, 1),
(464, 190, '', 0, 1),
(465, 191, ' ', 1, 1),
(466, 191, '  (DoS)', 0, 1),
(467, 192, ' ', 0, 1),
(468, 192, '', 1, 0),
(469, 192, '', 0, 1),
(470, 192, ' ', 0, 1),
(471, 193, '', 1, 0),
(472, 193, '', 0, 1),
(473, 193, ' ', 0, 1),
(474, 194, ' ', 0, 1),
(475, 195, ' ', 0, 1),
(476, 195, '', 1, 0),
(477, 195, '', 1, 0),
(478, 195, ' ', 1, 0),
(479, 196, ' ', 0, 1),
(480, 196, '', 1, 0),
(481, 196, ' ', 0, 1),
(482, 197, '', 0, 1),
(483, 197, '', 0, 1),
(484, 197, ' ', 0, 1),
(485, 198, '', 1, 1),
(486, 198, '', 0, 1),
(487, 198, ' ', 1, 1),
(488, 198, ' ', 1, 1),
(489, 198, '', 0, 1),
(490, 198, '', 1, 1),
(491, 198, '', 1, 1),
(492, 198, '  ( )', 1, 1),
(493, 199, '', 1, 1),
(494, 199, '', 1, 1),
(495, 200, '', 1, 1),
(496, 201, '', 0, 1),
(497, 201, ' ', 0, 1),
(498, 202, '', 1, 1),
(499, 202, '', 1, 1),
(500, 202, '', 1, 0),
(501, 202, '', 1, 1),
(502, 202, ' ', 1, 0),
(503, 203, ' ', 0, 1),
(504, 203, ' ', 1, 1),
(505, 204, '', 1, 1),
(506, 204, ' ', 1, 1),
(507, 205, ' ', 0, 1),
(508, 206, '', 1, 1),
(509, 206, '', 1, 1),
(510, 207, '', 1, 1),
(511, 207, '. .', 1, 1),
(512, 207, ' ', 1, 1),
(513, 207, '', 1, 1),
(514, 207, '  ( )', 1, 1),
(515, 208, '  (DoS)', 0, 1),
(516, 208, '/ ', 0, 1),
(517, 209, ' ', 0, 1),
(518, 210, ' ', 1, 0),
(519, 210, '', 0, 1),
(520, 211, ' ', 0, 1),
(521, 212, '', 1, 1),
(522, 213, ' ', 1, 1),
(523, 214, '', 1, 1),
(524, 214, ' ', 0, 1),
(525, 215, '', 1, 1),
(526, 215, '', 1, 1),
(527, 216, '', 1, 1),
(528, 216, '', 1, 1),
(529, 217, '', 1, 1),
(530, 218, ' ', 0, 1),
(531, 218, '', 1, 0),
(532, 218, '', 1, 0),
(533, 218, ' ', 0, 1),
(534, 219, '', 1, 1),
(535, 219, ' ', 0, 1),
(536, 220, ' ', 0, 1),
(537, 220, ' ', 1, 1),
(538, 220, '', 0, 1),
(539, 221, '', 1, 0),
(540, 221, ' ', 0, 1),
(541, 221, ' ', 1, 0),
(542, 222, ' ', 0, 1),
(543, 222, '', 1, 0),
(544, 222, ' ', 0, 1),
(545, 223, '', 0, 1),
(546, 223, '', 0, 1),
(547, 223, ' ', 1, 0),
(548, 224, '', 1, 1),
(549, 225, '', 0, 1),
(550, 225, ' ', 0, 1),
(551, 226, '', 0, 1),
(552, 226, '', 1, 0),
(553, 226, ' ', 0, 1),
(554, 227, ' ', 0, 1),
(555, 228, '', 0, 1),
(556, 228, ' ', 0, 1),
(557, 229, '', 1, 1),
(558, 230, '', 1, 1),
(559, 230, '', 1, 1),
(560, 231, '', 1, 1),
(561, 232, ' ', 1, 1),
(562, 232, '/ ', 1, 1),
(563, 233, ' ', 0, 1),
(564, 234, '', 0, 1),
(565, 235, ' ', 0, 1),
(566, 236, ' ', 0, 1),
(567, 237, ' ', 0, 1),
(568, 238, ' ', 0, 1),
(569, 239, ' ', 0, 1),
(570, 239, '', 1, 1),
(571, 239, '', 0, 1),
(572, 240, ' ', 0, 1),
(573, 240, ' ', 0, 1),
(574, 241, '', 1, 1),
(575, 241, '', 0, 1),
(576, 241, '', 1, 1),
(577, 242, '', 0, 1),
(578, 242, '', 1, 1),
(579, 243, ' ', 1, 1),
(580, 244, '', 1, 1),
(581, 244, '', 1, 1),
(582, 244, ' ', 1, 1),
(583, 245, '', 1, 1),
(584, 245, '', 1, 1),
(585, 246, '', 0, 1),
(586, 246, '', 0, 1),
(587, 247, '', 1, 1),
(588, 247, '', 1, 1),
(589, 248, '', 1, 1),
(590, 248, ' ', 1, 0),
(591, 248, ' ', 1, 1),
(592, 248, '', 0, 1),
(593, 248, '', 1, 1),
(594, 248, '  ( )', 1, 1),
(595, 249, '', 0, 1),
(596, 249, '', 0, 1),
(597, 250, '', 0, 1),
(598, 250, '', 0, 1),
(599, 250, '', 0, 1),
(600, 251, '', 1, 1),
(601, 251, ' ', 1, 1),
(602, 251, ' ', 1, 1),
(603, 252, '', 0, 1),
(604, 252, '', 0, 1),
(605, 253, ' ', 0, 1),
(606, 254, ' ', 1, 1),
(607, 254, ' ', 1, 0),
(608, 255, '', 1, 0),
(609, 255, ' ', 0, 1),
(610, 256, '', 1, 1),
(611, 256, '', 1, 1),
(612, 256, ' ', 1, 1),
(613, 257, '', 1, 1),
(614, 258, '', 1, 1),
(615, 258, ' ', 1, 1),
(616, 258, ' ', 1, 1),
(617, 259, '', 1, 1),
(618, 260, '', 1, 1),
(619, 260, '', 1, 1),
(620, 261, '', 0, 1),
(621, 261, ' ', 0, 1),
(622, 262, '', 0, 1),
(623, 262, ' ', 0, 1),
(624, 263, '', 0, 1),
(625, 263, ' ', 0, 1),
(626, 264, '', 0, 1),
(627, 265, '', 0, 1),
(628, 265, '', 0, 1),
(629, 266, '', 1, 1),
(630, 266, '', 0, 1),
(631, 266, ' ', 1, 1),
(632, 267, ' ', 1, 1),
(633, 267, ' ', 0, 1),
(634, 268, ' ', 1, 1),
(635, 268, '', 1, 1),
(636, 268, '', 1, 1),
(637, 269, '', 0, 1),
(638, 269, ' ', 0, 1),
(639, 270, ' ', 0, 1),
(640, 270, '', 1, 1),
(641, 271, ' ', 1, 1),
(642, 272, '', 1, 1),
(643, 273, ' ', 1, 1),
(644, 274, '', 1, 1),
(645, 275, ' ', 1, 1),
(646, 275, '', 1, 1),
(647, 276, '', 1, 1),
(648, 276, ' ', 1, 1),
(649, 277, '', 1, 1),
(650, 277, '', 1, 1),
(651, 278, ' ', 1, 1),
(652, 278, '', 1, 1),
(653, 279, '', 0, 1),
(654, 280, '', 1, 1),
(655, 280, '', 1, 1),
(656, 280, '', 0, 1),
(657, 281, ' ', 1, 1),
(658, 282, ' ', 1, 1),
(659, 283, ' ', 1, 1),
(660, 283, '', 0, 1),
(661, 283, '', 1, 1),
(662, 284, '', 0, 1),
(663, 284, ' ', 0, 1),
(664, 285, '', 0, 1),
(665, 285, ' ', 0, 1),
(666, 286, ' ', 1, 1),
(667, 287, ' ', 1, 1),
(668, 287, ' ', 1, 1),
(669, 288, ' ', 1, 1),
(670, 288, ' ', 1, 1),
(671, 289, ' ', 1, 1),
(672, 290, ' ', 1, 1),
(673, 291, '', 1, 1),
(674, 292, '', 0, 1),
(675, 292, ' ', 0, 1),
(676, 293, '', 1, 1),
(677, 293, '', 1, 1),
(678, 293, ' ', 0, 1),
(679, 293, ' ', 1, 1),
(680, 294, '', 0, 1),
(681, 294, ' ', 0, 1),
(682, 295, '', 0, 1),
(683, 295, '', 0, 1),
(684, 295, ' ', 0, 1),
(685, 296, '', 0, 1),
(686, 296, '', 0, 1),
(687, 297, '', 0, 1),
(688, 297, '', 0, 1),
(689, 297, ' ', 0, 1),
(690, 298, ' ', 0, 1),
(691, 299, '', 0, 1),
(692, 299, ' ', 0, 1),
(693, 300, '', 0, 1),
(694, 300, '', 0, 1),
(695, 301, '', 0, 1),
(696, 301, ' ', 0, 1),
(697, 302, '', 0, 1),
(698, 302, '', 0, 1),
(699, 303, '', 1, 0),
(700, 303, '', 1, 0),
(701, 304, '', 1, 0),
(702, 304, '', 1, 0),
(703, 305, '', 1, 1),
(704, 305, ' ', 1, 1),
(705, 306, '', 1, 1),
(706, 306, ' ', 1, 1),
(707, 307, '', 1, 1),
(708, 307, ' ', 1, 1),
(709, 308, '', 1, 1),
(710, 308, ' ', 0, 1),
(711, 309, '', 1, 1),
(712, 309, ' ', 1, 1),
(713, 310, '', 1, 1),
(714, 310, '', 1, 1),
(715, 310, ' ', 1, 1),
(716, 311, '', 1, 1),
(717, 311, ' ', 0, 1),
(718, 312, '', 1, 1),
(719, 312, '', 0, 1),
(720, 312, ' ', 0, 1),
(721, 313, '', 1, 1),
(722, 313, '', 0, 1),
(723, 313, ' ', 0, 1),
(724, 314, '', 1, 1),
(725, 314, '', 0, 1),
(726, 314, ' ', 0, 1),
(727, 315, '', 1, 1),
(728, 315, ' ', 0, 1),
(729, 315, '', 0, 1),
(730, 316, '', 1, 1),
(731, 316, '', 0, 1),
(732, 316, ' ', 0, 1),
(733, 317, '', 1, 1),
(734, 317, '', 0, 1),
(735, 317, '', 0, 1),
(736, 318, '', 1, 1),
(737, 318, '', 0, 1),
(738, 318, ' ', 0, 1),
(739, 319, '', 1, 1),
(740, 319, ' ', 0, 1),
(741, 319, '', 0, 1),
(742, 320, '', 1, 1),
(743, 320, '', 0, 1),
(744, 320, ' ', 0, 1),
(745, 321, '', 1, 1),
(746, 321, '', 1, 1),
(747, 321, ' ', 1, 1),
(748, 321, '', 1, 1),
(749, 322, '', 1, 1),
(750, 322, '', 0, 1),
(751, 322, '', 0, 1),
(752, 323, '', 1, 1),
(753, 323, '', 0, 1),
(754, 323, ' ', 0, 1),
(755, 324, '', 1, 1),
(756, 324, '', 0, 1),
(757, 324, ' ', 0, 1),
(758, 325, '', 1, 1),
(759, 325, '', 0, 1),
(760, 325, ' ', 0, 1),
(761, 326, '', 1, 1),
(762, 326, '', 1, 1),
(763, 326, ' ', 0, 1),
(764, 327, '', 1, 1),
(765, 327, '', 0, 1),
(766, 327, ' ', 0, 1),
(767, 328, '', 1, 1),
(768, 328, '', 0, 1),
(769, 328, ' ', 0, 1),
(770, 329, '', 1, 1),
(771, 329, '', 0, 1),
(772, 330, '', 1, 1),
(773, 330, '', 0, 1),
(774, 330, ' ', 0, 1),
(775, 331, '', 1, 1),
(776, 331, '', 1, 1),
(777, 332, '', 0, 1),
(778, 332, ' ', 1, 1),
(779, 332, ' ', 0, 1),
(780, 333, '', 1, 1),
(781, 333, '  (DoS)', 0, 1),
(782, 333, ' ', 0, 1),
(783, 334, ' ', 1, 1),
(784, 334, '/ ', 1, 1),
(785, 335, ' ', 1, 1),
(786, 335, '', 1, 1),
(787, 335, '', 1, 1),
(788, 336, '', 1, 0),
(789, 336, '/ ', 0, 1),
(790, 337, ' ', 1, 1),
(791, 337, '', 1, 1),
(792, 337, '', 0, 1),
(793, 338, '', 1, 1),
(794, 338, '', 0, 1),
(795, 339, '', 0, 1),
(796, 339, '', 1, 1),
(797, 339, '', 1, 1),
(798, 340, ' ', 0, 1),
(799, 340, '', 1, 0),
(800, 341, '', 1, 1),
(801, 341, '', 0, 1),
(802, 342, '', 1, 1),
(803, 342, '', 0, 1),
(804, 343, '', 1, 0),
(805, 343, '', 0, 1),
(806, 344, '. .', 1, 1),
(807, 344, '', 1, 1),
(808, 344, '/ ', 1, 1),
(809, 345, '', 1, 1),
(810, 345, '. .', 1, 1),
(811, 345, '', 0, 1),
(812, 345, ' ', 1, 0),
(813, 345, ' ', 1, 1),
(814, 345, '', 1, 1),
(815, 345, '', 1, 1),
(816, 345, '', 1, 1),
(817, 345, ' ', 1, 1),
(818, 345, ' ', 1, 1),
(819, 345, '', 1, 1),
(820, 346, '', 1, 1),
(821, 346, '. .', 1, 1),
(822, 346, '', 1, 0),
(823, 346, ' ', 1, 1),
(824, 346, ' ', 1, 1),
(825, 346, '', 1, 0),
(826, 346, '', 1, 1),
(827, 346, '', 1, 1),
(828, 346, '', 0, 1),
(829, 346, '', 1, 1),
(830, 346, ' ', 1, 1),
(831, 346, ' ', 1, 1),
(832, 346, '', 1, 0),
(833, 346, '  (DoS)', 1, 0),
(834, 346, ' ', 1, 0),
(835, 346, '', 1, 0),
(836, 346, ' ', 1, 0),
(837, 346, '/ ', 1, 1),
(838, 346, ' ', 1, 0),
(839, 346, '', 1, 0),
(840, 346, '  ( )', 1, 0),
(841, 347, '', 0, 1),
(842, 347, ' ', 0, 1),
(843, 347, '', 0, 1),
(844, 347, '', 1, 1),
(845, 348, '', 1, 1),
(846, 348, '', 0, 1),
(847, 348, '', 0, 1),
(848, 348, '', 0, 1),
(849, 348, ' ', 0, 1),
(850, 349, '', 0, 1),
(851, 349, '', 1, 1),
(852, 349, ' ', 1, 1),
(853, 350, '', 0, 1),
(854, 350, ' ', 0, 1),
(855, 350, ' ', 0, 1),
(856, 351, '', 1, 1),
(857, 351, '', 1, 1),
(858, 351, '', 0, 1),
(859, 351, ' ', 1, 1),
(860, 352, '', 1, 1),
(861, 352, ' ', 0, 1),
(862, 353, ' ', 0, 1),
(863, 353, ' ', 0, 1),
(864, 353, '', 0, 1),
(865, 354, ' ', 0, 1),
(866, 354, '', 0, 1),
(867, 355, '. ', 0, 1),
(868, 355, '', 0, 1);


CREATE TABLE `servicetimedetails` (
  `id` bigint NOT NULL,
  `intro_id` bigint DEFAULT NULL,
  `rCertainTime` varchar(200) NOT NULL,
  `rCertainDays` varchar(200) NOT NULL,
  `rWorld` varchar(200) NOT NULL,
  `rInvestmentTime` varchar(200) NOT NULL,
  `rInvestmentWeek` varchar(200) NOT NULL,
  `rPlace` varchar(255) NOT NULL,
  `rDescription` varchar(5000) NOT NULL
);

INSERT INTO `servicetimedetails` (`id`, `intro_id`, `rCertainTime`, `rCertainDays`, `rWorld`, `rInvestmentTime`, `rInvestmentWeek`, `rPlace`, `rDescription`) VALUES
(149, 1, '5 days', ' ', '  ', '9 days', ' ', ' ', 'all is well'),
(150, 3, '6 days', ' ', ' ', '9 days', ' ', '  ', 'everything well'),
(151, 4, '7 days', '', '  ', '15 days', '', '  ', ''),
(153, 6, '5 days ', '', '  ', '5 days', '', '  ', 'well'),
(154, 7, '4', ' ', ' ', '15', '', ' ', ''),
(155, 8, '3', ' ', '  ', '15', '', '  ', ''),
(156, 9, '5 days', ' ', '  ', '4 days', ' ', ' ', 'some thing is happing !'),
(157, 16, '10 days', '', '', '', '', '', ''),
(158, 18, '15 days', '', '', '', '', '', ''),
(159, 19, '4', ' ', '  ', '7', '', ' ', ''),
(160, 20, '10', ' ', '  ', '15', '', '  ', ''),
(161, 21, '5', ' ', '  ', '7', ' ', ' ', ''),
(162, 23, '1', ' ', '  ', '10', '', ' ', ''),
(163, 24, '1', ' ', '  ', '10', '', ' ', ''),
(164, 25, '1', ' ', '  ', '5', '', '  ', ''),
(165, 26, '1', ' ', '  ', '5', '', '  ', ''),
(166, 27, '7', '', ' ', '7', '', ' ', ''),
(167, 28, '7', ' ', '  ', '15', ' ', '  ', ''),
(168, 29, '1', ' ', '  ', '15', '', '  ', ''),
(169, 30, '2', ' ', '  ', '2', ' ', '  ', ''),
(170, 31, '2', ' ', '  ', '2', ' ', '  ', ''),
(171, 32, '3', ' ', '  ', '7', ' ', '  ', ''),
(172, 33, '7', ' ', ' ', '7', ' ', ' ', ''),
(173, 34, '7', ' ', ' ', '7', ' ', ' ', ''),
(174, 35, '7', ' ', ' ', '7', ' ', ' ', ''),
(175, 36, '7', ' ', ' ', '7', ' ', ' ', ''),
(176, 37, '1', ' ', '', '1', '', '', ''),
(177, 38, '1', ' ', '  ', '1', ' ', '  ', ''),
(178, 39, '2', ' ', '  ', '2', ' ', '  ', ''),
(179, 40, '1', ' ', '  ', '3', ' ', '  ', ''),
(180, 41, '1', ' ', '  ', '3', ' ', '  ', ''),
(181, 42, '3', ' ', '  ', '7', ' ', ' ', ''),
(182, 43, '7', ' ', ' ', '7', ' ', ' ', ''),
(183, 44, '3', ' ', '  ', '5', ' ', ' ', ''),
(184, 45, '4', '', '  ', '5', '', '', ''),
(185, 46, '1', ' ', '  ', '15', '', '  ', ''),
(186, 47, '1', ' ', '  ', 'n/a', '', '', ''),
(187, 48, '1', ' ', '  ', '1', ' ', '  ', ''),
(188, 49, '2', '', '  ', '2', '', '  ', 'form no 5792'),
(189, 50, '1', '', '  ', '0', '', '', ''),
(190, 51, '1', '', '  ', '0', '', '', ''),
(191, 52, '1', '', '  ', '0', '', '', ''),
(192, 53, '1', '', '  ', '0', '', '', ''),
(193, 54, '4', '', '  ', '0', '', '', ''),
(194, 55, '3', '', '  ', '3', '', '  ', ''),
(195, 56, '4', '', '  ', '10', '', ' ', ''),
(307, 57, '2', '', '  ', '0', '', '', 'samaya dina NASAKNE'),
(308, 75, '3', '', '  ', '5', '', ' ', ''),
(309, 76, '5', '', ' ', '4', '', ' ', ''),
(310, 77, '2', ' ', '  ', '3', '', '  ', ''),
(311, 78, '5 days', ' ', '  ', '7 days', '', '', ''),
(312, 88, '5 days', '', ' ', '7 days', '', ' ', ''),
(313, 89, '10 days', '', ' ', '10 days', '', ' ', ''),
(314, 90, '5 days', ' ', '  ', '7 days', ' ', ' ', ''),
(315, 91, '2', '', '  ', '2', '', ' ', ''),
(316, 92, '5', ' ', ' ', '5 ', ' ', ' ', ''),
(317, 93, '2', ' ', '  ', '2', ' ', '  ', ''),
(318, 94, '15 DAYS', ' ', ' ', '15 DAYS', '', ' ', ''),
(319, 95, '3 days', ' ', '  ', '3 days', ' ', ' ', ''),
(320, 96, '1', ' ', '  ', '10 days', '', '  ', ''),
(321, 97, '1', '', '  ', '30 days', '', '  ', ''),
(322, 98, '3 days ', ' ', '  ', '11 days', ' ', '  ', ''),
(323, 99, '2 daYS', ' ', ' ', '11 days', '', ' ', ''),
(324, 100, '7 days', ' ', '  ', '7 days', '', '  ', ''),
(325, 101, '2', '', '  ', '2', '', '  ', ''),
(326, 102, '2', '', '  ', '2', ' ', '  ', ''),
(327, 103, '2 daYS', ' ', '  ', '3 days', ' ', '  ', ''),
(328, 104, '1', '', '  ', '4', '', ' ', ''),
(329, 105, '3 days ', ' ', '  ', '10 days', ' ', ' ', ''),
(330, 106, '7', ' ', '  ', '7', ' ', ' ', ''),
(331, 107, '2', ' ', '  ', '2', ' ', ' ', ''),
(332, 108, '5', '', ' ', '30', '', ' ', ''),
(333, 109, '5', '', '  ', '5', ' ', '  ', ''),
(334, 110, '4', '', '  ', '2', '', ' ', ''),
(335, 111, '5', '', '  ', '30', '', ' ', ''),
(336, 112, '10', '', ' ', '10', '', ' ', ''),
(337, 113, '1', ' ', '  ', '1', ' ', '  ', ''),
(338, 114, '5 days', ' ', '  ', '5 ', '', '  ', ''),
(339, 115, '4 days', '', ' ', '7 days', '', ' ', ''),
(340, 116, '1', ' ', '  ', '1', ' ', '  ', ''),
(341, 117, '5', ' ', ' ', '10 days', ' ', ' ', ''),
(342, 118, '7 ', ' ', '  ', '7 days', ' ', '  ', ''),
(343, 119, '7 days', ' ', ' ', '7 days', ' ', ' ', ''),
(344, 120, '5 DAYS', ' ', ' ', '7 days', ' ', '', ''),
(345, 121, '3 days ', ' ', ' ', '7 days', ' ', ' ', ''),
(346, 122, '1', ' ', '  ', '1', ' ', ' ', ''),
(347, 123, '5 days', ' ', '  ', '7 days', ' ', '  ', ''),
(348, 124, '2 daYS', ' ', '  ', '2 days', ' ', '  ', ''),
(349, 125, '9 ', '', ' ', '7 days', '', ' ', ''),
(350, 126, '7 days', ' ', '  ', '7 days', ' ', ' ', ''),
(351, 127, '7 days', ' ', '  ', '7 days', ' ', '  ', ''),
(352, 128, '7 days', ' ', ' ', '15 DAYS', '', ' ', ''),
(353, 129, '5 days', ' ', '  ', '15 DAYS', ' ', ' ', ''),
(354, 130, '5 days', ' ', '  ', '5 ', '', ' ', ''),
(355, 131, '1month', '', '  ', '3 days', ' ', ' ', ''),
(356, 132, '10 days', ' ', ' ', '10 days', ' ', ' ', ''),
(357, 133, '5 days', ' ', '  ', '7 days', ' ', ' ', ''),
(358, 134, '1', ' ', '  ', '1', ' ', '  ', ''),
(359, 135, '8 days', ' ', ' ', '7 days', ' ', ' ', ''),
(360, 136, '7', '', '  ', '7', ' ', ' ', ''),
(361, 137, '1', ' ', '  ', '7', ' ', ' ', ''),
(362, 138, '5', ' ', '  ', '3', ' ', ' ', ''),
(363, 139, '3', '', '  ', '10', '', ' ', ''),
(364, 140, '4', '', '  ', '3', '', ' ', ''),
(365, 141, '4', '', '', '1', ' ', ' ', ''),
(366, 142, '7 days', ' ', '  ', '7 days', '', '  ', ''),
(367, 143, '4 days', '', ' ', '5 days', '', ' ', ''),
(368, 144, '7 days', ' ', '  ', '7 days', '', '  ', ''),
(369, 145, '7 days', ' ', '  ', '30 days', '', ' ', ''),
(370, 146, '5 days', '', ' ', '7 days', '', ' ', ''),
(371, 147, '7 days', '', ' ', '8 DAYS', '', ' ', ''),
(372, 148, '3 days ', ' ', '  ', '7 days', '', '  ', ''),
(373, 149, '15 DAYS', ' ', '  ', '15 DAYS', ' ', '  ', ''),
(374, 150, '2 hour per day', ' ', '  ', '7 days', '', '  ', ''),
(375, 151, '10 days', '', '  ', '10 days', '', ' ', ''),
(376, 152, '15 DAYS', ' ', '  ', '15 DAYS', '', '  ', ''),
(377, 153, '4', '', '  ', '4', '', ' ', ''),
(378, 154, '4', '', '  ', '30', '', '  ', ''),
(379, 155, '2', '', '  ', '2', '', '  ', ''),
(380, 156, '7', ' ', '  ', '4', '', '  ', ''),
(381, 157, '4', '', '  ', '4', '', ' ', ''),
(382, 158, '4 days', '', '  ', '6 days', '', '', ''),
(383, 159, '1', '', '  ', '1', '', '  ', ''),
(384, 160, '7 days', '', '  ', '7 days', '', '  ', ''),
(385, 161, '1', '', '  ', '1', '', '  ', ''),
(386, 162, '10 days', '', '  ', '10 days', '', '  ', ''),
(387, 163, '1', ' ', '  ', '1', ' ', '  ', ''),
(388, 164, '1', '', '  ', '1', '', '  ', ''),
(389, 165, '8', '', '  ', '2 days', '', '  ', ''),
(390, 166, '1', ' ', '  ', '1', ' ', '  ', ''),
(391, 167, '3 days ', ' ', '  ', '2 days', ' ', '  ', ''),
(392, 168, '10 days', ' ', ' ', '15 DAYS', ' ', ' ', ''),
(393, 169, '5 days', ' ', ' ', '5 days', ' ', ' ', ''),
(394, 170, '2', '', '  ', '2', '', '  ', ''),
(395, 171, '1', '', '  ', '1', ' ', '  ', ''),
(396, 172, '3', '', '  ', '3', '', '  ', ''),
(397, 173, '1', '', '  ', '1', '', ' ', ''),
(398, 174, '5', '', '  ', '7', '', '  ', ''),
(399, 175, '4', '', '  ', '4', '', '  ', ''),
(400, 176, '7', '', ' ', '4', '', ' ', ''),
(401, 177, '3 days ', ' ', '  ', '7 days', ' ', ' ', ''),
(402, 178, '2 daYS', ' ', '  ', '7 days', ' ', ' ', ''),
(403, 179, '3 days ', ' ', ' ', '3 days', ' ', ' ', ''),
(404, 180, '5 days', ' ', ' ', '5 days', '', '', 'testing description'),
(405, 181, '1', '', '  ', '7', '', '  ', ''),
(406, 182, '15', '', '  ', '15', '', '  ', ''),
(407, 183, '1', '', '  ', '1', '', '  ', ''),
(408, 184, '3', ' ', ' ', '3', ' ', ' ', ''),
(409, 186, '1', '', '  ', '1', '', '  ', ''),
(410, 187, '2 days', ' ', ' ', '2 days', ' ', ' ', ''),
(411, 188, '7', ' ', '  ', '1 month', '', ' ', ''),
(412, 189, '2', '', '  ', '7', '', ' ', ''),
(413, 190, '6', '', '  ', '7', '', ' ', ''),
(414, 191, '4', '', ' ', '30', '', ' ', ''),
(415, 192, '7', '', '  ', '3', '', '  ', ''),
(416, 193, '3', '', '  ', '5', '', '  ', ''),
(417, 194, '1', '', '  ', '7', '', '  ', ''),
(418, 195, '1', '', '  ', '7', '', '  ', ''),
(419, 196, '7', '', '  ', '7', '', '  ', ''),
(420, 197, '5', '', '  ', '15', '', '  ', ''),
(421, 198, '7', ' ', '  ', '15', '', '  ', ''),
(422, 199, '3', '', '  ', '7', '', '  ', ''),
(423, 200, '1', ' ', '  ', '1', ' ', '  ', ''),
(424, 201, '5', ' ', '  ', '7', '', '  ', ''),
(425, 202, '1', ' ', '  ', '3', '', '  ', ''),
(426, 203, '5', '', '  ', '15', '', '  ', ''),
(427, 204, '2', '', ' ', '5', '', ' ', ''),
(428, 205, '1', '', '  ', '7', '', ' ', ''),
(429, 206, '1', '', '  ', '10', '', '  ', ''),
(430, 207, '7', '', '  ', '15', '', ' ', ''),
(431, 208, '5', '', '  ', '20', '', ' ', ''),
(432, 209, '7', '', '  ', '7', '', '  ', ''),
(433, 210, '3', '', '  ', '7', '', '  ', ''),
(434, 211, '1', '', '  ', '7', '', '  ', ''),
(435, 212, '1', '', '  ', '7', '', '  ', ''),
(436, 213, '2', '', '  ', '7', '', '  ', ''),
(437, 214, '7', '', '  ', '7', '', '  ', ''),
(438, 215, '1', '', '  ', '7', '', '  ', ''),
(439, 216, '5', '', '  ', '7', '', ' ', ''),
(440, 217, '1', '', '  ', '1', '', '  ', ''),
(441, 218, '2', '', '  ', '3', '', '  ', ''),
(442, 219, '1', '', '  ', '7', '', '  ', ''),
(443, 220, '2', '', '  ', '3', '', '  ', ''),
(444, 221, '1', '', '  ', '6', '', '  ', ''),
(445, 222, '1', '', '  ', '3', '', '  ', ''),
(446, 223, '2', '', '  ', '7', '', '  ', ''),
(447, 224, '7', '', '  ', '10', '', ' ', ''),
(448, 225, '2', '', '  ', '3', '', '  ', ''),
(449, 226, '3', '', '  ', '7', '', ' ', ''),
(450, 227, '7', '', '  ', '2', '', '  ', ''),
(451, 228, '1', '', '  ', '2', '', '  ', ''),
(452, 229, '3', '', '  ', '7', ' ', '  ', ''),
(453, 230, '3', '', '  ', '30', '', ' ', ''),
(454, 231, '1', '', '  ', '2', '', '  ', ''),
(455, 232, '4', '', '  ', '15', '', '  ', ''),
(456, 233, '2', '', '  ', '1', '', '  ', ''),
(457, 234, '1', '', '  ', '7', '', '  ', ''),
(458, 235, '1', '', '  ', '14', '', '  ', ''),
(459, 236, '1', '', '  ', '7', ' ', '  ', ''),
(460, 237, '30', '', '  ', '30', '', '  ', ''),
(461, 238, '1', '', '  ', '1', '', '  ', ''),
(462, 239, '3', '', '  ', '7', '', '  ', ''),
(463, 240, '1', '', '  ', '2', '', '  ', ''),
(464, 241, '4', '', '  ', '7', ' ', '  ', ''),
(465, 242, '10', '', ' ', '15', '', ' ', ''),
(466, 243, '7', '', '  ', '7', '', '  ', ''),
(467, 244, '12', '', ' ', '15', '', ' ', ''),
(468, 245, '7', '', ' ', '10', '', ' ', ''),
(469, 246, '10', '', ' ', '10', '', ' ', ''),
(470, 247, '10', '', ' ', '10', '', ' ', ''),
(471, 248, '15', '', '  ', '15', '', '  ', ''),
(472, 249, '10', '', '  ', '10', '', '  ', ''),
(473, 250, '5', '', '  ', '5', '', '  ', ''),
(474, 251, '15', '', '  ', '7', '', '  ', ''),
(475, 252, '1', ' ', '  ', '3', '', '  ', ''),
(476, 253, '2', '', '  ', '3', '', '  ', ''),
(477, 254, '2', ' ', '  ', '7', '', '  ', ''),
(478, 255, '1', '', '  ', '1', '', '  ', ''),
(479, 256, '3', ' ', ' ', '3', ' ', ' ', ''),
(480, 257, '1', ' ', '  ', '1', '', '  ', ''),
(481, 258, '1', ' ', '  ', '2', '', ' ', ''),
(482, 259, '2', ' ', '  ', '5', '', '  ', ''),
(483, 260, '5', ' ', '  ', '5', ' ', ' ', ''),
(484, 261, '5', '', ' ', '15', '', ' ', ''),
(485, 262, '1', ' ', '  ', '5', '', ' ', ''),
(486, 263, '1', ' ', '  ', '7', '', ' ', ''),
(487, 264, '1', ' ', '  ', '10', '', ' ', ''),
(488, 265, '1', ' ', '  ', '10', '', ' ', ''),
(489, 266, '2', ' ', ' ', '15', '', ' ', ''),
(490, 267, '2', ' ', '  ', '3', '', '  ', ''),
(491, 268, '3', '', '  ', '30', '', ' ', ''),
(492, 269, '1', ' ', '  ', '5', '', ' ', ''),
(493, 270, '7', ' ', '  ', '7', ' ', '  ', ''),
(494, 271, '7', '', '  ', '7', '', '  ', ''),
(495, 272, '7', ' ', '  ', '7', ' ', '  ', ''),
(496, 273, '7', ' ', '  ', '7', ' ', '  ', ''),
(497, 274, '6', ' ', '  ', '6', ' ', '  ', ''),
(498, 275, '6', ' ', '  ', '6', ' ', '  ', ''),
(499, 276, '6', ' ', '  ', '6', ' ', '  ', ''),
(500, 277, '7', ' ', '  ', '7', ' ', '  ', ''),
(501, 278, '7', '', '  ', '7', '', '  ', ''),
(502, 279, '2', '', '  ', '1', ' ', '  ', ''),
(503, 280, '1', '', '  ', '7', '', ' ', ''),
(504, 281, '1', ' ', '  ', '2', ' ', '  ', ''),
(505, 282, '2', ' ', '  ', '5', '', ' ', ''),
(506, 283, '1', ' ', '  ', '3', ' ', '  ', ''),
(507, 284, '2', ' ', '  ', '2', ' ', '  ', ''),
(508, 285, '2', ' ', '  ', '2', ' ', '  ', ''),
(509, 286, '1', '', '  ', '1', '', '  ', ''),
(510, 287, '2', ' ', '  ', '10', '', '  ', ''),
(511, 288, '1', ' ', '  ', '10', '', '  ', ''),
(512, 289, '1', '', '  ', '5', '', '  ', ''),
(513, 290, '1', ' ', '  ', '5', '', '  ', ''),
(514, 291, '1', ' ', '  ', '10', '', ' ', ''),
(515, 292, '1', ' ', '  ', '2', '', '  ', ''),
(516, 293, '20', '', '  ', '15', '', ' ', ''),
(517, 294, '7', '', '  ', '7', '', ' ', ''),
(518, 295, '1', ' ', '  ', '4', '', '  ', ''),
(519, 296, '3', ' ', '  ', '3', '', '  ', ''),
(520, 297, '2', ' ', '  ', '2', ' ', '  ', ''),
(521, 298, '4', '', '  ', '10', '', ' ', ''),
(522, 299, '4', '', '  ', '5', '', ' ', ''),
(523, 300, '15', '', '  ', '10', '', '  ', ''),
(524, 301, '15', '', '  ', '15', '', '  ', ''),
(525, 302, '1', ' ', '  ', '3', '', '  ', ''),
(526, 303, '1', ' ', ' ', '1', '', ' ', ''),
(527, 304, '2', ' ', '  ', '15', ' ', ' ', ''),
(528, 305, '2', ' ', '  ', '15', ' ', ' ', ''),
(529, 306, '2', ' ', '  ', '15', ' ', ' ', ''),
(530, 307, '1', ' ', '  ', '1', '', '  ', ''),
(531, 308, '1', ' ', '  ', '5', '', '  ', ''),
(532, 309, '5', '', '  ', '7', '', '  ', ''),
(533, 310, '7', '', '  ', '10', '', ' ', ''),
(534, 311, '7', '', '  ', '10', '', '  ', ''),
(535, 312, '10', '', '  ', '10', '', ' ', ''),
(536, 313, '7', '', '  ', '10', '', '  ', ''),
(537, 314, '7', '', '  ', '10', '', '  ', ''),
(538, 315, '5', '', '  ', '3', ' ', '  ', ''),
(539, 316, '7', '', '  ', '10', '', ' ', ''),
(540, 317, '7', '', '  ', '15', '', '  ', ''),
(541, 318, '7', '', '  ', '10', '', '  ', ''),
(542, 319, '7', '', '  ', '5', '', '  ', ''),
(543, 320, '7', '', '  ', '5', '', '  ', ''),
(544, 321, '10', '', '  ', '15', '', ' ', ''),
(545, 322, '7', '', '  ', '10', '', ' ', ''),
(546, 323, '4', '', '  ', '4', '', '  ', ''),
(547, 324, '7', '', '  ', '10', '', ' ', ''),
(548, 325, '7', '', '  ', '15', '', ' ', ''),
(549, 326, '5', '', '  ', '7', '', '  ', ''),
(550, 327, '5', '', '  ', '7', '', '  ', ''),
(551, 328, '7', '', ' ', '15', '', ' ', ''),
(552, 329, '4', '', '  ', '5', '', '  ', ''),
(553, 330, '7', '', '  ', '10', '', ' ', ''),
(554, 331, '3', ' ', '  ', '15', ' ', '  ', ''),
(555, 332, '3', '', '  ', '10', '', '  ', ''),
(556, 333, '7', '', '  ', '15', '', '  ', ''),
(557, 334, '3', '', '  ', '15', ' ', '  ', ''),
(558, 335, '2', ' ', '  ', '7', ' ', '  ', ''),
(559, 336, '2', ' ', '  ', '7', ' ', '  ', ''),
(560, 337, '7', '', '  ', '15', ' ', '  ', ''),
(561, 338, '3', '', '  ', '7', ' ', '  ', ''),
(562, 339, '2', ' ', '  ', '2', ' ', '  ', ''),
(563, 340, '4', ' ', '  ', '7', ' ', '  ', ''),
(564, 341, '2', ' ', '  ', '7', ' ', '  ', ''),
(565, 342, '3', '', '  ', '7', ' ', '  ', ''),
(566, 343, '3', '', '  ', '7', ' ', '  ', ''),
(567, 344, '5', '', '  ', '15', ' ', ' ', ''),
(568, 345, '7 days', '', '  ', '1 month', '', '  ', ''),
(569, 346, '15', ' ', ' ', '15', ' ', ' ', ''),
(570, 347, '1 DAY', ' ', '  ', '7 DAYS', ' ', '  ', ''),
(571, 348, '7 days', '', '  ', '15 DAYS', '', '  ', ''),
(572, 349, '7 days', '', '  ', '15 DAYS', '', ' ', ''),
(573, 350, '7 days', '', '  ', '7 DAYS', '', ' ', ''),
(574, 351, '7 days', '', ' ', '7 DAYS', '', ' ', ''),
(575, 352, '7 days', '', '  ', '7 DAYS', '', ' ', ''),
(576, 353, '02', '', '  ', '02', '', '  ', ''),
(577, 354, '10 DAYS', '', '  ', '10 DAYS', '', '  ', ''),
(578, 355, '15 DAYS', ' ', '  ', '15 DAYS', ' ', '  ', '');

ALTER TABLE `admin`
  ADD PRIMARY KEY (`id`);


ALTER TABLE `agps`
  ADD PRIMARY KEY (`id`),
  ADD KEY `intro_id` (`intro_id`);

ALTER TABLE `alternative_contact`
  ADD PRIMARY KEY (`id`),
  ADD KEY `alternative_contact_ibfk_1` (`intro_id`);

ALTER TABLE `background_image`
  ADD PRIMARY KEY (`id`);


ALTER TABLE `currentaddress`
  ADD PRIMARY KEY (`id`),
  ADD KEY `intro_id` (`intro_id`);

ALTER TABLE `event`
  ADD PRIMARY KEY (`id`);

ALTER TABLE `healthdetails`
  ADD PRIMARY KEY (`id`),
  ADD KEY `intro_id` (`intro_id`);


ALTER TABLE `introductiondetails`
  ADD PRIMARY KEY (`id`),
  ADD KEY `introductiondetails_ibfk_1` (`login_user`);

ALTER TABLE `languagedetails`
  ADD PRIMARY KEY (`id`),
  ADD KEY `intro_id` (`intro_id`);

ALTER TABLE `login_det`
  ADD PRIMARY KEY (`id`);

ALTER TABLE `notification`
  ADD PRIMARY KEY (`id`);

ALTER TABLE `otp`
  ADD PRIMARY KEY (`id`);


ALTER TABLE `permanentaddress`
  ADD PRIMARY KEY (`id`),
  ADD KEY `intro_id` (`intro_id`);


ALTER TABLE `servicedepartment`
  ADD PRIMARY KEY (`id`),
  ADD KEY `intro_id` (`intro_id`);

ALTER TABLE `servicetimedetails`
  ADD PRIMARY KEY (`id`);


ALTER TABLE `admin`
  MODIFY `id` bigint NOT NULL AUTO_INCREMENT, AUTO_INCREMENT=2;


ALTER TABLE `agps`
  MODIFY `id` bigint NOT NULL AUTO_INCREMENT, AUTO_INCREMENT=680;


ALTER TABLE `alternative_contact`
  MODIFY `id` bigint NOT NULL AUTO_INCREMENT, AUTO_INCREMENT=508;


ALTER TABLE `background_image`
  MODIFY `id` bigint NOT NULL AUTO_INCREMENT, AUTO_INCREMENT=2;


ALTER TABLE `currentaddress`
  MODIFY `id` bigint NOT NULL AUTO_INCREMENT, AUTO_INCREMENT=797;


ALTER TABLE `event`
  MODIFY `id` bigint NOT NULL AUTO_INCREMENT, AUTO_INCREMENT=131;


ALTER TABLE `healthdetails`
  MODIFY `id` bigint NOT NULL AUTO_INCREMENT, AUTO_INCREMENT=777;


ALTER TABLE `introductiondetails`
  MODIFY `id` bigint NOT NULL AUTO_INCREMENT, AUTO_INCREMENT=356;


ALTER TABLE `languagedetails`
  MODIFY `id` bigint NOT NULL AUTO_INCREMENT, AUTO_INCREMENT=777;


ALTER TABLE `login_det`
  MODIFY `id` bigint NOT NULL AUTO_INCREMENT, AUTO_INCREMENT=70;


ALTER TABLE `notification`
  MODIFY `id` bigint NOT NULL AUTO_INCREMENT, AUTO_INCREMENT=10;


ALTER TABLE `otp`
  MODIFY `id` bigint NOT NULL AUTO_INCREMENT, AUTO_INCREMENT=2;


ALTER TABLE `permanentaddress`
  MODIFY `id` bigint NOT NULL AUTO_INCREMENT, AUTO_INCREMENT=795;


ALTER TABLE `servicedepartment`
  MODIFY `id` bigint NOT NULL AUTO_INCREMENT, AUTO_INCREMENT=869;


ALTER TABLE `servicetimedetails`
  MODIFY `id` bigint NOT NULL AUTO_INCREMENT, AUTO_INCREMENT=579;


ALTER TABLE `agps`
  ADD CONSTRAINT `agps_ibfk_1` FOREIGN KEY (`intro_id`) REFERENCES `introductiondetails` (`id`);


ALTER TABLE `alternative_contact`
  ADD CONSTRAINT `alternative_contact_ibfk_1` FOREIGN KEY (`intro_id`) REFERENCES `introductiondetails` (`id`) ON DELETE RESTRICT ON UPDATE RESTRICT;


ALTER TABLE `currentaddress`
  ADD CONSTRAINT `currentaddress_ibfk_1` FOREIGN KEY (`intro_id`) REFERENCES `introductiondetails` (`id`);


ALTER TABLE `healthdetails`
  ADD CONSTRAINT `healthdetails_ibfk_1` FOREIGN KEY (`intro_id`) REFERENCES `introductiondetails` (`id`);


ALTER TABLE `introductiondetails`
  ADD CONSTRAINT `introductiondetails_ibfk_1` FOREIGN KEY (`login_user`) REFERENCES `login_det` (`id`) ON DELETE RESTRICT ON UPDATE RESTRICT;

ALTER TABLE `languagedetails`
  ADD CONSTRAINT `languagedetails_ibfk_1` FOREIGN KEY (`intro_id`) REFERENCES `introductiondetails` (`id`);

ALTER TABLE `permanentaddress`
  ADD CONSTRAINT `permanentaddress_ibfk_1` FOREIGN KEY (`intro_id`) REFERENCES `introductiondetails` (`id`);

ALTER TABLE `servicedepartment`
  ADD CONSTRAINT `servicedepartment_ibfk_1` FOREIGN KEY (`intro_id`) REFERENCES `introductiondetails` (`id`);
COMMIT;


